65,01:05.....don't know why I want to see this part again and again ğŸ˜…,0
181,"3:01 **pause to see it**





*rare footage of justin seagull*",1
262,"4:22 
CALM DOWN SIRğŸ¥µ",2
202,"3:22 vminhope combo is so deadly.
fight me",1
138,"2:18 
jin was like ""aye jhope not yet nuh uh,  aaaand there go in""",4
233,3:53 connecting lines between Jin and Jung Kook. Jinkook rules.,2
240,4:00 jin's little mistake,0
18,0:18 - 0:21 Tae and Rm went from  smiling to professional in a matter of seconds,1
201,"03:21
Everyone: VMINHOPE BREAKDANCE
ME: OoO look there is a plane in fhe background.. DID U SAW THAT THERE IS A PLANE THERE!!",0
18,"0:18 Rm and V were smiling to each other and then tae's part came and he just said ""wait a minute imma be hot over there and we finish this later ok hyung?"" his face completely changed. The duality is amazing.",7
136,"2:16
 I've just realized that Jin playing some kind of ""in the middle"" role in here. I mean there's 2 type of dance in between",1
86,1:26 why did Tae rub his head kinda uncomfortably?,0
185,3:05 did anyone notice jungkook feet move (Â°oÂ°),5
233,3:53 did... did j-hope just hit the woah?ğŸ˜³,1
156,"2:36 Jin, Rm, Suga, J-hope, V, Jimin, Jungkook. The oldest to youngest",14
144,2:24 taetae get injured ğŸ˜­,0
155,2:35 they all stand according to their ageğŸ˜­ğŸ’œ,0
114,1:54 me fighting,0
119,1:59 they didn't actually hold the sticks but they still bent down to keep the sticks,0
262,"4:22
Jimin Don't Be So Sexy",0
273,4:33 wtf drone,0
236,"3:56 Jungkook talking about 'Indonesia'?

Sorry if wrong, I just asked",4
195,"3:15 I have a crush on those boys
Could you tell me their names?",2
178,2:58 me encanta como mueve el cuello jungkok,1
99,1:39  look at lil meow meow feeties omggjfjfjdjshshsbd,0
255,4:15 JIMIN. BRO. JIMIN.,0
239,3:59 jin make a mistake,0
217,"3:37 can someone say that Jin didn't knew how to dance before?....just look at him, so flawless",353
86,"1:26 
jhope
footwork â¤
best in the world
legend my bias",10
137,"2:17 
this part is so pleasing ğŸ˜",0
238,"3:58
*It was at this moment when world wide handsome knew that he f'd up*",0
274,"4:34
*ON:* ""Bring The Pain Oh yeah""
*Drone:* ""OK, It's my time to shine"" **WEEEEEEEEOOOOOOUUUUUUU VRRRROOMM VRROOOMM**
4:40
*Drone:* ""So this is how it feels when you're in the spotlight...I want more"" **WEEEEEEEEEEEOOOOOOUUUUUU 10X HIGHER**",3
171,2:51 jimin casually walking behind jungkook,5
93,"1:33
This one for 18+",0
196,3:16 dugghhğŸ˜¯ğŸ˜¯,0
99,1:39 YOONGIIIII WHY SO CUTE !!!!ğŸ˜–ğŸ˜–,2
189,3:09 what is it?,0
64,1:04,0
32,"0:32 woah Iâ€™m so impressed by how quickly rm can follow the drone? Like he keeps eye contact the whole time while it goes by so fast and heâ€™s still doing the movements? I can barely look in the correct spot for a picture when the cameraâ€™s stationary, let alone flying around",201
280,4:40 J HHOOOOOPEEEEâ¤ï¸â¤ï¸â¤ï¸â¤ï¸â¤ï¸â¤ï¸ğŸ˜­ğŸ˜­ğŸ˜­ğŸ˜ŸğŸ˜ŸğŸ˜ŸğŸ˜µğŸ˜µğŸ˜«ğŸ˜«,2
18,00:18 RM and V smiling to each other OMG MY VMON/TAEJOON HEART ğŸ˜­ğŸ˜­ğŸ˜­ğŸ˜­,104
170,"2:50
Jungkook: pouring his soul out
Jimin: Imma just walk on by",456
201,"3:21
JK being out of frame for a while",0
156,2:36 I never noticed theyâ€™re in age order!,682
202,"3:22 this combo is deadly jimin,tae and jhope were perfect",727
280,4:40 Jhope Ã¶ldÃ¼ ellamm jdjdjd,0
200,"3:20
Idk who made this sound
NAWEEEEEEW",3
46,"0:46
Namjoon: *im gonna freakin hit this drone*

Drone: *_yeet not today sir_*",13
67,1:07,0
66,1:06,0
65,1:05 and a woah,0
11,0:11,0
143,2:23 omg taetae ğŸ˜” stay the safest ğŸ˜š and always be careful (to every member as well ğŸ’œ,39
209,3:29,0
240,4:00 is so aesthetically pleasing when all their shadows line up straight! <3,75
200,3:20 is like..........WWOOOOOWWWW,2
86,1:26 íƒœí˜•ì˜¤ë¹  ë¨¸ë¦¬ ëµí•œ ê²ƒê°™ì€ë°..,1
179,"2:59 
Anyone else not okay? Just me?",0
262,4:22 did jimin just- hold up,21
198,3:18 Vmin,0
138,2:18 Jimin ğŸ’œ,2
85,1:25 focus on TaeğŸ’œ,13
86,1:26ì´ˆ íƒœí˜•ë‹˜ ë¨¸ë¦¬ ì•„í”„ì‹ ê°€?,0
199,"3:19 VMIN Friendships
LOVE VMIN ğŸ¯ğŸ¥â¤â¤",365
239,3:59 jin error!!,0
147,2:27. V ğŸ˜¢,44
142,2:22 why jimin so far or he forgot??,0
217,3:37 LETS GET IT!!!!!!!,0
65,1:05 I get amazed every time wow ğŸ‘ğŸ¼ğŸ’œ,0
100,01:40 OMG Min Yoongi was very cute ğŸ±,1
227,3:47 i swear taehyung is really in pain..,1
38,"0:38 
jm:    ight imma head out 
lol",0
92,1:32,1
238,3:58 Jin wrong side ğŸ˜‚ğŸ˜‚,5
239,3:59 jin actually did it at opposite side.. But you did your best jinnieee... LOVE YOU ğŸ’œ,55
45,"0:45
I thought RM punched the droneğŸ¤”",293
160,2:40 Jungkook's voice here is like a sound from an angel descending from heaven,456
241,4:01ì´ˆì—ì„± ì§„ì˜¤ë¹  ì‹¤ìˆ˜í•œê±° ê°™ì€ë…......ã…œã…œ,0
200,3:20 did any one notice the plane,276
160,2:40 *michael* *told* *me* *in* *the* *closet* *i* *got* *chicken* *and* *I* *am* *so* *sad*,250
199,3:19 tae and jimin giving a high five...âœ¨,563
274,4:34 drone asmr,4
37,0:37ã®ãƒŠãƒ ã•ã‚“ã®æ­Œè©ãŒï½¢ãƒã‚«ãƒãƒ³ãŒã€œï½£ã«ã—ã‹èã“ãˆã‚“ã®ã ãŒ,1
200,3:20 it reminds me of step up and Jimin reminds me of moose. I really love that part.,67
197,3:17,0
146,2:26 anyone else notice how tired V is?? Just me.. Ok ğŸ˜­i feel so bad for him (and the others),607
170,02:50 JUNGKOOK !!!!!!!!!!!!!!!!!!!,0
125,"2:05 No one:


JK:ğŸ–•ğŸ¼",4
202,"3:22 WAS THAT PLANE SUPPOSE TO BE THERE!?! BTS? YOUNG FOREVER, FREAKING EVERY MV THAT HAS A PLANE IN IT. THE CAMERAMAN ZOOMED OUT TO CATCH THE PLANE",1
181,3:01 at 0.5 speed,1
18,"00:18 awww Namjoon and Taehyung smile at eachother, before getting serious immediately afterğŸ˜­",1314
209,03:29 ğŸ˜¥TAEHYUNGGG!!!!!!!,31
187,3:07 ì •êµ­.. ë­ì•¼..? ë‚´ ì‹¬ì¥ì„ ì¡°ì ¸ë†¨ì–ì•„,0
255,4:15 ë„ˆë¬´ ì¢‹ì•„ ã…œã…œ ë‚œ ì €ë ‡ê²Œ ë°©íƒ„ì´ ë°•ë ¥ë„˜ì¹˜ê²Œ ì¶¤ ì¶”ëŠ”ê²Œ ì •ë§ ì •ë§ ì¢‹ì•™ğŸ˜›ğŸ˜ğŸ˜ƒ,0
88,"1:28 that was the hottest ""eh oh"" move jeon jungkook",139
199,3:19 - 3:20 V vá»›i JM Ä‘áº­p tay vá»›i nhau nÃ  ğŸ˜,5
144,2:24 look at Taeâ€™ s leg. He fell but kept on going. And have you noticed how J hope collapsed after the â€œcutâ€? Dancing under the sun. Iâ€™m concerned for their health and I hope theyâ€™re okay.,74
71,"1:11 So interesting how they do the move differently! 
JK- smash the ground
RM- touchdown the ground
Suga- pat the ground
V- hit the ground
Jimin- pull the ground
Jin and J-hope- hands towards the ground",222
200,3:20,0
199,3:19 Tae y jimin,0
276,4:36 THE DRONES EVEN SING!!!!,1
274,4:34 wut's that sound a *fly?* A *bee?*Oh a *FLYING DRONE* *WEEEEEEEEEEE*,48
199,3:19 I see VMIN,0
160,"2:40
*the echo-* ğŸ¥º",1
74,"1:14 1:14 1:14 1:14
don't mind just my replay button",9
65,"1:05

My brain:

ğŸ¤¯ğŸ¤¯ğŸ¥°ğŸ¥°ğŸ˜µ",0
231,"3:51
BTS: did a little naenae",1
144,2:24 did Taehyung fell or that was a part of choreography...because he stumbled a bit...the really go hardğŸ˜­,3
18,0:18 ohhhhh myyyyy Gaaaawwwwdddd look at RM smiling like that!!! Im in HEAVEN waaaaaa,19
224,3:44 jungkook almost hitting jimin's head and jimin trying to hide his smile ğŸ¤£,182
63,1:03,0
160,2:40 *OUR GOLDEN MAKNAE Y'ALL*,30
217,"3:37 NÃ£o Ã© possÃ­vel, eu tenho certeza que os meninos sabem que aqui no Brasil Ã© Ã©poca de carnaval
CadÃª as B-Armys desse site???",0
204,3:24 that leg kick thing tho-,1
249,4:09 Namjoon was quite literally feeling himself :P,1
190,3:10,0
102,1:42 : Yooooongggggiiiii! ğŸ˜ğŸ’œğŸ˜˜,0
178,2:58 kookie you don't have to kill me that way ya know ğŸ˜­,6
50,00:50 Jungkook trots in like....,0
144,2:24 íƒœí˜•ì˜¤ë¹  ì¤‘ì‹¬ ìƒì€ê±° ê°™ì€ë° ë°”ë¡œ ì¤‘ì‹¬ì¡ëŠ”ê±°ë´ã„·ã„·ã„·ã„·,0
178,2:58 literally me whenever my teacher give homework :'),5
18,0:18 that moment tae and jun shared a moment before tae snapped,3
224,3:44 Jimin smiled â˜ºâ˜ºâ˜ºâ˜ºğŸ˜˜ because he was bout to tripğŸ˜,0
200,"3:20 *""aye bro""*",0
144,2:24 2:24 íƒœí˜•ì˜¤ë¹ ë¬´ë¦ ë°•ì•„ì„œ ì ˆëšê±°ë ¤ ì•„í”ˆê°€ë´ã… ã…œã… ë§´ì°¢,1
74,1:14  ë¶€ë¶„ ë‚´ ìµœì• ë¶€ë¶„ ì¾Œê°ì©ë‹¹ ã…ã…ã…,1
127,2:07 the vocal chops Taehyung and Jungkook does in this part! Sounds like Heaven. Eargasm,4
76,1:16 ğŸ§ğŸ§ğŸ‘,0
0,"00:00 is my time I look at the MOON thinking about my army FRIENDS who love and RESPECT each other also thinking about my INNER CHILD to FILTER out things like UGH!
And speak myself LOUDER THAN BOMBS.....like ""WE ARE BULLETPROOF, THE ETERNAL !!""
I'm ON!!!
Nailed it ğŸ”¥",10
74,1:14 alv,0
65,"01:05 This is the perfect proof of how much Namjoon has improved in his dance... Just watch him dancing beside Hoseok and see the perfection and how in synch they are.
Guys. GUYS. *He's dancing as an equal to J-Hope.* 
He and Jin and Yoongi have come so far it's completely outstanding! They deserve all the praise they can get because they've improved so much! ARMY loves you!",5
274,4:34. Neeeeoooommmm,1
198,3:18 jimin and tae AWWWW,0
177,"2:57
Jun junkook",1
282,4:42 Did anyone even realised how Hobi was exhausted. I hope they are alright ğŸ’œâ¤ï¸ğŸ’œâ¤ï¸,4
255,4:15 super dance,1
200,"3:20 jimin and tae clapped their hands together : , )",64
144,"2:24 kim teahyung :( , hiccc",1
83,1:23ğŸ˜Š,0
138,2:18 Jin empieza a controlarlos a todos,1
102,1:42 hahaha those little feet of suga hahaha he's so cute,0
273,4:33 the way Jin grabbed onto Tae has me soft,37
77,1:17 Jimin's tattoo confirmed ğŸ˜ğŸ˜,1
83,1:23ğŸ˜Š,0
203,3:23 I think Armys are on a plane flying over there and watching them dancing,0
226,"3:46 Jimin always gives his full energy, even for a dance practice. Look how exhausted he is. My poor ChimChim ğŸ˜¢ğŸ’œ",7
60,1:00 v lagi mango lucu juga dah,0
204,3:24-3:25 who can count how many movements Jimin did in just 1 second? So fast and flexible!!!,2
100,1:40 hahaha  lil yoongi  ğŸ¤£ so cute,3
214,3:34 me recordÃ³ a DNA pero esta ves fue al revÃ©s en ves de colocarse hay se fueron haciendo que ya no sea Jimin si no kookie el que tiene el canto..(me refiero a el hammkke nikka),0
199,3:19 tae n jimins lil hand clapğŸ¥ºğŸ¥ºğŸ¥º,0
145,2:25 kakinya Taehyung à¼àº¶â€¿à¼àº¶,1
85,1:25,0
203,3:23 UN AVIONNN! XDD,0
240,4:00 jin saved it at the last moment ğŸ˜‚ğŸ’•so cute,7
266,4:26 aggressiv Jungkook,0
189,3:09 *The black and white couple* ğŸ˜­â¤,0
284,4:44 ok I literally thought RM was going to punch that drone,0
147,"2:27 Jin at the center
best decision of the MV
Jin really gets better every single day",27
145,2:25 what's wrong with tae :(,0
138,"2:18 watch jin, jhope, jungkook, and jimin. i love their choreo for that part",12
144,2:24  3:56 taehyung ğŸ˜¢,0
263,4:23.......ì§€ë¯¼ì•„................,0
144,2:24 poor tae tea fell on his knees ğŸ˜”ğŸ˜”ğŸ˜” mah babies work soo hard they deserve the world ğŸŒğŸ’œğŸ’œğŸ’œğŸ’œ,2
18,0:18 that cute little r&v interaction uwu,1
178,"2:58

Jungkook  aaaaahh",0
64,1:04,0
99,1:39 Fire?,0
231,3:51 *HOSEOK DON'T DO THIS TO ME*,15
200,3:20,0
19,"0:19 Taehyung was laughing with Namjoon, and right after that he turned to face the screen and became V :)))))))))))",37
83,1:23 ğŸ˜Š,0
65,1:05,0
13,"0:13 flying cameras?
2020 is getting better :)",0
59,"0:59.... 


Some Mic drop energy right there ğŸ’•ğŸ’•ğŸ’•",0
223,"3:43 Only Jungkook makes two turns..
JK's dance is amazing!!

ì •êµ­ì´ë§Œ í„´ì´ ë‘ë°”í€´ì¸ë° ë¬´ìŠ¨ì¼ì´ì•¼~ ì •êµ­ì´ ëª»í•˜ëŠ”ê²Œ ì—†êµ¬ë‚˜^^",7
240,4:00 jin???,0
224,3:44 look at Suga omg his footwork,10
144,02:24 íƒœí˜•ì´ ë¬´ë¦ ì ‘ì§ˆë¦°ê±´ê°€?? ë¬´ë¦êº¾ì´ëŠ”ë°...??ã… ã… ã… ã… ã…  ë¬´ë¦¬ê°€ ë§ì´ ê°€ëŠ” ë™ì‘ì¸ê°€ë´„ ã… ã… ã… ,0
180,3:00 ì— ì§€ë¯¼ê±¸ì–´ì˜¤ëŠ”ê±° ì¡´ë©‹... ì¶¤ì§„ì§œì˜ì¶˜ëŒ±,0
200,3:20ğŸ˜ğŸ˜ğŸ˜,1
199,03:19 Vmin shaking handsğŸ¤­ğŸ™ƒ,0
142,2:22 jimin missed his step,0
98,1:38 yoongi's lil walk is so cute and funny lmao,2
19,"0:19 The little smile namjun gives teahyung, my heart",7
281,4:41 Ğ¥Ğ¾ÑĞ¾Ğº ÑƒĞ¿Ğ°Ğ»ÑŒ,0
155,2:35 they walk in age order damn i just realised,28
147,2:27 is it me or V looks like his hopping and almost got out balance because it is breaking my heart,0
199,3:19,0
233,3:53 it kinda looks like jk did the woah,1
199,3:19 Omayod tae and jimin brothership are so cute. i am melted! (â•¥ï¹â•¥),25
281,4:41 HobiiiiiğŸ˜­,13
258,4:18 wow look how chill Hobi was smirking there,15
142,2:22 jimin? Was that intended?,0
140,2:20 jk is literally the king of slo mo omg,26
117,1:57 poor jimin :( u could see his exhaustion,10
78,1:18 Jimin's tats >^.^<,0
78,"1:18
Does Tatoo really exist, Jimin? 
""nevermind""

I believe in  that tatoo,,
I still love you JIMIN",112
75,1:15 ì¹¼êµ°ë¬´,5
148,2:28 ğŸ˜‰ğŸ’œ,0
265,4:25,1
178,2:58,0
199,3:19 i love relationship of vmin,0
144,2:24 V kinda tripped but looked like nothing happened. #Professionalism,0
98,1:38 min yoongiii thats adorable,37
279,"4:39 hoseok bby, they worked so hard for this ğŸ¥º im so proud of you guyss â™¡",7
199,3:19 jimin give a high five to taehyung!! Soulmatesss!!,1
233,3:53 jhope hits the woah,7
179,2:59~3:10 ì •ê¾¹ì´ ë©‹ìˆì–´~~,1
201,3:21,0
19,"0:19 Tae and Namjoon are having fun haha, then Tae's face change immediately",3
74,1:14 to 1:21 totally satisfying,1
262,4:22 JIMIN HOW DARE YOU,8
85,1:25 ğŸ˜Š,0
238,3:58 Jin got the wrong direction Lol,5
202,3:22 jhopeeee my love your detailed dancing makes me melt and those facial reaction im dead,19
274,4:34 the drone sounded like it said weeee,0
238,3:58 Jin FAIL,1
3,"0:03 tae tae smile, look jimin !!",1
144,2:24  ouch!  that looks painful,12
183,3:03 to 3:07 the way Jungkook moved his feet like that like how did he do that ğŸ¤§ğŸ¤§,61
144,2:24 I didnâ€™t even notice Tae hit his knee.. that hurt me just looking at that :â€™o,191
234,3:54 black swan,1
280,4:40 - 4:43 hoseok you did amazing í˜ë‚´ì„¸ìš”,2
199,3:19 vmin moment!! ğŸ˜,1
144,2:24 V hurt himself right there... His leg is stiff after that... I hope he is alright. Maybe Jimin saw it and that's why he high-fived his hand to encourage him before the dancebreak...,114
186,3:06 *jungkook jackson*,31
178,2:58 Jungkook hitting ALL the beats,67
145,"2:25 V se lastimo la pierna ğŸ˜¢ğŸ˜­
Es un bebe y debemos cuidarlo ğŸ’œ",11
65,1:05 í›„ë ´,1
138,"2:18
Seokjin: 50%
J-Hope: 75%
Jungkook & Jimin: +999999999%",10
74,1:14 CAN WE TALK ABOUT HOW SMOOTH THIS IS?????,0
202,3:22 aviÃ³n infiltrado xd,0
238,3:58 Jin se confundiÃ³ o fue parte de la coreo? Perdonen mi ignorancia :'),0
177,02:57 ì§„ì§œ ë¦¬ë“¬ì— ë§ì¶°ì„œ íŠ•ê¸°ëŠ”ê±° ë„˜ë‚˜ ì¢‹ë‹¤..,0
63,1:03-1:24 the dance in this part is so SATISFYING ğŸ’œ,11
143,02:23 Okay but did Tae just hurt himself?,0
277,4:37 drone zoomed past and made a noise and I laughed so had that I fell off my bed ğŸ˜‚ğŸ˜‚ I laugh at weird noises lol,55
32,0:32 ahhhhhh NamJoon Its so cuteeee ahhhhh I love you RM,0
139,2:19 ğŸ˜® JIMIN,3
160,"2:40 el vocal de Jungkook no lo superÃ³ aÃºn :""""""'Â³",18
212,3:32 wow itâ€™s so intriguing to see how they each spin differently,23
70,1:10       Jin: screw you. I ant touching that nasty floor ğŸ™…ğŸ»â€â™‚ï¸.    Edit: wait hobi does it too,1
178,2:58 killed me! UGH!,13
202,3:22 the airplane ğŸ¤£ğŸ¤£,0
81,1:21 love this transition,5
200,3:20 Jimin & V high-five ğŸ˜”,34
240,4:00,1
149,"2:29
JUNGKOOK'S cute jumpğŸ˜ğŸ˜",1
197,3:17 gets me so hyped? the people going WOOO right before they started the dance break ughhhhhhhhhh I love it so much,27
113,1:53 Them pretend playing drums just cured my depression,2
75,1:15 so it WAS a spoiler ğŸ¤”ğŸ¤”ğŸ¤”,0
74,1:14 ~ 1:19 How are they so in synch!!!,0
199,"3:19

Me before the dance break : i'll try to learn that amazing choreo!

After the dance break

Me : uhh, i quit.",1
15,0:15 tae trying to come forward..n jimin went back so he also went back..also rm blessed us by smiling,22
205,"3:25 Jimin needs to be carefull with that move.
3:27 Hobi!!
Words can't describe how proud I am of them!!!",1
199,3:19 chim chim and taetaeğŸ’œğŸ’œğŸ’œ,0
83,"1:23 and 1:53  *Dance moves, song, voice* got stuck in my head..",1
239,3:59,1
177,2:57 ğŸ¥°ğŸ’œ,2
71,1:11 _1:12 ğŸ˜‚ğŸ˜‚ cute,1
200,"3:20 Did I notice the plane alone? reminded clip ""fire""ğŸ˜‚",2
212,"3:32 Joon looks so stoked about doing this move, look at that face",15
156,2:36 Is it me or is RM getting taller?,3
201,3:21 the way they just hit every beattt damnnn,2
262,"4:22
Me:Jimin what did you just--
Jimin:Nahh it was an *accident*",0
200,3:20 95sğŸ¥°ğŸ¥°,2
85,1:25 Tae is your head ok??,0
15,"0:15) lmao Taehyung and Jimin almost walked into each other, and Joon behind them laughs about itğŸ˜‚",7
136,"2:16 to 2:30 my favourite part. The 3 joining back to the group(Hobi got replaced by Namjoon), the shift in 1 position to their left on front right at back, and of course then Jin in centre with those circular hand movements .",15
188,3:08 black and white couple strike again hehe,1
137,2:17 Jin is so cool at the control scene â˜†â˜†â˜†,33
200,"3:20-3:40
They're all so AMAZINGLY GREAT executing the Choreo!!!!!!! ğŸ”¥
WE AMYs ARE SO PROUD OF YOU! ğŸ’œ",4
200,"3:20
This VMinHope part is SO ICONIC.
The Beat & the Choreo just stirred up my mood.
Let's trend this everyone!!!!!!!",25
200,"3:20
The VMin handshake, the sudden changed of beat which was SO DOPINGLY GOOD Y'all, and their Choreo to this part,, MAN THIS IS WHAT WANT TO WATCH EVERYDAY!!!",25
190,3:10 oh my god look at Jimin's move,5
200,"3:20-3:30
OH MY FREAKIN GOLLY!
I Love these parts. We're all fed up by TaÃ©'s back & tummy. And the beat? GOSH. IT WAS SO FIRIN UP!",2
200,"3:20 soulmate VminğŸ’œ. I really want to say that army really really proud of you Jin. You did great job. You proved that you such a great dancer. Keep it up. And at the end, all the members are looking so so tired but cute. Saranghae BTS.ğŸ˜˜ğŸ’œğŸ˜ğŸ˜˜ğŸ’œğŸ˜ğŸ˜˜ğŸ’œğŸ˜ğŸ˜˜ğŸ’œğŸ˜ğŸ˜˜ğŸ’œğŸ˜ğŸ˜˜ğŸ’œğŸ˜ğŸ˜˜ğŸ’œğŸ˜ğŸ˜˜ğŸ’œğŸ˜ğŸ˜˜ğŸ’œğŸ˜ğŸ˜˜ğŸ’œğŸ˜",12
77,1:17 y'all see jimins nevermind tattoo?ğŸ¥ºğŸ˜³,1
3,0:03 taehyung smile at jiminğŸ˜†,2
185,3:05 damn those moves jk!!,1
144,2:24 íƒœí˜•ì´ ë¬´ë¦ ë§ì´ ì•„í”„ê² ë‹¤ã… ã… ã… ã… ã… ã…  ê·¸ë˜ë„ ê·¸ ë’¤ ë¹¡ì„¼ ì•ˆë¬´ í˜ ë¹¡ ì£¼ê³  ë‹¤ í•´ë‚´ã… ã… ã…  ìš°ë¦¬ íƒœí˜•ì´ ì§„ì§œ í”„ë¡œë‹¤,2
263,"4:23
OMG!!!!My heart.....my heart ğŸ˜²ğŸ˜²",2
200,3:20 VMIN,0
172,2:52 jimin is sneaking up from behind ğŸ˜‚ğŸ˜‚,4
144,2:24 Nice cover up Tae.ğŸ¤© Hope your knee is ok ğŸ˜§,5
217,3:37 look at jin and RM wowğŸ‘ğŸ½,23
177,"2:57  Jungkook snoda il corpo il modo fenomenale ğŸ˜

3:19  ma il cinque tra Jimin e Taeâ¤",35
71,1:11 Jungkook,0
180,3:00 jungkook just did that like it hit me like a truck ğŸ˜³ğŸ’œğŸ’¥,46
124,2:04 look tae might not be my bias but that spin was smOOth,4
198,3:18 Jimin V clap!!!!!!,0
65,1:05,0
238,"3:58
*JIN WE SAW THAT BUT ITS OKAY*",3
216,3:36 Jungkook pointing at the drone and wink omg king!,97
144,2:24 taehyung slipped,0
202,3:22 *_Why_*_ am I even getting _*_envious_*_ because of an _*_airplane??_*,2
19,"0:19 
namjoon and tae passing each other a smile .",1
213,3:33-3:34 jungkookâ€™s tatoo peekaboo,31
239,3:59 Jinie ğŸ˜‚ğŸ˜‚ğŸ˜‚,0
177,2:57 is no-one gonna talk about how jungkook move his arms to the back of his neck like omg that's so cool,263
170,2:50 so youâ€™re telling me this is a jikook part? OmgğŸ˜³,5
119,1:59 grandpa yoongi still run,0
159,2:39 ì „ì •êµ­ ë…ë¬´â˜… ë…¸ë˜í•˜ê³  ë§ˆì§€ë§‰ì— ë¹„íŠ¸ì— ì¶¤ì¶”ëŠ” ê²ƒê¹Œì§€ ì™„ë²½...,3
202,3:22 ÑĞ°Ğ¼Ğ¾Ğ»Ñ‘Ñ‚,0
65,1:05 for my own reference.,2
281,"04:41 Hobie must be so tired. Aye now rest well y'all precious boys T^T

Edit: I thought it was Jungkook, my bad im new to this ^^",29
21,0:21,0
199,3:19 tae and jimin moment yESSSS,1
66,1:06.. the best view ever in the world...7 gods together,17
32,0:32...omg rmğŸ˜²ğŸ˜²ğŸ˜²,1
273,4:33 4:39 *bzeeeeeeeeew* ğŸ˜‚,0
6,00:06 nyoom,0
239,"3:59 I SEE U MR. WORLD WIDE HANDSOMEğŸ™ƒ

BTW CONGRATS BOYS! U DESERVE MORE AWARDS!!ğŸ’œ",0
238,3:58 i see seokjins mistake there if im not mistaken but still he's amazing,1
200,"3:20-3:29
hehe its the sunshine line",4
185,3:05~ Look at that!!!!!!! SEE THAT WAVE starts from one toe to another. THAT FLOW IS EVERYTHING!!!!!!!!!!!,13
234,3:54 the way hobi and kook hit the WOAH!!!ğŸ¤˜ğŸ¤˜ğŸ’œ,13
86,1:26 Tae?,3
279,4:39 que lindos se miraban muy cansados :â€™ âœ¨,4
199,"3:19
Freakin SOULMATESsssss",0
57,0:57,0
65,1:05,0
200,3:20,0
83,1:23 ğ‘ªğ’‚ğ’ ğ’˜ğ’† ğ’‹ğ’–ğ’”ğ’• ğ’‚ğ’‘ğ’‘ğ’“ğ’†ğ’„ğ’Šğ’‚ğ’•ğ’† ğ’‰ğ’ğ’˜ ğ’•ğ’‰ğ’†ğ’š ğ’‚ğ’“ğ’† ğ’”ğ’šğ’ğ’„ğ’Šğ’ğ’ˆ ğ’”ğ’ ğ’ˆğ’ğ’ğ’…?,0
238,3:58 ì§„í˜• ... ì–´ë””ê°€,1
99,"1:39 HIS LITTLE RUN IS EVERYTHINGG..... SHHDVDJSEHENDK... 
ALSO THIS WHOLE ALBUM IS AMAZING... ALL OF THE SONGS SEEMS LIKE THEY ARE ANIME OPENINGS AND ENDINGS.... LUV YOU FOREVER BTS AND ARMY!!! ğŸ’œ",14
195,"3:15 I won't be surprised if they're scared, if it was me, I would have chickened out, they're brave, awesome and so good, that words can't describe it",4
165,2:45. This killed meee,1
238,3:58 jin mistake,1
18,0:18 ë‚¨ì¤€ì´ ì›ƒìŒ,0
200,3:20 Loved that Vmin high five,12
160,2:40,0
35,00:35 EEEAAA FACHA NAM,2
74,"1:14
3:21",0
78,1:18 i see that tattoo jimin ;o,14
224,3:44 3:44 ........ ì§€ë¯¼ì´ ë„˜ì–´ì§ˆë»”í•´ì„œ ì”© ì›ƒëŠ”ê±° ã… ã… ã… ã… ,1
145,2:25 V careful ğŸ¥º,0
78,1:18 Jiminâ€™s tattoo. Thank me later,16
76,1:16 that lil jump is so cute TT,0
100,1:40 yoongiâ€™s little pingu walk i love lmaoo xx,18
161,2:41 parabÃ©ns amor TU Ã‰ LINDO PRA K7,2
245,4:05 woaa tae's part really sharp and smooth,0
160,"2:40 - 3:10 My favorite part ğŸ’œ Jungkook, his voice, the beat and way he moves especially to the beat like-It's just flawlessğŸ’œğŸ’œğŸ’œ",28
154,"02:34 from hyung to maknae, should be7, always7, forever7",0
199,"3:19 when he's dancing, he always looks like a feather..god he's too amazing.",1
202,3:22 airplane!!!,2
198,"3:18 so i was wondering what would they do here, so yeah here i am feeling dumb here, it's bighit anyway, so i feel dumb for not remembering their skills.",0
191,3:11 ONE OF MY FAVORITE PARTS LIKE CMON JIKOOK IS SO PERFECT TOGETHER AHH,10
51,0:51 THEY'RE SO GOOD IN STEALING MY JIKOOK HEART,5
211,"3:31I remembered when Suga said he can't dance but.....
Suga leads this part Omo my lil meow meow",58
137,2:17 The control JIN is so cool !!,43
209,"3:29 din jimin just shoot Kim taehyung-ah
So cute ^_^",5
200,3:20 LOOK AT JIMIN'S AND TAEHYUNG'S HAND KKSKKDSSIBD,1
200,"3:20~3:29 Did you see Jimin's hand movements, back step n side step?",0
238,3:58 the fact that all of their shadows make a line is so satisfying,257
29,0:29 Oh shit... Perfect. â¤ğŸ‡§ğŸ‡·,4
273,4:33  DRONE:NiuuUUUUuN,0
71,1:11 I love how they smash that floor. 1:26 Tae scratching his head. 3:44 almost tripped .,2
202,"3:22

my favourite part am i the only one?

choreographer thou

I love BTS",2
217,3:37 i luv this part ğŸ˜ğŸ˜ğŸ˜ğŸ˜ğŸ˜ğŸ˜ğŸ˜,6
199,3:19 Vmin,0
65,1:05,0
78,01:18 you can see jiminâ€™s tattoo nevermind ğŸ¤ŸğŸ»ğŸ’œğŸ’œğŸ’œ,0
139,02:19 LOOK!! Those on the left putting masks (like PERSONA) and 3 on the right do the same as Suga did in Shadow (when doors for shadows opened). And Jin in the middle!,2
203,3:23 yo Airplane pt.3 anyone??? XDD,0
232,3:52 Did JK and JH just hit the woah lol-,9
19,"0:19 did anyone else catch joon giving tae a beautiful big grin and making him smile like this ğŸ˜„

Because fucking same taehyung",2
199,"3:19 alright vmin we get it, some of us are single ya know ğŸ™„ğŸ™„",0
198,"3:18 Jimin give high five to Tae , 3:24 Jimin's kick is f amazing, and right on the beat",32
281,4:41 Hobi..I am sad,0
86,1:26 taehyung has a headache?... ğŸ˜­,0
279,4:39 *that drone thou*,1
200,3:20 the high five!! Everyone needs a friendship as good as tae and jimin â™¡ â™¡,13
83,"1:23 
im so in love with jhope's part",0
115,1:55 they all look hot doing that omg,3
203,"3:23 that chest pounding is so iconic, I'm shooketh ğŸ‘ğŸ‘ğŸ‘",0
19,0:19 the smile Taehyung and Namjoon exchanged tho...,32
218,3:38 *okay we all know that Jungkook has a tattoo on his right shoulder...soo...*,28
102,"1:42
yoongi looks so short-",1
209,3:29 why u didn't give jin his chance and his right in the dance here ??????? Can u tell me????!!!!! #jindeservesbetter,0
217,3:37 bro I DEFINITELY saw ink on Jungkook's shoulder... we don't even know the full extent of his power,5
78,1:18 jiminâ€™s tattoo,0
198,3:18 Jimin and Tae fist bumping before the dance break is my anthem,1
156,2:36 oldest to youngest ğŸ˜,0
231,3:51 did Jungkook and Hobi do the woah?,19
100,1:40 smol suga ğŸ˜,0
125,2:05 KIM TAEHYUNG ğŸ¥ºğŸ’“,1
143,2:23 i just noticed that it looks like Taetae stumbled and when he gets up and goes into his next position he looks like hes in pain but is shaking it off :( I hope he's ok!,0
273,4:33  drone nosie.... love it,0
84,1:24 I canâ€™t get enough of J-hopeâ€™s part,3
178,2:58 is just an absolute French kiss moment ğŸ˜©,23
216,3:36,0
86,"1:26 Look at Tae scratching his head lmao ğŸ˜‚",12
279,"4:39 at the end we can see how hard they tried, that don't matter how exhausted they are, they still gave their 100%. I'm so proud of them, I wanna cry. 
Rest well my babies, you did amazing<3",542
199,3:19 ok but that transition was smooth as fukkk ğŸ¤©ğŸ¤©,8
46,0:46  it looked like he hit the drone,1
204,3:24 I am still DYING OVER THE kick its So h ianaxntj,5
6,"0:06
*In Kylie Jennerâ€™s voice*
oMG iS ThAT a biRd??",1
273,4:33 drone cheerig like a real fan,1
274,"4:34
â€œBring the pain on yea..â€ 
drones: weeEEeeeeeeOooooo",131
168,2:48_2:53 is me after failing my exams and know I'm dieing soon from my parents. ğŸ˜‚,3
144,2:24 cÃ³ mÃ¡y bay bai ngang,0
224,3:44 no one's gonna talk about how jimin tripped over his foot and started laughing ğŸ˜‚ğŸ˜‚,55
246,4:06 - 4:08 Jimin tho ğŸ˜,5
144,2:24 poor Tae,0
200,3:20 my vmin heart crying,0
186,"3:06 LOOK AT JUNGKOOK FEET! THIS IS WONDERFUL!!!!!!!!
I LOVE BTS! KEEP SURPRISING US BUT TAKE CARE OF YOUR HEALTH!!! I REALLY WANT YOU TO COME TO UKRAINE!!!! ALL UKRAINIAN ARME WANT IT! PLEASE, PLEASE!

I AM SORRY FOR THE MISTAKE!!! I DON'T KNOW ENGLISH, BUT I HAVE A TRANSLATOR!",32
224,"3:44 Jimin looks like he hurt himself. But he pushed through it, it's amazing.",1
202,3:22 I  love this  part ğŸ’œ,4
198,3:18-3:21 can ya'll hear the people in the background hyping them up?? OMG that would so be me if I were there! It's likely all the backup dancers.,46
199,"3:19 had me shook, iâ€™m in love with all of them dancing so inspiring my heart canâ€™t take it 

 (à¸‡ â€¢Ì€_â€¢Ì)à¸‡",2
187,3:07 those ppl hyping the boys up are a fuxkin mood ğŸ‘ & yoongi slayed.... actually all of them slayed. Wtf  ğŸ‘€ğŸ”¥,5
199,3:19 I'm crying right now. The vmin is the best friendship I ever seen,44
144,"2:24 I think Tae hurt his foot, but still he kept dancing. He is a very professional boy, just like Jin, Suga, Jungkook, RM, Jhope and Jimin. I love them with all my heartğŸ’–ğŸ’–ğŸ’–ğŸ’–ğŸ’–",195
46,0:46 es el Ã¡ngulo o RM casi le pega al Drone?,4
239,3:59 did Jin make a mistake?? uwu he's so cute,2
232,3:52 JK hit the Woah,2
72,1:12 smooth af move by jungkook,4
201,3:21 aviÃ³n pasanda ahjajshjs,0
48,"0:48 - hey na na na  â™«
0:52 - hey na na na  â™«
0:56 - hey na na na  â™«
2:00 - hey na na na  â™«
2:04 - hey na na na  â™«
2:09 - hey na na na  â™«",4
233,3:53 Jungkook just hit the woah ğŸ˜‚ğŸ˜‚,4
117,"1:57
Plane in background: *exists*
Armyâ€™s on the plane: *i think itâ€™s time to shine i been waiting so long*",26
199,3:19 that high five. so cute,2
224,3:44 JK spinning around twice in a slow mo. heâ€™s the only one who did that. ğŸ¥ºğŸ¤¯ğŸ˜,34
248,"4:08 & 4:20 Namjoon shows his great body moving-line, nice ğŸ‘ğŸ»",1
199,03:19 Jimin and V did a low fiveğŸ¤£,1
169,"2:49 
Jungkook: being inspiring as ever

Person in background: **HAH-CHOO**

(P.S. I understand itâ€™s part of the track, itâ€™s Just something I felt like commenting about.)",379
178,2:58 & 3:07 JKâ€™s moves are amazing smooth with the beats~ wow ğŸ¤© I m really impressed,13
178,"2:58 okay bye , Iâ€™m done",2
199,3:19 I loved their little high five,0
239,"3:59 you almost had it jin, you were so close!",2
137,2:17 ë™ì„  ê°œë©‹ì§€ë„¤,0
45,0:45 NAMJOON TRYING TO DESTROY THE DRONE ğŸ˜‚,44
200,"3:20 vmin is best
ğŸ˜ğŸ˜ğŸ˜ğŸ˜ğŸ˜â¤ï¸â¤ï¸â¤ï¸â™¥ï¸â™¥ï¸â™¥ï¸ğŸ’–ğŸ’–ğŸ’–ğŸ’•ğŸ’“",4
199,3:19 VminğŸ˜šğŸ˜šğŸ˜š,1
138,2:18 look how our cute Monchi slidding to get nearer to JKğŸ˜,12
91,"1:31 - 1:36
Uh Mr.meow meow, WTF!!!! that was smoooooth.....",0
144,"2:24 V's leg is hurt, i love he very much, hope he is ok",0
77,1:17 you can see jimin tatoo or I imagined that he has one..?,6
199,3:19 that vmin high five oh mY GOSH,0
204,3:24 watever jimin did there was so smooth n awesome dayum this guy exceeds his limits all the time infact bts in general never fail to serve quality content,24
145,2:25 is tae ok :'(,0
199,"3:19 tae y jimin chocan sus manos antes de empezar a bailar  
Me van a matar ğŸ’–ğŸ‘Œâ¤",25
233,03:53 they hit the 'WOAH',0
186,3:06,1
79,1:19 you can see Jiminâ€™s tattoo!!ğŸ’œğŸ’œ,2
225,3:45 it's okay Jimin... it's okay...,0
168,"2:48    Nobody
Someone at the back: sneezes     (aaehachi)",52
157,"2:37 
Nobody 
Staff:clap. Clap",3
179,2:59 JUNGKOOK AWESOME MOVES THOğŸ˜ğŸ˜ğŸ˜ğŸ˜ğŸ˜ğŸ˜ğŸ˜ğŸ˜ğŸ˜ğŸ˜ğŸ˜SO ATTRACTIVE ğŸ‘ğŸ‘ğŸ‘ğŸ‘ğŸ‘ğŸ‘ğŸ‘,9
199,3:19  I mean... Just kill me man !,0
87,1:27 Did V have a headacheğŸ˜¥,0
162,"2:42 con la voz de jungkook me alegro el dia :""3",0
64,1:04 so satisfying,0
233,3:53 Jungkook and Jhope really be hitting that woah,27
262,4:22  *Hey STOB it!*,0
220,3:40,0
276,4:36 Hoseok ğŸ˜­â¤ï¸â¤ï¸â¤ï¸,3
6,"0:06 OHHHH SHIT, A RAT

ISSA RAT
IMMA WOOP YO ASS
IMMA WOOP YO AAASSSSS

ok im sorry",133
160,2:40 so thisâ€™s what heaven sound like ğŸ˜­,0
110,1:50 ovni o now,0
239,3:59 is it Jin get wrong step?,0
232,"3:52 jhope hitting the woah and Jimin, suga, and Jungkook dabbing",26
274,"4:34
Omfg lmaooo I didn't realize the drone was making those noises the whole time ğŸ˜‚",28
78,1:18 jimin tattoo,0
74,1:14 dancing in sync *heavy breathing*,16
199,3:19 did you hear people cheering them on cause I did. ğŸ¥°,32
279,4:39 Jhooooooooooooâ€‹pã… ã… ã… ã… ã… ã… ã… ã… ã… ã… ã… ğŸ˜­ğŸ˜­ğŸ˜­ğŸ˜­ğŸ’œğŸ’œğŸ’œ,0
145,"2:25 look at taehyung's foot..I think it's bent.. I'm afraid  he's in pain ğŸ˜¢ğŸ˜¢
ë‹¤ë¦¬ êº¾ì¸ ê²ƒ ê°™ì€ë°.. ì•ˆ ë‹¤ì³¤ìŒ ì¢‹ê² ë‹¹ğŸ˜¿ğŸ˜¿",1
5,00:05 jimins pants already starting to rip lol,0
144,"2:24 v tripped :( I hope his ok 



AND BTW THIS SONG IS ğŸ”¥ ğŸ”¥ ğŸ”¥ ğŸ’œğŸ’œğŸ’œğŸ¥µğŸ¥µğŸ¥µ",1
165,"2:45


Army dead",1
277,"4:37 el video se quedo un gran tiempo pausado, mientras yo apreciaba el momento YOONMIN uwu , como se abrasan!!! :3",6
29,"0:29 , am i the only one focusing on the drone",1
262,4:22,0
239,3:59 ì§„ ë°©í–¥ ë°˜ëŒ€ë¡œ í–ˆì–´ã…‹ã…‹ê·€ì—¬ì›Œã… ,0
144,2:24 Tae hurt himselfğŸ˜­ he kept limping after that. I hope he's okay,183
170,2:50 this just killed me. Wow!,1
119,1:59 Suga running to sleep,0
226,3:46 jimin almost lost balance and started smiling ğŸ˜­ğŸ˜­,2
178,2:58,0
212,3:32 saw that move dancemonster ;)))),17
197,3:17 you can here the people reactions in the backgroundğŸ˜‚,23
261,4:21ğŸ˜â¤ï¸ğŸ”,1
190,"3:10 It's the Jimin & JK ""BEST OF ME"" show and I LOVE IT!!!",14
85,"1:25 those moves jhope did with his feet are harder than any math problems youll ever see
*tnx 4 the likes army>â™¡<",169
145,2:25 Poor baby tripped,0
237,3:57 Ğ”Ğ¶Ğ¸Ğ½ ĞºĞ°Ğº Ğ²ÑĞµĞ³Ğ´Ğ° ÑĞ¼Ğ¾Ñ‚Ñ€Ğ¸Ñ‚ Ğ½Ğ° Ğ¼ĞµĞ¼Ğ±ĞµÑ€Ğ¾Ğ² Ğ¿Ñ€Ğ°Ğ²Ğ¸Ğ»ÑŒĞ½Ğ¾ Ğ»Ğ¸ Ğ¾Ğ½ Ñ‚Ğ°Ğ½Ñ†ÑƒĞµÑ‚))),0
199,03:19 jimin n taeeeğŸ’œ,0
281,4:41 my hobi look so tried :(,10
71,1:11 the straightness and height of JK's leg is sublime and then does a perfect squat getting down so low to touch that ground ğŸ˜,44
242,4:02 Jin messes up the choreographyğŸ˜‚,0
278,4:38 HobiğŸ˜­ğŸ’˜,0
200,3:20 *vmin has joined the chat*,25
200,3:20 is y fav part bro when jimin and v hit every beat so satisfying,1
118,1:58???æ³°äº¨æ‰‹?ww,0
45,0:45 i thought Namjoon broke the Drone lol,9
202,3:22 the music got in right when Jim in put his foot down . Wow,10
224,3:44 jimin ğŸ˜‚,3
199,3:19 vmin handshake be like,17
100,"1:40 - loving yoongi's mini steps then goes swag right after ğŸ˜‚
3:32 - namjoon's awesome turn",84
144,2:24 V has tripped and I find him quite hurtğŸ˜¢. The effort they put into this comeback is too big. Now they are legends,144
273,4:33 - Me after listening to this song for 24 hours,2
78,1:18 and that  jimin's nevermind tatto..,4
46,0:46 RM punching a drone XD,0
160,2:40 Someone get our boy Kookie on a fashion runway.,176
237,3:57 the begining of the black swan lol,2
208,3:28 I JUST WANNA KNOW WHY BIGHIT DON'T LET JIN DANCING BREAK DANCE?????,0
99,1:39- 1:41 lil meow meow,0
232,3:52 Tell me why JK and J-Hope hit the woahğŸ¤£ğŸ¤£ I love themğŸ¤£ğŸ¤£,30
166,2:46 jungkook casi se cae :V,0
160,2:40 JunkookÂ´s vocal and  3:19 VMinHope dance I just got pregnant in 9 months I will get a baby ARMY hahhhhahahhs,0
79,1:19 Their coordination,0
6,0:06 alv pensaba que era una paloma pasando por ahÃ­ xdd,69
71,1:11 let's not touch the floor and don't tell jungkook,0
281,4:41 JIMINS HAND ON SUGA-,0
199,"3:19 In memory of: My heart
 time of death: 10:47 
date: February 25.2020",2
93,1:33 jung hoseok wow,2
248,4:08 DID I JUST SEE JIMIN'S MINTIDDIES?!!!!!!!!!!!,20
204,3:24 Jimin is me when a mosquito tries to bite me whilst Iâ€™m on vacation in the Philippines ğŸ¤£ğŸ¥´ğŸ’œ,84
278,"4:38 My baby so tired, he's always going hard on their choreography.",49
178,"2:58 JUNGKOOK THAT WAS HOT! I LOVED the way he did that with his neck and hit every beat, I found that so attractiveğŸ˜",175
263,"4:23 sooo... jimin also ""accidentally"" exposed his shoulder during the dance practice .... interesting",1
85,"1:25 ~ 1:40 FCK EVERYTHING! I'M LIVING FOR THIS MOMENT!

The air around Hoseok is just different.",28
200,3:20 soulmates ğŸ’œ,0
187,3:07 ğŸ˜­ğŸ˜­ğŸ˜­ğŸ˜­,0
142,2:22 i see you jiminie ğŸ˜‚,0
224,3:44 Jimin se equivoca y se caga de risa JAJAJJAJAJQ,10
160,2:40 my heaven Jungkook and his vocals damn vocals take over my whole heart,54
15,0:15 Namjoon and V 'patientally waiting 4 their turn'ğŸ¤£,4
138,"2:18 it took me a while to understand this formation itâ€™s like jin is stoping the right side and then he joins taeâ€™s side and then all of them join, it just look so good ğŸ˜ l keep repeating this part",271
239,3:59 Jin missed his Step BUT STILL SO CUUUUUTE!!!!,30
17,"0:17 in mv of 'ON'

This Girl who's getting a solo shot in 'ON' music video. She is Sienna Lalau a 19yrs old who choreographed Dionysus (2019 MAMA stage), CNS and also ON. She is that talented and well deserve for the perfect solo shot for her.",160
235,3:55 YO HEAR ME OUT YOU HEARD IT FROM ME FIRST JHOPE HIT THE WOAHHHHH.,22
262,4:22 accidental jacket flip again jimin huh,12
144,"2:24 Taehyungie, u r OK?",19
199,3:19 and the other seconds look at V shirt i notice his stomach,23
225,3:45 jimiiiiiiin,0
78,1:18 Jimin's tattoo...,5
178,"2:58 hareketine Ã¶lÃ¼rÃ¼m can kook
 i can't breath",0
199,3:19 Jimin and taehyung are so cute,3
198,3:18 VMIN = FRIENDSSKDJFOSIDJFlkJdfk,65
201,"3:21 
*Oh*
     *My*
          *God*",5
280,"4:40 Ho Seok looks really tired. I know that the boys before and in the combacks are really tired, but I noticed something different in HoSeok.
Did anyone notice that?

I hope that although they are in comeback they take care of themselves.",1
238,3:58 HaHa Jin so cute ~,12
186,"3:06
y'all see that
 what the frikkin hell are you doing man.",26
233,3:53 jungkook hit the woah ğŸ˜‚,22
195,"3:15

3:21

í‚¬í¬ ëª‡ê°œì•¼",0
199,3:19 this hits differently after their song togetherğŸ¥º,7
204,"3:24 hey Jimin,  that hurt",14
125,2:05 jungkook: Im In THE GHEtTO RATaTA,70
212,3:32 RM smiling while turning around is so precious,23
195,3:15 DRON: *YEEET*,0
240,4:00 Seokjin made a lil mistake haha seokjin baby you should go left and right not right and left. He's so cute hahahahah,0
205,3:25 jimin kicking my face my heart my soul,15
144,2:24 Se lastimÃ³ ???,1
143,2:23 jimin was a little late,0
19,0:19 RM look at Tae smile ğŸ˜ğŸ˜ğŸ˜†ğŸ˜†,3
156,"2:36
Look at when RM leaves and jimin appears in smolğŸ˜‚ğŸ˜‚ğŸ˜‚ğŸ˜‚ğŸ˜‚ğŸ˜‚ğŸ’”",28
233,3:53 Jhope is low-key looks like he's hitting the woah hahah,37
74,"1:14 
Me trying to clean the bathroom mirrors before my mom gets home ğŸ˜‚",40
238,"3:58 , Jin [('v')]",0
202,3:22 there's an airplane passing by in the background,3
239,3:59 Lmao Jin went to the left instead of the right but he noticed it immediately and fixed his mistake like a pro ğŸ˜ğŸ˜,47
203,3:23 look at taehyung,9
199,"3:19 JIMIN HIGH FIVING TAEHYUNG JUST BEFORE THE DANCE BREAK UWU
ME : â€œYou are my soulmateâ€ :(((",230
275,4:35 taehyung y jhope:'c,13
199,"3:19 
Did anyone notice how V and Jimin gave each other a high five then started dancing. 
So cute ğŸ˜ğŸ˜",24
224,3:44 Awww Jimin's little laugh after he made a small mistake ğŸ¥ºğŸ¥º It's ok bby <33,18
11,0:11 IS THAT A FKNG DRON?!,2
274,"4:34
The drone: *wWWWeEEEEeeeeEeEeeeeeEEEeeeeEEE*
4:40
*EEeeeeeEEEeEEeeEeeEeeeeeeEeeEEEEwwwwww*",337
210,3:30 where's jin. He can't dance? ğŸ˜­ğŸ˜­,0
200,3:20 Jimin so OMG,0
263,4:23 another one,0
263,4:23 change move ğŸ¤¤ ğŸ¤¤ ğŸ¤¤ ğŸ¤¤ ğŸ¤¤ ğŸ¤¤ ğŸ¤¤ ğŸ¤¤ ğŸ¤¤ ğŸ¤¤ ğŸ¤¤ ğŸ¤¤ ğŸ¤¤,0
200,3:20 is the moment that I scream a lot together with people thereeeeeeeee.. I can hear people screaaam out there WOOOOOH,0
239,3:59 ì„ì§€ë‚°ì¿ ã…œì¿ ì¿ ã… í,0
246,"4:06 I absolutely love this part of Taehyung! (on a loop forever plz) He puts his whole self into his moves and Iâ€™m so proud to see him recognized as a lead dancer. 

JIMIN is breathtaking as always. His moves are sharp, precise, explosive and graceful at the same time. It always a pleasure to watch him! 

JungKook goes HARD, like HARD HARD. Heâ€™s always giving his 1000%. I can feel his energy through the screen. His moves are spot on every time.

J-Hope dances so effortlessly. I look at him and heâ€™s so fluid. He really owns every move.  

SUGA, JIN and RM are not falling behind at all specially RM! They are only getting better~ Iâ€™m always cheering for them becuz theyâ€™re giving it their everything with confidence!",48
199,3:19 i can hear voices. Mini cheers,0
211,3:31 SUGA main dancer!,0
99,1:39 how they walk it's a meme,0
201,3:21 sunshine line,0
188,3:08 we got the â€best of meâ€ duo 2.0 we wantedğŸ¤ª,23
240,"4:00 
Jin got confused with the stepsğŸ˜‚ 
He's so cute thoo",30
201,3:21 ì§„ì§œ ì†Œë¦„ë‹ê²Œ ë©‹ìˆë‹¤ã… ã… ,1
103,1:43 PQP ESSE HOMEM,0
147,"02:27-02:36 Yes, Jin-ssi ğŸ’œ Shine on!!",11
199,3:19 The vmin fist bump before the trinity dance,0
225,3:45 when jimin kinda slipped and smiled was sooooooo cute,30
78,1:18 jiminâ€™s tattoo ğŸ˜­,10
262,"4:22 
*Now kids that's what you call an accident.*",1
137,2:17 did jin make a mistake or is that part of the choreo? Canâ€™t tell hehe that cutie,3
261,4:21 - 4:24 Jin,0
99,"1:39 Why is Min Yoongi so cute, i'm crying ğŸ˜­",64
262,4:22 so jimin's open-shoulder is planned after all ğŸ™ˆğŸ˜,6
278,4:38 jhoooooop ğŸ˜­ğŸ˜­,22
173,"2:53
A voz de Jeon Jungkook me encantağŸ’›",7
147,"2:27
Lembrei de beapsae",0
19,0:19 that TURN THO ğŸ‘€ğŸ’•,0
50,"0:50
Izzii kibunitinho os jikookğŸ˜”ğŸ’™",0
280,"4:40 You guys are really tired

Me: *Please support them very much*",24
240,"4:00 Jinnnnn did a mistakeeee cuteeeeee

Edit : is at 4:00 sorry guys ğŸ˜…",20
275,"4:35

That drone is literally me screaming because of bts LOL",17
217,3:37,0
273,4:33 Yo gritando cuando salÃ¬o el mv,1
127,2:07 ppl didn't notice hoseok's things,29
46,0:46 I THOUGHT NAMJOON PUNCHED THE DRONE AKJSJAKAJAJ,257
199,3:19 *ddaeng that high-five with jimin and taehyung before the killing dance part* ğŸ˜,391
200,3:20 that handshakeğŸ˜,0
275,4:35 Ğ®Ğ½Ğ¼Ğ¸Ğ½Ñ‹ Ğ¼Ğ¾Ğ¸ Ğ®Ğ½Ğ¼Ğ¸Ğ½Ñ‹,0
222,3:42 . Jimin making a mistake and cutely laughing about it is so pure,23
169,"2:49 no supero a Jungkook.
Es que canta hermoso.",0
274,"4:34 sorry, i can't jsjsjsjs",0
160,2:40 that same turn jungkook took in IDOL,22
78,1:18 :eyes:,10
68,1:08 look hobi í™‰íŒ€ì¥ë‹˜ ë´ë´ìš”ğŸ¤­,7
178,2:58 is a turn on. That was good.,23
275,4:35 I just canâ€™t with the drone ğŸ˜‚,99
165,2:45 jungkook really about to kill itğŸ˜”âœŠğŸ½ğŸ˜”âœŠğŸ½ğŸ˜”âœŠğŸ½â¤ï¸â¤ï¸â¤ï¸ğŸ¥ºğŸ¥ºğŸ¥°ğŸ¥°ğŸ¤©ğŸ¤©ğŸ¥ºâ¤ï¸â¤ï¸â¤ï¸â¤ï¸â¤ï¸â¤ï¸â¤ï¸â¤ï¸,25
233,3:53 is that army pose??,0
281,4:41  jhope was so tired at the end ğŸ˜¢,105
86,1:26 teahyung headache??  Poor my baby,18
199,3:19 vmin high five,11
143,2:23 looks like tae fell... Bbby looks sad the next moment :(((,39
199,3:19 vmin ğŸ˜ğŸ˜,17
274,4:34 BrEOOOOMMMM,0
199,3:19 ğŸ¥º,1
238,3:58 jin se equivoca en la coreografÃ­a ğŸ˜Ÿ,0
144,2:24 Oops Taehyung kkk almost feel,2
126,"2:06
J-hope just casually fixing his shoesğŸ˜‚",344
239,3:59 nadie se dio cuenta jinxd,1
199,3:19 soulmates greeting,21
139,"2:19, 2:23 Jimin is lagging behind",2
204,3:24 wtf Jimin !! u kick harder than the beat,29
212,3:32 namjoonâ€™s spin like damn lol,16
40,0:40 J-hope said hi to us guys!!,3
144,2:24-25 taehyung probably hurt his right knee if u notice,1
244,4:04 amazinggggggğŸ’œğŸ’œğŸ’œğŸ’œğŸ‘ŒğŸ‘ŒğŸ‘ŒğŸ‘ŒğŸ‘ŒğŸ‘ŒğŸ‘Œ,5
217,3:37 am i the only one who thinks that choreography here is from their former songs...?,5
178,2:58 wow jungkook so cool,36
178,"2:58 
This killed me ğŸ˜œğŸ¤¤",23
199,3:19 Jimin and V ğŸ˜‚,5
24,"0:24


the drone are my grades",0
178,2:58 - 3:00 I SEE THAT MOVE JUNGKOOK BOI YOU WENT HARD ON THAT,2
165,2:45 jungkook  quase me matou,35
239,3:59 i cant see his face clearly but seokjin just seemed shocked? instead of panicking?? it's okay boo everyone makes mistakes :)),1
199,3:19 siempre demostrando la amistad que tienen (JIMIN y V),3
165,2:45 - 2:50 JUNGKOOK COULD CHOKE ME AND I WILL STILL THANK HIM.,4
58,"0:58 
Can we talk about how badass jin was here?",120
119,1:59 it's soo funny how they put their imaginary drumstick to their imaginary backup dancers xd,0
178,2:58...ğŸ˜±ğŸ˜±ğŸ˜­ğŸ˜­ğŸ˜­ğŸ˜­ğŸ˜­,1
232,"3:52 Jungkook made ""WOAH"" 
Never Take out his tik tok, its great",8
223,3:43 Jimin stumbled a little bit? Thatâ€™s why he looks laughing afterwards? ğŸ˜‚,0
236,3:56ì´ˆ íƒœíƒœ í—ˆë²…ì§€ ì•„í”ˆê°€ã… ã……ã…œ ì•ˆì“°ëŸ½ë‹¹,0
161,2:41 jungkook Voice ğŸ‘ŒğŸ‘ğŸ‘ğŸ‘ğŸ˜ğŸ˜ğŸ˜ğŸ˜ğŸ˜ğŸ˜â™¥ï¸â™¥ï¸â™¥ï¸â™¥ï¸â™¥ï¸,11
280,"4:40 the drone is like â€œwhheeeee, iâ€™m super happy iâ€™m close to BTSâ€ ğŸ˜‚ğŸ˜‚",98
237,"3:57 BTS lining up and creating one long shadow, singing ""bring the pain on"" = aesthetic. ğŸ¥º It's like a visual representation of the group sharing each other's burdens. The art and camera directors really thought of everything. UGH MY HEART ğŸ˜©ğŸ’œ",625
177,2:57 jungkook you literally blasted my heart by those break moves !!,13
145,2:25 V hurt his ankleâ˜¹ï¸ baby be careful you are totally killing it,1
239,3:59 mr. kim seokjin ğŸ˜ğŸ’œ,18
209,3:29 kim taehyung,10
161,2:41 could jungkook be any hotter he's killing me this comebackğŸ™ˆğŸ™‰,14
143,"2:23 did u see how Tae handled his situation!!!
I mean this choreography is haaarrrd!!!",23
178,2:58,1
172,2:52ğŸ˜­ğŸ˜­ğŸ˜­ğŸ˜­ğŸ˜­ğŸ˜­ğŸ˜­ jungkook whyyyyyy!!!,17
75,1:15-1:20 sooo satisfying,0
200,3:20 VMIN SOULMATES + I still can't realise this part exists,41
201,3:21~3:36 Why doesn't jin come out?,6
227,3:47 Jimin is laughing ! And not long after there's Hobi laughing... Why I find this cute ?!,10
239,"3:59 I saw that, Jin ğŸ˜‚ğŸ˜‚",17
144,"2:24 Please be careful V! Your foot! You here hoping then out of pain?ğŸ˜¢ 
UWU! TAKE CARE BTW! THIS CHOREO SURE IS FIRE BUT BE CAREFUL",1
74,"1:14  and 2:26
Can you see difference? ğŸ˜­ğŸ˜­",11
223,"3:43 omg jimin?? look at his face, he looks like he's really exhausted or has hurt himself?? they all must've been so worn out :(",25
178,2:58 OMG Jung Kook has crushed my heart already!!!,2
121,"2:01 when yoongi runs
My heart drops",19
262,4:22 At least now we know how that â€œaccidentâ€ happend ğŸ˜³ğŸ˜‚,2
6,"0:06 
the always funny guys in your MV what is that thing? 
Looks like a spider  ğŸ•·ï¸ğŸ•¸ï¸
The always handsome sexy ATTRACTIVE guys in their videos I love them",0
83,1:23 sigo amando esta parte,1
200,3:20 VMIN soulmate,14
155,2:35 oldest to youngest,21
190,3:10  Junkook's staring at the drone so powerful! omg,2
239,3:59 Mr. Worldwide handsome i saw you thereğŸ‘€ğŸ‘€ğŸ‘€ğŸ‘€ ğŸ’œğŸ’œğŸ’œğŸ’œ,24
77,1:17 Look at Jimin. He is almost flying ğŸ˜­ğŸ˜­ Be careful baby,14
199,"3:19 since nobody talked about Vmin here ! 
Them friendship wins  T~T",30
200,3:20 wow vmin,23
144,2:24 poor taeğŸ˜­ he just got unbalanced,41
274,4:34 family goals:'),0
4,"00:04
Taking out his tongue and eyeing him like a fresh bowl of noodles... but like SAME so....",0
144,"2:24 tae hit his knee ğŸ¥º
2:26 he couldn't walkğŸ¥º
2:37 tae rubing his leg ğŸ¥º
2:39 tae limping ğŸ¥º
3:22 tae back to energetic ğŸ¥°ğŸ¥°",1
78,"1:18 Jimin "" NEVER MIND """,19
74,1:14 Fxxk... How can it be  possible...ğŸ˜­ğŸ˜­ğŸ˜­,0
212,"3:32 Woooh....  #RM ğŸ”¥ğŸ”¥
That spin was fire
So proud of u.. . ğŸ’œğŸ’œ",8
185,3:05 Jk's flexibilityğŸ˜,10
136,2:16 Kim Seokjin nailed it TT,19
225,3:45 OMG KIM SEOKJINNNN,17
223,"3:43
3:32
1:05",0
198,3:18 that was so badass of vmin omg,10
71,1:11 the way Gguk literally touched the floor,17
240,4:00 jin cute mistake ğŸ™ˆ,1
210,3:30 ; EPIC,3
160,"2:40 de javu, but i don't know why-",0
280,4:40 The Drone's Voice like a catğŸ˜‚,13
200,3:20 That handclaps jimin and taehyung made meğŸ˜­ they're truly a soulmateğŸ˜­ğŸ˜­ğŸ’œğŸ’œ,64
199,3:19 Vmin really said only Vmin lives matter this albumğŸ˜‚ their friendshipğŸ¥°ğŸ’œ,18
279,"4:39 Jhope looked so tired, I hope he's ok",26
280,4:40 Hope ahhh ğŸ˜¢ğŸ˜¢,15
199,3:19 Gosh i love their friendship,1
1,0:01 the closest we get to bts relay dance,0
186,"3:06 
Jungkookâ€™s feet: â€œhold on lemme be move like Michael Jackson for a bitâ€",180
224,3:44 Jimin almost falling and laughing about it ğŸ˜‚,2
177,2:57 the way jk hit all those beats ...I'm amazed ğŸ˜²,47
178,2:58 my heartttuuuğŸ˜­,0
239,3:59 - 4:01 aahhh jin got the choreo wrong... it's okay jinnie!,0
144,2:24 taehyungâ€™s knee ...,19
200,"3:20 95z......omg,soul mateğŸ’œ",18
262,4:22 Jiminah...ğŸ˜³ğŸ˜‡,6
217,3:37 footworks ğŸ”¥,1
234,3:54 Hopie's pose ğŸ¥° love that,9
200,3:20 and yes FRIENDS.,0
144,2:24 i think taehyung twisted his foot that's why he fell on his knee,60
145,2:25 íƒœíƒœì•¼ ê´œì°®ì•„? ì¡°ì‹¬ì¡°ì‹¬ ã… ã… ã… ã… ã… ã… ã… ã… ã… ,1
203,3:23  OMG im-ğŸ˜µ,0
282,4:42 í˜¸ë°” ğŸ˜¥,3
200,3:20 vmin lil handshake ğŸ¥ºğŸ¥º,1
140,2:20 J-Hooooooooope!!!!!,21
144,2:24 taehyungğŸ˜­ğŸ˜­ğŸ˜­ğŸ˜­ it must be hurt,20
70,1:10 Great choreography,0
144,"2:24 they look so professional even when they fell down. Tae fell down and i didn't notice BECAUSE THEY ARE AMAZING.
They are working hard, i hope they stay safe ( purple heart )",53
18,"0:18 Namjoon and Taehyung smiled, my heart just stopped",115
200,"3:20- God, I actually felt that VMIN power!!!!",37
278,"4:38
Seeing BTS arm in arm, shoulder to shoulder...Their relationship is the one that I can't describe in word. Can't say how much I appreciate their relationship.
From my perspective, maybe their relationship is the best expression for ""Forever"", ""Always"",...
j-hope is right. Loving BTS is the best decision in my life!",358
99,1:39 Yoongi steps is very cuteness ğŸ’œğŸ’œğŸ’œğŸ’œğŸ’œğŸ’œğŸ’œ,16
87,1:27 2:57 Jungkook what are you doing to my poor heart?,19
200,3:20 detras en en el cielo algo pasa volando,0
186,3:06 Ğ’ÑÑ‘ ÑĞ¼Ğ¾Ñ‚Ñ€Ğ¸Ñ‚Ğµ Ğ½Ğ° Ğ½Ğ¾Ğ³Ğ¸ Ğ§Ğ¾Ğ½Ğ³ÑƒĞºĞ°! Ğ­Ñ‚Ğ¾ Ğ²ĞµĞ»ĞµĞºĞ¾Ğ»ĞµĞ¿Ğ½Ğ¾!!!!,42
200,3:20,0
224,3:44 - 3:45 BOI JUNGKOOK DOUBLED HIS SPIN WOAAAAH WHAT A GREAT DANCER AND HIS FOOTWORKS WAS AMAZING,76
199,3:19 that vmin moment ended the stage presence industry..,4
199,3:19 vminnnn,2
114,1:54 He did nothing but seems too bad boy to me,0
178,"2:58 damn, i like this.",26
202,3:22 ì§€ë¯¼ ë°œì°¨ê¸° ê°œë©‹ìˆë„¤,4
199,3:19 tamin giving each other low five is the cutest,14
177,2:57 ì •êµ­ì•„ ë„Œ ì •ë§..... ë™ì‘ í•˜ë‚˜ë„ ìˆ¨ë©ì´êµ¬ë‚˜,2
24,0:24 ada yang ngeclap ğŸ¤ª,0
175,2:55 Jungkook POPPED,20
137,2:17 ì™€ ì„ì§„ì´ê°€ ëŒ€í˜• ì¡°ì¢…í•˜ëŠ”ê±° ã„¹ã…‡ì†Œë¦„ ì €ëŸ° ì•ˆë¬´ ëŒ€í˜• ì²˜ìŒë´... ì´ì   ë°©íƒ„ ì¶¤ ëŒ€í˜• ê²½ì´ë¡œìš¸ ì •ë„;;,25
144,2:24 taehyung almost fell or trip?,4
157,"2:37 Seriously, it always kills me to see that the members have to bend down (here Taehyung) to not be taller than Jimin!",114
121,2:01 to2:06 looks like SUGA is going home,0
199,"3:19 Jimin and Tae
Thier friendship is so strong
They are so precious",65
156,2:36 jungkook sou beatifull,18
198,3:18 :'),1
63,1:03,0
144,2:24 Looks like our Tae acidentally almost fall. Poor Tae~â™¡,18
149,"2:29 Everyone is on point, but Jungkook is on a whole other level! His movements are so fluid itâ€™s almost like gravity doesnâ€™t work the same on him. Wow. âœ¨",14
199,3:19 awwww,0
277,"4:37

You can see how exhausting and hard this choreo is, by Hobi's reaction in the end.

Yet they're still giving it their all.


*RESPECT* ğŸ‘‘",190
145,2:25 íƒœí˜•ì´ ë¬´ë¦ ì ‘ì§€ë¥¸ê±° ê°™ì€ë° ê´œì°®ë‹ˆğŸ˜­,0
200,3:20 Hearing the Cheers from the Crew got me so HYPE! â˜º,10
179,2:59 dat step after jungkookâ€™s high note is just killin meee  and the dance break was SO SICKkk,21
19,"0:19
Namjoon's smile is soooo cute there, because of Tae",1
140,"2:20 focus on Tae 
Plz take some rest BTS we know that you love us but we also love you so plz take care of your health",14
261,4:21 jimin did it AGAIN.ğŸ’œğŸ’œ,0
66,"1:06-1:14 I don't know if it's just me cause I notice Jimin being late on the dance knowing that he always put the beat in check and synchronizes it along with his dance. I'm not saying that he is off the beat because if you listen closely, the beat is very much hitting every spot jimin is dancing to. He is indeed a contemporary art student, always putting the rhythm first and then perform it accurately and with perfection.",0
273,"4:33-4:38

No one:
Not Even a Single Soul
The Drone: Yeyyyyyyy

I Misheard itğŸ¤£",79
144,2:24 tae hit his knee on the floor :((,44
274,"4:34 Jin is holding V down very tightly, he's very tired ..",53
199,"3:19
That high five is so cute",11
185,3:05 how the hell does he move like that... omg,43
236,"3:56 siento que Tae estÃ¡ muy cansado y sus piernas duelen :(. Espero que luego hayan podido descansar bien.
Estoy orgullosa de todo el trabajo que vienen haciendo, Â¡es mucho esfuerzo y dedicaciÃ³n! ğŸ’—. SÃ³lo quisiera poder decirles que no olviden descansar, que tambiÃ©n es muy importante",0
12,0:12 WTF??,0
278,4:38 omg they look like theyll fall right there! i mean there hard work really paid off!! stay hydrateddd!!,1
136,"2:16 JiMinnie casi no llega, lpm. xdxd ğŸ’•ğŸ’•ğŸ’•",0
135,"2:15 Did Jin forget the choreography ? haha, he is so cute",19
279,4:39 hoseok buddy you good?,1
191,"3:11 WHY?????????????????????????
:(",1
208,3:28 love this part frick,1
18,"0:18 okay but someone notice Joon's little smile ğŸ˜
How can anyone not love him â™¡
Even Tae got flustered",12
170,2:50 woooow kookie voice,0
200,03:20 aahh the POWER I CANT SOMEONE STAB ME,0
137,"2:17 the way seokjin almost controlling their moves, like when he put his left hand in front jimin, jungkook and hoseok and they slowed down their moves and when he walks to his place they followed him.... wow so amazing",358
18,0:18 RM's smile when tae turned towards him,86
200,3:20,0
202,"3:22, Ğ¶Ğ°Ğ»ÑŒ, Ñ‡Ñ‚Ğ¾ Ñ‚Ğ¾Ğ³Ğ´Ğ° ÑĞ°Ğ¼Ğ¾Ğ»Ñ‘Ñ‚ Ğ½Ğµ Ğ»ĞµÑ‚ĞµĞ» Ğ½Ğ¸Ğ¶Ğµ, Ğ¿Ğ°ÑÑĞ°Ğ¶Ğ¸Ñ€Ñ‹ ÑƒĞ²Ğ¸Ğ´ĞµĞ»Ğ¸ Ğ±Ñ‹ Ğ±Ñ‚Ñ",0
78,1:18 Jimin's tattoo ğŸ˜ŒğŸ‘ŒğŸ»ğŸ’•,1
178,2:58 JK hitting beats is the hottest thing out there,98
275,4:35  xdxdxdxdxd,0
143,2:23 I hope tae is okay. Looks like he accidentally fall onto his knee,221
177,2:57 Jungkook's poppingğŸ”¥ğŸ”¥ğŸ”¥,5
186,3:06 JEONGGUKKKKK!!!!,7
99,"1:39 i am sorry, he is wayy too adorable",0
16,"0:16 - look at the way tae and namjoon smile at eachother, it is so pure uwu
3:19 - the way jimin and tae high five uwu
4:21 - jimin ""accidentally flipping his jacket of again lmao
4:33 - the way they all hold eachother... OT7 FOREVERRRR





brb imma just go cry in the corner",284
150,2:30,0
84,1:24 this part is so satisfying,1
199,3:19 vmin friendship is so enviableğŸ˜,27
46,"0:46 God, if Namjoon had knocked that drone out of the sky, I wouldnâ€™t ever stop laughing",72
199,"3:19
OMG so cuuuuutttttteeee",2
70,1:10 is this' the leg lifted up' that yoongi drew as a spoiler during the comeback special vlive,0
262,4:22 JIMIN DID IT ON PURPOOOOOOOOOOOOSE,8
278,"4:38
Hobi, and the Rest, I hope y'all rest well. 
For us it's a bts focus video, for them it's probably the 10th time that they practice that routine without a longer break. 



Their Condition is really good, Y'all know they performed MAMA 2019 40 minutes straight. They must work so hard to be exhausted after that choreo already, probably practicing the whole day..

Cheer up!",186
202,3:22 omg that airplane and people in it are so lucky to fly above bts,3
238,3:58 Jin did made a mistake,0
144,2:24 anyone actually realise that Tae fell down? Is he alright ?,0
204,3:24-3:25 (1sec) I love Tae's moves here particularly,24
205,3:25 JM ???,0
138,"2:18 When Jimin is a cute and genious mouchi at the same time ğŸ˜„ğŸ’œ 
I really appreaciate their hard working, it's like everything in this song is complementary, from the rhythm and beat to the lyrics to the member's harmony  in dancing even to the MV shooting, everything was incredibly harmonic in a perfect way âœ¨ğŸ’œ 
Believe me this song will cause an explosion when they will perform it on stage ğŸ”¥ğŸ”¥ğŸ’œ",1
140,2:20-2:22 Jin looks so cute doing this dance move,42
173,2:53 omgg jungkookkkkkkkkkkkkkkkkkkkkkkkkkkkkkkkkkkkkkkkkkkkkkkkkkkkkkkkkkkkkkkkk â¤ï¸,25
240,"4:00  Ñƒ Ğ½Ğ°Ñ Ñ Ğ”Ğ¶Ğ¸Ğ½Ğ¾Ğ¼ ÑĞµĞ¼ĞµĞ¹Ğ½Ğ¾Ğµ - Ğ¿ÑƒÑ‚Ğ°Ñ‚ÑŒ ÑÑ‚Ğ¾Ñ€Ğ¾Ğ½Ñ‹ğŸ˜‚
4:00 Gene and I have a family - confuse the partiesğŸ˜‚
4:00  ìœ ì „ìì™€ ë‚˜ëŠ” ê°€ì¡±ì´ìˆë‹¤-íŒŒí‹°ë¥¼ í˜¼ë™ ì‹œí‚¤ì‹­ì‹œì˜¤ğŸ˜‚",0
86,1:26  3:22,0
178,"2:58: Jungkook is insane in his bridge part ğŸ”¥ğŸ”¥ğŸ”¥ I just keep thinking he's like a wild animal, a leopard - his movements are smooth yet so powerful. His leather jacket ans his hair also adds to his hotness. Srl how can this be the same person with our adorable bunny off stage ğŸ˜¢",52
12,0:12 drone ta tak kiro plastik kresek cuk,0
46,0:46 Namjoon ATTACKED that drone lmaoooooo,1
202,3:22 salfok ke pesawat terbang :'v +62,1
203,3:23 just jungkook passing by..,13
200,"3:20 the best part ğŸ˜ 
I like it ğŸ’œ",1
278,"4:38  How tired they are ... And, as I understand it, it was just a rehearsal, for the whole day they had to repeat everything more than once. Thank you for your work. ( Ğ³ÑƒĞ³Ğ» Ğ¿ĞµÑ€ĞµĞ²Ğ¾Ğ´Ñ‡Ğ¸Ğº Ğ² Ğ´ĞµĞ¹ÑÑ‚Ğ²Ğ¸Ğ¸, Ğ¿Ñ€Ğ¾ÑˆÑƒ Ğ¼ĞµĞ½Ñ Ğ¸Ğ·Ğ²Ğ¸Ğ½Ğ¸Ñ‚ÑŒ Ğ·Ğ° ĞºĞ¾Ñ€ÑĞ²Ğ¾ÑÑ‚ÑŒ)",228
217,3:37 at this moment there no need a dance line all 7 are the best dancers,18
197,03:17 Those people cheering got me so so hype for the dance! ILY BTS!,7
168,"2:48 
Itu suara bersin bukan sih?",0
281,"4:41 I literally thought that drones were cheering by that ""weeeee"" sound",33
202,"3:22
Imagine sitting in that airplane and suddenly seeing random boys dance like that.",36
279,4:39 even the drone is fangirling,212
200,3:20 VMIN,14
198,3:18 this is VMIN that you want,31
178,2:58 ì •êµ­ì•„..ğŸ™ŠğŸ™ŠğŸ™Š,0
213,"3:33 I remember when Yoongi had to do a similar move for their Airplane pt. 2 special stage at MAMA 2018. He's improved a lot :"")",33
200,3:20 the vmin moment is everything..,41
209,3:29 vmin sharing a moment of being soulmate..ğŸ’œ,46
145,2:25 I think tae got hurt thereğŸ˜¢ğŸ˜¢,0
149,2:29 Jungkook is literally flying what in the worl-,53
126,2:06 Hoseok smoothly adjusted his shoes was hot.,48
199,"3:19 that vmin high-five after jimin jumped and before the dance break, they know they're killing it ;)",43
86,"1:26 something hit Tae when hobi walked towards him, what is this vope karma shit happening in this era with yoongi always being around",1
178,"2:58 i didnâ€™t even realize i screamed until my husband said, â€œcome on, itâ€™s 6am! Stop screaming.â€",31
278,4:38 aww j-hope,9
178,2:58 that body move,3
86,"01:26 Taehyung - I do that when I have a bad headache. I hope he's okay, I'm worried but I know they take care of themselves.",202
92,"1:32 Ğ¥Ğ¾ÑĞ¾Ğº,Ñ‚Ñ‹ Ğ¸Ğ·Ğ´ĞµĞ²Ğ°ĞµÑˆÑŒÑÑ?",0
201,3:21 who else notice the aeroplane,0
199,3:19 THAT WAS SO CUTE,6
200,3:20 - 3:27 only six members get to dance this breakdance? Part but Jin I wonder why :(,0
232,3:52 did Jungkook just... dab?,14
145,2:25 V ë¬´ë¦ ã… ã… ã… ã… ã… ã… ã… ã… ,0
209,03:29 I need a wider view of Suga & RM hitting that clean ass move frfr,0
198,3:18 *Thank Vmin high five*,4
199,3:19 our vimin guyssss,0
255,4:15,0
282,4:42 ğŸ™,0
205,"3:25 Jimin ğŸ”¥ I'm OK ğŸ˜­ğŸ‘ğŸ‘
I can't take my eyes off JiminğŸ’–",1
78,1:18 jimins nevermind tattoo,0
142,2:22 - 2:27 THERES such a satisfying moving of places.. itâ€™s so smoothğŸ˜,0
196,3:16 damn boi,1
201,3:21~3:28 look JIMIN Hah....he really breaks the stage,21
212,3:32 Sugaaaa ğŸ¤—ğŸ¤—ğŸ¤—ğŸ¤—,0
178,2:58 The way Jungkook is dancing  to the beat! I can't ;-;ğŸ’œğŸ–¤,48
224,"3:44 ì´ˆì¯¤ì— ì§€ë¯¼ì´ ì”¨ìµì›ƒë˜ë…ã…ã…ã…ã…… ë„˜ì–´ì§ˆë»”í–ˆë˜ê±´ê°€? ì™œì›ƒì€ê±´ì§€ ë„˜ê·€ì—¬ìš´ë° ì§„ì§œë©‹ì§€ë‹¤ã…œã…œ
1:14 íŠ¹íˆ ì´ë¶€ë¶„ ë“œë¡ ì´¬ì˜ë³¸ì´ì–´ì„œ ê·¸ë¬ëŠ”ì§€ ì¶¤ì„ ì´ë¼ë“ ê°€ ë™ì‘ì´ ì•ˆë³´ì˜€ëŠ”ë° ë„˜ë©‹ì ¸ã…œã…œã…œã…œ
4:22 ëŠ” ë®¤ë¹„ë‘ ë‹¤ë¥¸ ëŠë‚Œì´ì–´ì„œ ë” êµ¿!
ë¨¸ë“  ì§„ì§œ ì´ë²ˆë°©íƒ„ ë…¸ë˜ ì§„ì§œ ìµœê³ ë‹¤ã…œã…œ ë‹¤ë©‹ì§€ê³ ã…œã…œã…œ",1
280,4:40 omg the drone sounds like its celebrating ğŸ˜‚ğŸ˜‚ğŸ˜‚,25
202,"3:22 Taehyung's ""WOOHHH!"" Before they started the breakdance lol",40
174,"2:54 this part ğŸ˜ I'm in love with this part ğŸ˜ğŸ’œğŸ’œ


AM I THE ONLY ONE ?? ARMIES",13
273,4:33 ~ 4:42 they really try so hard.. It hurts me to see them tired like that :(,21
202,"3:22
*Imagine sitting in that airplane and suddenly seeing random boys dance like that*",301
224,3:44 ì§€ë¯¼ì´ã…‹ã…‹ã…‹í™‰ì´ë‘ë‘˜ì´ì›ƒëŠ”ê±°ë´,0
195,"3:15 gave me a jolt...Jimin looked quite close to JK...ğŸ˜–
But Jimin being him...did itğŸ¤©",48
225,"3:45 i see you jimin ğŸ˜‚
When you messed up, just smile pls <3 
Our boys are sooo gooodd 
This comeback is daeeebaakkk, fighting â¤ï¸",30
155,2:35 walking in age order wow,60
144,2:24 Taehyung's professionalismğŸ‘,34
77,1:17 IS THAT A RIB TATTOO ON JIMIN?,0
262,4:22 JK's face and body roll...I'm not ok.,0
200,3:20 hi soulmate,22
210,3:30 Dammmnn min sugaaaaaaaa,11
205,3:25 Taehyung is adorable and professional at the same time!,2
200,3:20 soulmate vmin,17
144,2:24-2:26 I'm so Worried about Tae ğŸ˜£,1
278,4:38 canâ€™t imagine how tired they are......Army we should make sure their hard work doesnâ€™t go to waste,177
200,3:20 the vmin hand slap ğŸ¥ºğŸ¥ºğŸ’–ğŸ’–ğŸ’–ğŸ’–,0
168,2:48 someone is sneezing ğŸ¤§ ğŸ˜‚,45
223,3:43 Jimin's smile after he nearly fell i cant-,3
77,"1:17 
Jimin's NEVERMIND tattoo 
Me : ğŸ˜³ğŸ˜³ğŸ˜³ğŸ˜³ğŸ˜³",13
275,4:35 ğŸ˜¢ğŸ˜¢ğŸ˜¢ğŸ˜¢,0
125,2:05 look at JHOPEğŸ˜‚ğŸ˜‚ğŸ˜‚,14
240,4:00 seok jinğŸ¤«ğŸ¤«ğŸ¤«,0
198,3:18 vmin soulmates ğŸ¥ºğŸ’œ,11
18,0:18 Joonie and Tae shared a smile before Tae doing his part is just so cute!,91
77,1:17 jimin's nevermind tattoo is realğŸ™„,46
178,2:58 my heart boom boom!,4
142,2:22 v falls but still continues the dance. He looks in pain. But he hid it. That's why I love my boys,39
17,0:17 lmao that was a close call taeğŸ˜‚ n joon just laugh @ it cuteğŸ˜†,0
68,01:08 is it jk full sleeves tattoos showed?,0
66,1:06 jiminâ€™s headâ€™s bit slow,0
19,0:19 Namjoon & Taehyung smiling at each other,21
161,2:41 Jungkook so Perfect,34
203,"3:23 

Dear plane,
                     Do you even know what's happening below you?",0
67,"1:07 
Me : ACCIDENT  RIGHT!! 
Jk : grooving like nothing happened
Me: I wish u guys were in our situation for once 
Also  ME : WELL JIMIN HAS SOME EXPLANATION TO DO ....",32
74,"1:14 
The way Jimins moves is so smooth
DAMN BROTHA ğŸ™",39
200,3:20 someone says letâ€™s get it before the dance break. Yes. A whole mood.,26
239,3:59 god even the shadows are in one straight line!! we stan a perfect kings,50
175,2:55 IM CRYING OH OH WOOOOOOW,7
239,"3:59 Jin got a mistake..but he is improving so much and all of them are..they do deserve all the loves because of there passion to work..to bashers/haters
please do not hate,hate is a strong word
lets not hate lets love  support BTS!ğŸ’œğŸ’œğŸ’",49
77,1:17 Look at Jimin Did he do tattoo on his body???,1
142,2:22 poor jiminie it was an accident ğŸ¥ºğŸ’”,1
199,3:19 vmin handshakeğŸ‘‹,1
184,3:04 LOOK AT THIS LEGS DAAAAAAAAAAAAAMN,65
221,3:41 they're starting to love doing that high kicks and shoulder shift ğŸ§,2
84,1:24 J hope voice and danceğŸ’˜,18
155,2:35 THEY WALKED AWAY IN AGE ORDER!!!!!!,261
278,"4:38
Seeing Jhope and Taehyung like this breaks my heart especially knowing that they are working their ass off for us.",87
200,3:20ã®ã‚¯ã‚ªã‚ºã«ã‚ãã¾ã—ãŸ,0
243,4:03 Jimin's feet movement,4
260,4:20 Park Jimin at it again with the accidents,46
50,"0:50 OMG JimiiiniiieğŸ˜.Youuu soooo seeexyyy!!!
3:00
His body lives his lifeğŸ˜",6
198,3:18 Vmin,0
176,"2:56 Ù‡Ø°Ø§ Ø²ÙˆØ¬ÙŠ Ø§ÙØªØ®Ø± Ø¨ÙŠÙ‡
Ø§Ùˆ Ø§Ù„ÙŠ ÙˆØ±Ø§ ÙˆØ­ÙŠ Ø§Ù„Ø§Ø­Ø·ÙŠØªØ·ÙŠ",1
279,4:39 the fact that jhope goes down showing he's tired tells us how much work has gone into this and it makes me sad but also very proud!!!!!!!,103
224,3:44 jimin nearly to fall  his smile so cute haha,6
5,"0:05 V's smile is so pure watching Jimin's footwork...
3:19 vmin is everything!!! When you heard and knew the lyrics of ""Friend"".",55
273,4:33  Jimin standing like mochi uwu i can't--,1
201,3:21 Something tells me and I can sense it that BTS  will bring Band's to their performances  ğŸ˜±,3
202,3:22 ë‘ 4:15 ì—¬ê¸° ì§€ë¯¼ì´ ì¶¤ ë¯¸ì³¤ë‹¤ ã…œ ã„·ã„·ã„·,0
201,3:21 SAY THANK YOU BIGHIT,0
144,2:24  I really love this part,0
224,3:44 jimin so cute,1
211,3:31 AH SUGAAA,11
67,1:07  3:38 Somebody please make a close-up of JK's shoulder!!!,0
199,"3:19

Jimin: game?
Tae: game on!",0
202,3:22 jimin practically dances to all the beat,110
254,4:14 YES PLEASE,0
200,3:20 TAEHYUNG AND JIMIN,5
161,"2:41 to 3:10....
Jungkook-aaaahhhhh....ğŸ˜™
I'm in Love this Part...ğŸ’œ",25
199,"3:19 look at vmin ""yeah friend lets do it"" kkk
4:22 Mmm.. Jiminie..",32
217,3:37 Jin just keeps getting better ğŸ˜¥,79
199,3:19 mereka saling memberi support:((,0
86,1:26 tae are you okay?,0
161,2:41 it kills me,12
280,4:40 Hoseok!!! TaeHyung!!! ğŸ˜¶ğŸ˜¶ğŸ˜¶,0
374,6:14,0
200,3:20 and the killing part..,0
199,"3:19 Vmin did handshake 
Vmin did handshake 
Vmin did handshake 
Vmin did handshake 
Vmin did handshake 
why tf are they ALWAYS being loud",2
83,1:23 ØµÙˆØª Ø¬ÙŠÙ‡ÙˆÙˆÙˆÙˆÙˆÙˆÙˆØ¨ â¤ï¸â¤ï¸ğŸ˜©ğŸ˜©,1
202,"3:22, Ğ¿Ñ€ĞµĞ´ÑÑ‚Ğ°Ğ²Ñ‚Ğµ, ĞºÑ‚Ğ¾ Ğ»ĞµÑ‚Ğ¸Ñ‚ Ğ² Ñ‚Ğ¾Ğ¼ ÑĞ°Ğ¼Ğ¾Ğ»Ñ‘Ñ‚Ğµ Ğ¸ Ğ¼ĞµĞ»ÑŒĞºĞ¾Ğ¼ Ğ²Ğ¸Ğ´Ğ¸Ñ‚ ÑÑ‚Ğ¾ Ğ¿Ğ»Ğ¾Ñ‰Ğ°Ğ´ĞºÑƒ....",1
201,3:21 NICE TO FINALLY SEE THE DANCE BREAK IN FULL VIEW ğŸ‘ğŸ»ğŸ‘ğŸ»ğŸ‘ğŸ»,1
278,4:38 Jin is hold Tae  jacket so lovely part,16
200,"3:20 Jimin and V ""let's get it"" fist bumpğŸ˜­",21
71,1:11 how are they all so damn flexible?????,0
177,2:57 I'm deceased,0
144,2:24 taehyung injured his leg :(,37
185,3:05 jikook are really really good dancers,0
201,3:21 that's make hurt me,1
204,3:24 I saw that smile taehyung ğŸ¥°,5
199,3:19 soulmates,7
100,1:40 MARRY ME,0
198,3:18 hits different when you just got done listening/reading friends by vmin ğŸ˜­ğŸ˜­ğŸ˜­ğŸ’œğŸ’œğŸ’œğŸ’œ,48
202,"3:22 an airplane passed 
*at the back*",4
200,3:20,1
155,2:35 I just realized that they are all line up from oldest to youngest.,7
148,2:28 is my favorite part forever,0
249,"4:09
Ù…Ø®Ù„ÙŠÙ†Ù‡Ù… ÙŠØ£Ø¯ÙˆÙ‡Ø§ ÙˆØ­Ø¯Ù‡Ù… Ø¹Ø±ÙØªÙ‡Ù… Ù…Ù† Ø­Ø±ÙƒØª ØªØ§ÙŠ Ø§Ù„Ù…Ø­Ø±ÙØ© Ø¨Ø§Ù„Ø£ØºÙ†ÙŠØ© Ø§Ù„Ø±Ø¦ÙŠØ³ÙŠØ© Ø³ÙˆÙ‡Ø§ Ø¨Ø³ Ù‡Ù†Ø§ Ù…Ø§ Ø³ÙˆÙ‡Ø§ ÙŠØ¹Ù†ÙŠ ÙƒØ±Ø±Ùˆ Ø§Ù„Ø±Ù‚ØµØ© Ø¨Ø³ Ø¨Ø¯ÙˆÙ† Ø§Ù„Ø¹Ø±ÙŠØ§Ù†Ø§ØªğŸŒšğŸ’”",17
122,"2:02 Hobi and kookie 
has a small conversation did anyone notice??",1
199,"3:19 jimin and Tae highfive
They rlly r best friends :"")

Unless that was part of the choreography lol



Eh they still best friends <O/

It's rlly like the ""Friends"" song they made its rlly cute and u all should listen to it READ THE LYRICS IT MAKES IT 1000 TIMES MORE CUTER",116
212,3:32 LOOK AT HOW JOONIE FLIES! My boy's confidence in dancing has surely increased so much!,168
233,3:53 Looks likeâ€œ Black Swanâ€,0
199,"3:19 ""YOUR MY SOULMATE""",16
28,0:28 i love namjoon voiceğŸ’–ğŸ’–ğŸ’–,0
239,3:59 jin's mistake is cute ã… ã… ,2
255,"4:15 im sorry i gotta say this, this part reminds me that final part of boom by nct dream when jeno comes to the center lol",0
147,2:27 worrwide hensom,0
204,3:24 I'll never get enough of this jimin's move,145
198,3:18 Vmin Goals ğŸ’¯,0
178,2:58 i felt that,9
160,2:40 ilove jungkook's voice,0
238,3:58 Jin's cute lil mistake<3<3,13
274,4:34 that drone sound at the end got me cackling ğŸ˜‚ and 4:40 another drone fly through skskks,29
0,"00:00(Zero O' clock) Lyrics MV
https://youtu.be/FSpwc3Vy6Z0",0
234,3:54 Jungkook hit the woah,0
197,"3:17
Jimin: let's do this Buddyâœ‹ğŸ»
V: let's slay it bro âœ‹ğŸ»
ğŸ˜€ğŸ˜ŠğŸ˜",110
160,2:40 jungkook la ROMPEâ¤ï¸,1
83,1:23 THAT WAS SO FREAKING CLEANğŸ˜»,30
200,3:20 vmin tell us we are soulmates ğŸ’œğŸ’œğŸ’œ,0
78,"1:18 
if you look at taekook, at this moment, you know that you're about to die.",1
200,3:20 VMIN DOING THEIR THANG,0
199,3:19 OMG VminğŸ’œ,1
199,3:19 love this soulmates so much,0
86,1:26 did Chimchim make a mistake in the choreography?,0
54,0:54 jungkook looks like fighting to an insect to that flying object ğŸ˜‚,1
199,"3:19 why i very love then friendship Vmin.........ğŸ’•



Love you BTSğŸ’œ",23
160,2:40  *let's appreciate jungkook angelic voice*,78
200,3:20 soulmate :  3 nation,0
155,2:35 omfg its from Jin the eldest to the youngest/maknae JK,51
200,3:20 vmin!!!!!,0
200,"3:20 VMIN ğŸ˜ğŸ˜ğŸ˜ğŸ˜­ğŸ˜­ğŸ˜­
ë©‹ì§€ê³ ..ì•„ë¦„ë‹µê³ ..ìë‘ìŠ¤ëŸ½ê³ ..
ì•ˆíƒ€ê¹ê³ ..ğŸ˜­ğŸ˜­ğŸ˜­ğŸ˜­ğŸ˜­ğŸ’œ",0
199,"3:19
Jhtaji 
Jh..ta..ji..ğŸ˜‚ğŸ˜‚ğŸ˜‚ğŸ˜‚ğŸ˜‚ğŸ˜‚
J-hope... TAE... jimin",0
200,3:20 I'm dying â˜ ï¸â˜ ï¸â˜ ï¸â˜ ï¸,9
199,3:19 Vmin intensifies,0
196,3:16 jimin do it so good..,0
145,2:25 tae bby are you alrightğŸ˜¥,0
240,"04:00 omg Jin, for a moment maybe he forgot his dance lol =)) so cute =))",5
191,3:11 I'm waiting for Jimin jumpingggg,0
102,1:42 how can someone be so cute and smol and manly at the same time,48
179,2:59,0
160,2:40 Jungkook voice is perfect and you are so beautiful. I admire your Jungkook voice.,57
240,4:00,0
198,"3:18 is this a part of choreography or just vmin thing....I love their friendship.
*VMIN SOULMATES*",106
85,"1:25 .. yoongi mode on.
.
.
. 
J - hooooooooopppeeeeeeee!!!!!!!!!!",0
199,3:19 95 liner's UwU,0
155,2:35 the line is forom oldest to the youngest.,2
78,1:18 just look. I hope I don't get demonized.,0
145,2:25ì— í˜¹ì‹œ...íƒœí˜•ì”¨ ë„˜ì–´ì§„ê±´ê°€ìš”? ì¤‘ì‹¬ì„ ì ê¹ ëª»ì¡ëŠ”ë°...ë‹¤ì¹œê±´ê°€ìš”?,0
160,2:40 I Love jungkook's voice,73
238,"3:58 Jin did a little mistake, but itâ€™s so uwu",0
238,"3:58
Look at jin OMG SO CUTE",38
178,2:58 Jungkoooooooook,54
239,3:59 JIN'S CUTE MISTAKEğŸ˜™ğŸ˜™,65
166,2:46 man's choked hjmself...but like in a submissive way.....Oof ğŸ˜©ğŸ˜—ğŸ˜ğŸ‘…,0
138,2:18 looked like Jin got powers and put the 3 members in slow motion? Lol,22
240,4:00 is it jin got wrong?ğŸ˜­,0
199,3:19 â€œVMIN BROTHERS!â€,21
199,3:19 soulmates <3,0
220,"3:40

Boy With Luv, anyone?",0
163,"2:43
THIS IS ILLEGAL! 
JUNGKOOK IS KILLING IT!
DAMN YOU BOI",38
247,4:07 quer jogar fi do peido kkk socorro,0
256,4:16 - the SYNCHRONISATION- you heard me yes the efforts they made,24
140,2:20 Taehyung be careful!,0
159,"2:39
JungkoooooookğŸ¥ºğŸ¥ºğŸ¥ºğŸ¥ºğŸ¥ºğŸ¥ºâ¤",6
200,03:20 this was EVERYTHING.,0
74,"1:14 - 1:19, ugh puh-lease, this synchronization can kill me",0
239,"3:59
_Jinnie's cute lil mistake UwU_",18
144,2:24 is Taehyung alright??,1
72,1:12 LIITTTLEE MIN YOONGI,1
115,"1:55
The plane in the backğŸ˜‚",1
75,1:15 HOW DO THEY MOVE THAT FAST. I can't even blink that fast..,87
100,1:40,0
125,2:05 hobi ğŸ¤£ğŸ˜,1
71,1:11 my god jungkook,0
67,1:07 guess jungkook learnt from jimin's accidents!,45
199,3:19 MAAAAAAN,2
78,"1:18
THE NEVERMIND TATTOO",93
100,1:40 cute moment â˜ºï¸â˜ºï¸â˜ºï¸ğŸ’œğŸ’œğŸ’œ,1
199,3:19 vauv jimin and taehyung hand shaking and thats so hot,99
78,1:18 Jiminâ€™s tattoo peaking,91
122,2:02 yoongi walk walk walk is so adorable,7
75,1:15-1:20 this part are so satisfying to watch!!,0
6,"0:06 
Wait..what?",0
