136,2:16 imagine if there were girls here hahahahahahahahhahahahah,0
459,"7:39
I wish I could see that v again",2
763,"12:43 
jimin was about to say something(focus)",2
474,7:54 ã… ã… ã… ã… ã… ã… ã… ã… ã… íƒœí˜•ì´ ìš”ì¦˜ ë‹¤ìš´ë˜ì–´ ìˆëŠ” ê±´ê°€ ì•„ë‹ˆë©´ ê·¸ëƒ¥ ì„±ìˆ™í•´ì§„ê±´ê°€ ê³„ì† ê¸´ê°€ë¯¼ë‹¤ í–ˆëŠ”ë° ì§€ë¯¼ì´ ì–˜ê¸° ë“¤ìœ¼ë‹ˆê¹Œ ì„±ìˆ™í•´ì§„ê±°êµ¬ë‚˜ ã… ã…œã…œã…œ ì§€ë¯¼ì´ ë§ì— ê³µê°ğŸ˜­,0
430,7:10 hahshaha,2
310,5:10 ã…‡_ã…‡.... ã…ˆã…”ë°œ í•´ì¤˜!!! í•´ì¤˜ ~~~~!!!!! >0< ã…‹ã…‹ã…‹ã…‹ã…‹ã…‹ã…‹ã…‹,0
615,10:15 ë„¤:ì‹œ â¤ï¸,0
329,"5:29 Jimin: It'll be something like...
Taehyung silently: NO DON'T SAY IT YET 
Jimin: Something*fun*

IS IT JUST ME OR WERE THEY TALKING ABOUT DYNAMITE?! LMAOOO THE S IN BTS REALLY STANDS FOR SPOILER",0
576,"9:36 Jimin went and had a drunk with suga 
After fight with taehyung 
UmmmmmmğŸ˜³ğŸ˜³ğŸ˜³ğŸ˜³",0
585,9:45,0
33,"0:33 Jimin: ""We always look happy""
Also Jimin and Tae: ğŸ˜ğŸ˜",2
427,7:07,0
501,"8:21
I really hope someone actually does itğŸ¥º








To Tae and Jimin (vmin)~

I hope you guys live a healthy and a long life
I hope I can meet you one day and thank you for coming into my life
I hope I can be just like you (very kind, sweet, gentle)
I hope you guys live a peaceful life without hatred
I hope you are happy, that will make me happyğŸ˜Š
Love you vminğŸ¥º 
Please live a happy and a healthy life


I heard that in Korea the cases are increasing... I hope you are safe BTS and Korean ArmiesğŸ¥º",6
629,10:29 tae wrote 4AM because he's not eating chinese dumpling Gosh THIS UNBELIEVABLE,1
629,10:29 taehyungum bÃ¶rek yiyemedin diye 4o'clock gibi bir ÅŸaheser mi ayzdÄ±n awww this unbelievable,0
505,"8:25 For those looking ""The Dumpling Incident"" haha",0
449,7:29 I love the way Jimin scan Taehyung ğŸ˜‚ğŸ˜‚ğŸ˜‚,6
813,"13:33 I am rewatching it and just realized jimin said I love you while looking at V, and  then quickly he turn to look at the camera ğŸ™ˆğŸ˜ so much love between this two friendsâ¤ï¸",1
75,1:15 I canâ€™t stop thinking about how vmin highfived so clean when Tae wasnâ€™t even looking at Jimin,25
188,3:08 from here I can hear different laugh different face different voice and different taehyung he's not like old taehyungğŸ¥ºhe looks so mature and look like he have a child already..look the way he laugh its not the same old taehyung laugh so hard and so childish..i miss old taetae..my old taetae can you come back?ğŸ¥º,1
755,"12:35 How Jimin extends his hand to shake V's and V just holds Jimin's hand instead, seemingly casual ^^ :D.",78
84,1:24 jimin i agree taehyung promise he'll show us his cute belly when we hit 20M but he never do!!! ã…‹ã…‹ã…‹,2
466,7:46,2
588,9:48,0
505,8:25,0
590,9:50 taehyung cant stop being himselfğŸ¥º,6
824,13:44 ğŸ’ğŸ’ğŸ’ğŸ’ğŸ˜†ğŸ˜ğŸ’–,0
588,9:48 petition for taehyung to post the video,0
380,"6:20 

Me: Yeontan??????????????????????",1
447,"7:27-8:15 Jimin talking about how tae used to be like hurt ğŸ¥º, anyways continue to respect tae and donâ€™t drag him down just bcuz heâ€™s more serious. I donâ€™t think heâ€™s sad, heâ€™s just matured and I hope he isnâ€™t caring what other ppl think of him. Hopefully when mots 7 tour happens he will be more hype :)",48
3,0:03 yoongi looks fineeeeeeeee,0
783,"13:03 Taehyung, are you giving another girl a signal; if so, we're breaking up, permanentlyâ—â—â—â—â—â—â—â—â—â—â“â“â“â“â“â“â“â“â“â“â“â“",0
530,8:50 ahh I think thatâ€™s why that day on the recording for show (I think thats show champion behind(?) . I just remember they promoted spring day that day) jimin teasing him (or got jealous of vâ€™s hyung in hwarang). He said just playing with your hwarang hyung(?) and jimin playing with jin,1
630,10:30 thank you â€˜dumpling incidentâ€™~~,0
784,"13:04 I love hearing stories about their past and experiences, their friendship is so pure and wholesome something to really admire ğŸ’™",1
765,"12:45 indeed, it was unexpected. 

A pleasant surprise ğŸ˜Š thank you for showing us your candid sides, you can do this more often if you want. I really enjoyed watching you talk honestly, without any hesitations or formalities - shows us how much you've matured and don't care about what other people might think.

Thanks guys!",0
602,10:02 jimin said pukima,0
505,8:25  â€œthe past is in the pasttt. Let it go let it goâ€ğŸµğŸ¶,0
580,9:40 I- I would have never imagined Jimin getting drunk talking in dialectğŸ˜­,1
329,5:29 taehyungâ€™s smile ğŸ¥º,0
245,4:05,0
380,6:20 ì—°íƒ„ì´???????,0
607,"10:07 Thrust me you will replay it again and again and every time you repeat it, it will make your heart flutter",3
446,7:26 Jimin is eyeing Taehyung just like how I look at my food,1
381,"6:21 am I the only one that hears a dog..

Yeontan you there??


(Ily all so much, you helped me a lot ğŸ’œ I will love and cherish you all forever and everğŸ’œğŸ’œ)",0
6,"0:06
mmmmmaaaaaaaaaaaannnnnnnnoooooooooooo a cara de dor do nosso sol porque bateu a mÃ£o forte eu to rindo mais to chorando de fofura",0
489,8:09 he learned that from his hwarang hyungs. Taetae just wants to be a man like them. He's so adorable tho,116
188,3:08 the way taehyung says this makes me smile!!!!!!!!!,3
449,7:29 ì§„ì§œ ì§€ë¯¼ ì˜¤ë¹ ê°€ ë§í•˜ëŠ”ê²ƒì²˜ëŸ¼ íƒœí˜•ì˜¤ë¹ ê°€ ë„˜ ì–´ë¥¸ìŠ¤ëŸ¬ì›Œì¡Œì–´ì—¬ã… ã… ì €ë„ ê·¸ëŸ° ëª¨ìŠµì´ ì‚¬ë¼ì ¸ì„œ ì •ë§ ì•„ì‰¬ì›Œìš”ğŸ˜­ğŸ˜­ ì§„ì§œ 4ë…„ ì „ë§Œì—ë„ ì¥ë‚œê¾¸ëŸ¬ê¸°ì— í™œê¸°ì°¼ì—ˆëŠ”ë°ã… ã… ã…  ì›ƒìŒê¸°ê°€ ë§ì´ ì‚¬ë¼ì§„ê²ƒ ê°™ì•„ì—¬ğŸ˜­ ì–¸ì œ í•œë²ˆ ë©¤ë²„ë“¤ë¼ë¦¬ ì˜›ë‚  ì˜ìƒ ë³´ëŠ” ê±° ì–´ë•Œì—¬? ë°ë·” ì´ˆì— ì°ì€ ì˜ìƒë³´ëŠ” ì»¨í…ì¸ ë„ ë‚˜ì˜ì§€ ì•Šì„ê²ƒê°™ë„¤ì—¬ã…ã……ã… ì•„ íŠ¹íˆ ìˆ™ì†Œì—ì„œ ë§‰ë‚´ë¼ì¸ë“¤ë¼ë¦¬ ëˆˆê°€ë¦¬ê³  ë†€ì•˜ë˜ê±°ã…‹ã…‹ã…‹ã…‹,50
380,"6:20
Hey guys... *DID U HEAR YEONTAN !??*",2
380,6:20 yeontan is that you? ğŸ˜„,1
678,11:18,1
505,"8:25 When Taehyung and Jimin ""dumplings argeud"" back then, didn't expected that Jimin got drunk after that lol
Means they were just an ordinary person like us, if you got problem or got hurt feelings let's drink and get drunk lol
Just feel them, thanks for sharing that happenings V and JM 
Army so happyğŸ’œ",7
44,0:44 Taehyung an intellectual!!!! ğŸ˜ğŸ¥ºğŸ¥°,1
332,5:32 meowww,0
475,7:55 - 8:08 Jimin basically answered all of the Armyâ€™s who think Taehyung has changed. Iâ€™m sure he is just more mature now ;),0
437,7:17 ì˜¤ë¹  ì‚¬ì‹¤ ë‚´ê°€ í›”ì³ê°”ì–´ìš”,2
596,9:56 I don't know why but I have watched this moment 1000 times :v,0
515,8:35 ë¼ì´ë¸Œì—ì„œ ë§í–ˆë˜ ê·¸ ë§Œë‘ì‚¬ê±´?ã…‹ã…‹ê·€ì—¬ì› ì–´ìš” ã…‹ã…‹95ì¦ˆëŠ” ì‚¬ë‘ì…ë‹ˆëŒ¯â™¡,3
648,"10:48 ? ì§€ë¯¼ì´ê°€ ë‹¤ ì‘ì‚¬í•œê±´ì¤„ ì•Œê³ ìˆì—ˆëŠ”ë°  íƒœí˜•ì´ë„ ì‘ì‚¬ì— ì°¸ê°€í•œê±´ê°€ìš”?  ì§€ë¯¼ì´ê°€ ë³€í–ˆë‹¤ë©´ì„œ ì™œ ì•ˆë³€í–ˆë‹¤í•˜ê³  íƒœí˜•ì´ê°€ ì‹œì í—ˆìš©ì´ë¼ê³  í•˜ëŠ”ê²Œ......

11:19",0
413,6:53 LMAOSKSKSK IDK WHY I FIND THAT SO FUNNY,0
332,"5:32 Â¿Alguien mÃ¡s escuchÃ³ al gato? JAJAJA Quiero saber si no estoy flasheando, ok?",1
729,12:09 babie energy,0
716,"11:56 remner the restaurant BTS always used to go in trainee days. That grandma's shop, she was niceee",0
463,7:43 - 8:13 how jimin know my feelings about TAEHYUNG .....I miss old Tae ğŸ˜”ğŸ˜”,9
654,10:54 At this moment Jimin realised that he has been lied to,0
752,"12:32 I thought jimin would say ""I love you"" ğŸ˜”",2
826,13:46 for a trip down  memory lane of beautiful 95's friendship..,0
77,1:17 jimin wanting to give tae a fist bump after the high five and being 'ignored' just made me cry-,0
775,"12:55 your sincere speech, thank you for feeling very close to you. That's why I like you so much
SARANGEYOOOO BTS  thank you so much",0
333,"5:33 , 6:21 TANNIE? We miss our little one too.",1
470,7:50 ë¶ˆê½ƒìˆ­ì´ã…‹ã…‹ã…‹ã…‹ ì™€ í¬ì¼“ëª¬,1
447,7:27 I also want to scan Tae the way Jimin did and that close...,35
597,9:57 rip replay button. Jimin's laugh is so contagious. ğŸ˜ğŸ˜ğŸ’•ğŸ’•ğŸ’•ğŸ’•,12
84,1:24 oop! sassy chim chim jumped out complaining that tae never pushes through with the colab ğŸ˜†,0
332,5:32 Is that Yoongi?,2
332,"5:32 I think I heard meow ğŸ˜¼
Is that Yoongi?",1
438,"7:18 - I cried bcs tae is now an adult and he is not smiling that much, I miss his boxy smile so much :(",26
505,8:25,0
382,6:22 yeontans voice....ğŸ˜…ğŸ˜…,0
323,5:23 how cuteâ¤ï¸â¤ï¸,0
381,"6:21 that sound was it a dog's sound or whatğŸ¤”ğŸ¤”ğŸ¤¨ğŸ¤¨
Not jimin voice another voice came with jimin speaking!",1
566,9:26 taeâ€™s â€œhmph!â€ tho hahahahah theyâ€™re such cuties,6
826,13:46 JÃºregim toqtap Çµala jazdadyğŸ˜­â¤ï¸,0
110,"1:50 why does ""Friend"" remind me of ""Dear friend"" ã…ã…",0
175,2:55 this sound is so cute,0
589,"9:49 taehyungs smile, im crying",0
137,"2:17 how... care jiminissiğŸ’œğŸ’œğŸ’œ3:18 omg.. that lookğŸ”¥ğŸ”¥my heart is omg.... ğŸ”¥ğŸ”¥ğŸ’œthey love each other, they appreciate each other, care eachother their friendship is soooo pureâ¤ğŸ˜ğŸ’œvminğŸ’œcandid strys.. â¤â¤ğŸ’œuffff they are the perfect comboâ¤ğŸ’œ",6
380,6:20 was that yeontan HAHAHAHA,0
330,5:30 and 6:20 dog are crying,1
189,3:09 LOL,0
380,6:20 *Was it the sound of a dog?*,0
126,2:06 à¹ƒà¸„à¸£à¹€à¸‚à¸²à¸­à¸¢à¸²à¸à¹€à¸›à¹‡à¸™'à¹€à¸à¸·à¹ˆà¸­à¸™'à¸à¸±à¸šà¹€à¸˜à¸­,0
416,6:56 Savage Tae! Lol Vmin â¤ï¸,1
7,0:07   What is the name of this sing?,0
480,8:00 that's exactly what i wanted to say .,0
679,11:19 OKAY THAT CAME SO POWERFUL,0
491,8:11 exactly!!! Tae has changed a lot..he always sat like this.,16
3,"0:03 Jin : ""Nah.. I'm not gonna be the part of this circus.""",0
84,"1:24 ""ë§¨ë‚  ì¤€ë‹¤ í•´ë†“ê³  ì•ˆì£¼ê³ ""ì§€ë¯¼ì´ ë§íˆ¬ ê·€ì—½ë‹¤ã…‹ã…‹",5
447,"7:27 : scanning!
xddddddddddddddddddddddğŸ¤£ğŸ¤£ğŸ¤£ğŸ¤£ğŸ¤£ğŸ¤£ğŸ¤£ğŸ¤£ğŸ¤£ğŸ¤£ğŸ¤£ğŸ¤£ğŸ¤£ğŸ¤£ğŸ¤£ğŸ¤£ğŸ¤£ğŸ¤£ğŸ¤£ğŸ¤£
he was literally scanning v!ğŸ¤£ğŸ¤£ğŸ¤£ğŸ¤£ğŸ¤£ğŸ¤£ğŸ¤£ğŸ¤£ğŸ¤£ğŸ¤£ğŸ¤£ğŸ¤£ğŸ¤£ğŸ¤£ğŸ¤£ğŸ¤£ğŸ¤£ğŸ¤£ğŸ¤£ğŸ¤£ğŸ¤£ğŸ¤£ğŸ¤£ğŸ¤£ğŸ¤£ğŸ¤£ğŸ¤£ğŸ¤£ğŸ¤£ğŸ¤£ğŸ¤£ğŸ¤£ğŸ¤£ğŸ¤£ğŸ¤£ğŸ¤£ğŸ¤£ğŸ¤£ğŸ¤£ğŸ¤£",0
39,"00:39 Tae is literally a genius, once again, for coming up with this about their chemistryğŸ˜±â¤ï¸",17
595,9:55 so cuteğŸ˜‚ğŸ˜­ğŸ¯ğŸ¥,0
437,"7:17 - Ah, there's the smile I love...",0
333,5:33 umm *exCUSE MEEE* was that a little yeontan whine i just heard??!? ( â€¢â¥â€¢ ),0
410,"6:50
Q: How did Jimin change from his teen years?
V: I think his pinky finger grew just a bit 

....gotta love V lmfaooo",73
427,"7:07 
íƒœí˜•ì˜¤ë¹ , ì„±ì¥ ë§ì´ í–ˆë‹¤ê³ ìš”? ã…‹ã…‹ã…‹ã…‹ã…‹ ì˜¤ëœë§Œì´ë‹¤ ã…‹ã…‹ã…‹ã…‹ã…‹ã…‹ ì•„ ê·€ì—¬ì›Œã… ã… ã…‹ã„±ã…‹ã„±",3
84,1:24 Poor Jimini :>,1
381,6:21 was that yeontan?? ğŸ¥º,0
381,6:21 is that tae's son crying?....in the back,0
414,6:54 ğŸ¤£ğŸ¤£ğŸ¤£ğŸ¤£ğŸ¤£ğŸ¤£ğŸ¤£,0
5,0:05 me reÃ­ fuerte jajajaja ğŸ˜‚,0
380,6:20 is that you yeontan?,0
808,"13:28
You goofballs having fun talking to each other and being comfortable? We would never be awkward with that",20
578,9:38,0
328,"5:28
Look at that amazing smile. He's so cute and handsome when he smiles :(",3
190,"3:10
We got it boys. We got a slight smile from Taehyung. We've been fed the bare minimum and we will wait for our next dose of Taeyung's smile",15
85,"1:25
Jimin being petty is amazing",4
658,10:58 ëª©ì†Œë¦¬ê°€ ë„ˆë¬´ ì„¹ì‹œí•´..,1
2,0:02 MIN YOONGIIIIIIIII IM SO SHOOKTğŸ˜ REALLY! I THOUGHT HE WAS NOT FROM BTS THEN WHEN I WATCHED THE WHOLE VIDEO IT WAS F****** HIMğŸ˜µ,0
53,0:53 to 1:16 what a unique perspective from V ğŸ˜,0
729,12:09 Look at JiminğŸ˜ğŸ˜ğŸ˜­ğŸ˜­So AdorableğŸ’œğŸ’œğŸ’œ,4
655,10:55 The way Jimin Looks at his pinkyğŸ¤£ğŸ¤£ğŸ˜ğŸ˜ğŸ’œğŸ’œSo cute,34
548,9:08 That's so cuteğŸ¤£ğŸ¤£ğŸ˜ğŸ˜ğŸ’œğŸ’œ,1
655,10:55 â€œyou just said it changed and you sing its still the sameâ€ - Jimin,37
333,5:33 yoongi whatâ€™re you doing back there?,0
803,13:23 hope it feels like just two boys talking. Eye-ğŸ˜³ğŸ¤ª,0
53,0:53-0:56 okay TaeğŸ˜‚,0
288,4:48 ë˜ì•¼x ë¼ì•¼o,0
380,6:20 Did I just hear Yeontan whining or I'm I missing him too much? ğŸ¶ğŸ¤—ğŸ˜™,36
472,7:52ğŸš‘,0
586,"9:46 i really want to watch the videoğŸ˜†ğŸ˜†
Really :( taehyung can you post it??â˜º",4
589,9:49 i want to see thao video ğŸ˜‚â¤ï¸,2
446,"7:26 when Jimin gave V his ""Manager"" look....",13
727,12:07 Jiminnnnn why are you so cuteeeee ğŸ˜­,15
654,"10:54 ì´ë¶€ë¶„ì€ í˜„ì‹¤ ì°ì¹œêµ¬ëŒ€í™”ì˜€ë‹¤ã…ã…
ì§„ì§œë‘˜ì´ë„ˆë¬´ì´ë»",1
250,4:10,0
133,2:13 even the staff laughedğŸ˜‚,0
381,6:21 Es Yeontan el que aulla?,1
433,7:13 ......wow their smiles are so beautiful,0
802,"13:22íƒœí˜•ì˜¤ë¹ !ì € ì´ê±° 13ë¶„46ì´ˆ  
ì—¬ëŸ¬ë²ˆ ì²˜ìŒë¶€í„° ëŒì•„ê°€ë©´ì„œ ë³´ê³ ìˆì–´ìš”..ì§€ê¸ˆë„",0
795,13:15  ê¸°ë¶„ì¢‹ê²Œ ì•ˆë“¤ì„ìˆ˜ê°€ì—†ìë‚˜ìš”..,0
325,5:25 this is my favorite taehyung.,0
333,5:33 WAS THAT A CAT?,0
524,8:44 Caught In A Lie~~~,3
381,6:21 ì—°íƒ„ì´ì¸ê°€??,0
129,2:09 / 13:45. saben cÃ³mo se llama la mÃºsica de fondo?,1
548,9:08 the taehyungie i used to know i miss him,3
132,2:12 please Taehyung make it happen plzzzzzzzzzzzzz ğŸ’œğŸ’œğŸ’œğŸ’œğŸ¤ğŸ¤ğŸ¤ğŸ¤,2
414,6:54 Yes I have ğŸ’œ,0
446,7:26 same same same same,0
380,6:20 sounds like Yoongi ;D,0
416,6:56 I squealED,0
188,3:08 ì›ƒìœ¼ë©´ì„œ ì–˜ê¸°í•œê±° ë„˜ ì¢‹ì•„ ê·¸ë¦¬ê³  ìœ¼ì—ìœ¼ì´ì˜¤ì—ì—!(?) ë¶€ë¶„ì´ ë„ˆë¬´ ê·€ì—¬ì›Œâ¤ğŸ’œğŸ’™ğŸ’›ğŸ’š,0
377,"6:17-6:23 *dog whimper in the background*

...I think Tannie wants to be in the video. Lol :3",0
763,12:43 Jimin was trying to say something but tae interrupted him XD,10
381,"6:21 Tannie, is that you?",0
728,12:08 Jimin is so cute,2
444,7:24 JAJAJAJA PERVERTIDO ğŸ˜‚ğŸ˜‚ğŸ˜‚ğŸ˜‚ğŸ˜‚ğŸ˜‚ğŸ˜‚,2
5,0:05 Hobi scared me for a second there ğŸ˜‚,2
705,11:45 thank you for sharing your school days experience with us... BORAHAE VMIN,6
631,"10:31 thanks to the dumpling incident, â€œFRIENDSâ€ & â€œ4 Oâ€™CLOCKâ€ could come to life! :)",2
590,9:50 please show us the video!!!! Hahaha,0
486,8:06 Jimin: Taehyung is all grown up and looks like an adult. And Iâ€™m a bit sad...,14
447,7:27 that scanning look of Jimin hahaha,0
415,6:55 V: Jiminâ€™s pinky finger grew a bit. Hahaha,0
5,0:05 Ah ma poor hobi ğŸ˜‚ğŸ˜ŸğŸ’œ,1
380,6:20 is that a door noise or a yeontan whine?,1
247,4:07 that smirk of V. Iâ€™m in love,0
137,2:17 Jimin always taking care of his V. So sweet,0
69,1:09 clap if you need help ğŸ¤£ğŸ¤£ğŸ¤£ğŸ¤£,0
381,6:21 I directly thought of TAN when I heard the whimper sound. So cute ğŸ˜…ğŸ¥ºâ¤â¤,3
381,6:21 Yoongi?,0
333,"5:33 and 6:21,  i heard a sound, is that a meow? or is that yeontan? ğŸ˜",0
494,"8:14 he shouldnÂ´t have said that. whatever BTS motivates us with, army will achieve it...",0
474,"7:54 WE MISS THAT TOOOğŸ˜­. I SERIOUSLY DO, I LOVED HIM SOOOO MUCH LIKE THAT.
FYI I LOVE HIM NOW TOO.
U KNOW CUTE AND SEXY VERSION..?  THATS HIM
8:11 AGREEEEE!!!!",0
493,8:13 I sometimes sit like Jimin is sitting now ğŸ˜‚ also I love you too 13:37 â™¡â™¡,0
4,0:04 jajajağŸ˜»âœ¨ğŸ’œ,0
19,"0:19
J ""What do we have that the other teams dont?""
V ""They dont have members of the same age""
lmaooo ok ğŸ˜‚",0
5,"0:05 *ow my ringg* ğŸ˜‚
hahaha i love you hobi",0
93,1:33 ESCUCHE UN GATITO Y NO ESTOY LOCA,0
55,"0:55 tae tae being himself always on a different note 
And then there is jimin hiding his laughter on tae's innocence",19
381,6:21 puppy ???,0
445,7:25 o jimin kkkkkkkkkkkkkk,0
445,7:25 o jimin kkkkkkkkkk,0
380,6:20 is that yeontan?,0
436,7:16 Yes! ğŸ˜‚ TwT,0
84,"1:24 Best Friends forever 
After watching this I started to miss my friends ğŸ˜­",1
190,"3:10
Eu cantando... mais feliz q minha voz",4
416,6:56 ğŸ˜‚ğŸ˜‚ğŸ˜‚ğŸ˜‚ğŸ˜‚IM DEADDDDDDDD OMG ğŸ˜‚ğŸ˜­ğŸ˜‚ğŸ˜­ğŸ˜‚ğŸ˜­,0
380,"6:20 

...yeontan-ie...???",1
563,"9:23
Taehyung in spanish: Â¡Â¡Bueno!!
Soy la Ãºnica que lo escuchÃ³ en espaÃ±ol? jajajaj literal dijo ""Bueno"" en espaÃ±ol alv",19
188,3:08 he look like not a taetae anymore..he looks like TAEHYUNG the way he talking and laughing at the same time is the hottest thingğŸ¥ºand that eyes,0
802,13:22 ok yall taehyung has said it from my point of view i think he is saying tht NO SHIPPING OR ANY AWKWARD CRAP ok hi guys,0
460,"7:40 ğŸ¤” ESCUTEI JIMIN FALANDO 
""ENTÃƒO"" ğŸ‘ğŸ˜†ğŸ‡§ğŸ‡·",3
595,9:55 Cute V ğŸ˜‚,1
28,"0:28 
Jimin: I think our team feels more relaxed than others... we always look happy 
Tae: *Showing zero emotion*
Me: Wheezing",82
588,9:48 Jimins face when Taehyung said he has a video was pricelessğŸ¤£,28
380,6:20 IS THAT YEONTAN,7
587,9:47 taehyung eyes got light up and his smile grew bigger. this is so heartwarming :(,6
587,9:47 omg. Drunk Jimin and Taehyung filming. ğŸ’€ğŸ’€ğŸ’€,2
380,6:20 was that yeontan?,0
381,6:21 Yeontan?,0
446,7:26 wishing someone looked at me like that,1
315,5:15 thatâ€™s what she said,0
409,6:49 how did Jimin not laugh hard at Tae's response ğŸ˜‚ğŸ˜‚,0
826,"13:46 mins,, stare at their faces ğŸ˜” and crying at the same time. 
UGhhhH I am fu<kin inloveğŸ˜¢ğŸ’œğŸ’œğŸ’œğŸ˜­ğŸ˜­ğŸ˜­ğŸ˜­ğŸ˜­",0
802,13:22 VMIN CLARIFICATION ğŸ‘¬ğŸ‘¬,1
137,"2:17 Jimin: The make up will come off if you rub it like that
Me:ğŸ˜‚ğŸ˜‚ğŸ˜‚ğŸ˜‚Iam thinking the same Jimin",22
247,"4:07
Taehyungâ€™s little smile when Jimin said he had faith in him â¤ï¸ Ugh, actual soulmates",0
381,6:21 DID ANYONE HEARD YEONTAN IN THE BACK???,0
175,2:55 his laugh is so cute :),0
382,6:22 íƒ„ì´ ì†Œë¦°ê°€??,0
191,3:11 Thats me trying to sing in KoreanğŸ˜‚ğŸ˜‚,1
381,6:21 is that tannie???,0
489,8:09 8:10 8:11 8:12 .... No i am not cryingğŸ¥ºğŸ¥ºğŸ¥º,0
447,"7:27 
HAHAHAHAHA MANO QUE OLHADA FOI ESSA ?! ğŸ˜ğŸ˜†",8
461,7:41    Jimin said the thing which I always wanted to say.,10
79,"1:19
Jimin: will you collaborate with me again 
Tae: Yes, of course
Vmin nation is in the air;",21
708,11:48 In other words Kim Taehyung from high school days= Han Sung from Hwarang. He was playing himself in Hwarang.,0
3,0:03,0
589,"9:49 Please, release that video, Taehyung ah!!! :)))))",0
443,7:23,0
381,6:21 WAS THAT YEONTAN,0
380,6:20 - was that Yeontan whining because he wants some attention from his Appa?,0
251,"4:11 We really need to understand HOW INTELLIGENT IS JIMIN. Jimin is super intelligent and how he talks and express himself is very mature but still he have his childish self that don't give away his intelligent. We sometimes forget how intelligent he is because he likes to play a lot but Jimin have this kind of thing where he is able to think about his emotions like they are in 3D he sees his emotions from behind like he is not living it but because he is able to do that he can control himself more.Jimin (and others BTS member) is a really role model you can look up on him to feel better, he gives you comfort but still push you to give the best of you like in today's video (2020 class) what he says in his speech was really impressive. Jimin is someone that you want and need as a friend or even someone in your life not just because he is caring and funny but because he is also very Smart and you can go to ask for advice from him, Namjoon even say that he is always asking for advice from Jimin even tho Jimin is Younger than Him and we know how much importance Korean hives to the age. This reminds me at the time where Jackson talk about what is Namjoon for him, he said ""Namjoon is like the end for me, whenever I have a problem I always call him and tell him what is happening to me and Namjoon always hear me until I finish and then told what I should do"" I feel that this that Jackson say about Namjoon is what Namjoon feels about Jimin, Namjoon (and the rest from BTS) have  always tell us since debut they they always come to Jimin whenever they have a problem because Jimin always listen to them and give them advice.",2
504,8:24 mandu mandu ğŸ˜‚,1
596,9:56 - jimin's literally begging tae to not embarrass him LOOOOOOLLLL,4
383,6:23 is that a cat sound?,0
382,6:22 i guess Yeontan is invited here ğŸ¶ğŸ¶,0
379,6:19 is that Yeontan?,0
586,9:46 EPIC,0
247,4:07 wait did Tae just smirk... I think he love what jimin said to him....he's so cuteeeeğŸ˜†,1
28,"0:28 did anyone noticed jimin's eye makeup, he has two white dot beneath his eyes......... ğŸ˜Œ",89
244,4:04,0
80,1:20-1:25 SOBRANG KYOOOOT MAGTAMPO NI JIMIN HAHA,0
50,0:50...why does he think so differently??,1
246,4:06ã…‹ã…‹ã…‹ã…‹ê¸°ì—¬ìš´ì‚¬ëŒ,0
48,0:48 íƒœí˜• ì˜µ ì²œì¬!!!!!,0
565,9:25 tae hmphğŸ¥º,0
333,5:33 Yeontan?,0
495,8:15 time to get started on building a time machine ğŸ˜‚ğŸ˜­,18
263,4:23 jimin said it wrong baby,1
263,4:23 jimin said it wrong baby,0
589,"9:49 show me that video, taehyung-ah",0
381,6:21 was that tannie whining ğŸ¥º,0
380,6:20 : was that yeontan?,0
381,6:21 I hear yeontan,1
588,9:48ì•œ ã…‹ã…‹ã…‹ã…‹ã…‹,0
428,"7:08 Jimin's Facial expression is my facial expression... lol 
ì§€ë¯¸ë‹ˆ í‘œì • ë‚´í‘œì • ^^ ã…‹ã…‹ã…‹ã…‹ã…‹",4
207,"3:27 â€œiâ€™ll hit that note whatever it takesâ€
thatâ€™s my boy",22
804,13:24 it feels like the 2013-2016 taehyung and jimin having fun chatting and armys always wanted to watch and hear your stories we could listen to ur stories all day,6
380,6:20 THERE'S SOME KIND OF DOG VOICE IS IT TANNIE?!!!,14
780,13:00 tete so cute ğŸ˜Ÿ,0
589,9:49 Top 10 anime betrayals,0
138,"2:18 â€œthe makeup will come off if you rub it like thatâ€ 
awww my soulmates ğŸ˜­ğŸ’œ",27
381,6:21 did anyone else hear a dog?,0
380,6:20 is it you yeontan???,0
593,9:53 eu ri por causa da risada do jimin ;-;,2
380,6:20 anyone listened a dogs cute voice?? I think it's tae's dog ....just possibility,0
477,7:57 same,0
799,"13:19 Los veo, y me siento completa como no se imaginan Â¡Los quiero mucho!â¤",8
443,7:23 This Part so funny ğŸ˜‚ğŸ˜‚ğŸ˜‚ğŸ˜‚ğŸ˜‚ğŸ˜‚ğŸ˜‚,1
476,"7:56 jiminiee : - but now he (tae tae) isn't like that anymore . So I'm a bit sad 


Me here : me too ğŸ™ğŸ™ 
I miss that childish Tae Tae
Love you both ğŸ˜˜ğŸ˜˜ğŸ˜˜ğŸ˜šğŸ˜šğŸ˜šğŸ˜šğŸ˜šğŸ˜˜ğŸ˜˜ğŸ˜˜ğŸ˜˜ğŸ˜˜ğŸ˜šğŸ˜šğŸ˜šğŸ˜šğŸ˜˜ğŸ˜˜ğŸ˜šğŸ˜˜ğŸ˜šğŸ˜˜ğŸ˜šğŸ˜šğŸ˜šğŸ˜˜ğŸ˜šğŸ˜šğŸ˜šğŸ˜šğŸ˜šğŸ˜˜ğŸ˜šğŸ˜šğŸ˜˜ğŸ˜˜ğŸ˜˜ğŸ˜šğŸ˜šğŸ˜˜ğŸ˜šğŸ˜šğŸ˜šğŸ˜˜ğŸ˜šğŸ˜š",0
379,6:19 is that Yeontan crying? â˜ºï¸ğŸ¶,0
404,"6:44 parece que o jimin falou 
Changaroase tem que toma no cu kkkkk",4
596,9:56 is beautiful,0
590,"9:50
I want to see the videoğŸ˜‚",0
656,"10:56 ""vocÃª acabou de dizer que mudou e canta que continua o mesmo, nÃ£o faz sentido"" 
""LicenÃ§a poÃ©tica"" hauhauahaha",7
600,10:00 can we see the video? Pleaseeee pleaseeee pleaseee,0
802,"13:22 His words mean that they are all like any ordinary friends like us, So don't ship them with anyone.....",31
471,"7:51

You mean the pokemon Chimchar?",0
381,6:21 was that a dog in the background that I heard?,0
451,7:31 jimin i also miss that side/personality of taehyung..ğŸ˜”ğŸ˜ŠğŸ˜Š,21
380,6:20 íƒ„ì´ ìš¸ìŒì†Œë¦¬ì¸ê°€...,0
648,10:48 R.I.P. Replay buttonğŸ˜«ğŸ˜ Mah ultimate bias aahhhhğŸ˜,0
591,"9:51 
Taehyung oppa: I took a video
Jimin oppa: There's a video?
Me: I WANNA WATCHH!! *raising hand and jumping up like Hermoine in Snape's class*",11
826,13:46 YOONMIN ğŸ“ˆğŸ“ˆğŸ“ˆğŸ“ˆ,0
197,"3:17 
you're welcomed",0
380,6:20 TANNIE IS THAT YOU?,0
560,9:20 and above is soÂ² cute idk why. The way they tell it ğŸ¤£,0
630,"10:30 THIS IS SOME MYSTERY OF THE UNIVERSE, 4 OCLOCK WAS WRITTEN ABOUT THE DUMPLING INCIDENT?!?!ğŸ¤¯ğŸ¤£ğŸ™ˆğŸ¤£ğŸ˜­",155
59,0:59 ì§„ì§œ ì¢‹ì€ë§ì´ë‹¤,0
246,"4:06
*no one:*
jimin: *compliments v*
Then v was like: *yeah bijj I'm that hardworking*",30
589,"9:49 JIMIN IS SO BETRAYED HE WAS DRUNK AND SAD AND V TOOK A VIDEO OF HIM ""WHO DOES THAT? HIM!!"" ğŸ¤£ğŸ¤£ğŸ˜­ğŸ˜­",142
193,3:13:   army wearing headphone and singnig friend,0
68,1:08 que lindo le pusieron friends de fondo,0
380,"6:20 Is that you, Yeontan ? ğŸ˜†",0
421,7:01 he looks so proud of his pinkğŸ˜‚ğŸ˜˜,2
590,9:50 taehyungie please up that video,0
596,9:56 *Their laughter is the best music in the world* ....â¤,2
597,9:57 Please release that video...All the ARMY's have kept wondering about how that incident would be...Taehyung Sir !!! Please reveal that video of the Dumpling Incident !,0
380,6:20 yeonttan? Love..,0
632,"10:32 Jimin and V , the only artists making money over there fightings, thatâ€™s how I want to flex with my friends ğŸ˜‚",23
615,10:15 CONFIRMED 4 Oâ€™CLOCK IS ABOUT JIMINğŸ–i dont make the rules,25
451,"7:31 i miss that side of Taehyung which Jimin shared.
His personality was the one which introduced me to BTS in 2015. Before listening to their songs, I saw Tae's funny vdo compilation.
Nway I am happy that he is becoming mature and I hope that he is happy and well in whatever he does or become.",150
75,"1:15 V didn't even roll his eyeball he just staring at the camera then how could he turned his hand for that high-five ğŸ˜®ğŸ˜¯ğŸ˜®ğŸ˜¯
   OMG there chemistry....!!!",79
85,"1:25 Pouty Jimin is the best Jimin. 
It's so amazing watching their friendship and all they talk about their memories including the embarrassing ones as if they literally are just two boys who just coincidentally happened to have a camera broadcasting their words to the whole world. To me, it reminds me that they're real, and that makes it all the better.
On a shallower note, those diamonds under Jimin's eyes and the one on Taehyung's brow scream perfection...",44
591,"9:51 â€œThereâ€™s a video?â€ it was at this moment, he knew he fÃ¼cked up",1
656,10:56 thank you because thats what i thought lmaoo,0
24,"0:24 
NamSeok: Excuse Me??",0
308,5:08 BIGHIT PLEASE MAKE THIS HAPPENğŸ¤§,0
490,8:10 ahhaha so fannyyğŸ˜‚ğŸ˜‚,0
246,4:06 that smirk tho,0
380,6:20 ğŸ¶?,0
84,"1:24 *""You always say you will but you never do""* OHHH DID HE JUST CALLED OUT TAE SKSKSK SASSY CHIM",25
462,7:42 im cryinggg. Taehyung ahhh i miss you Jimin ahhh i miss you bangtan oppa saranghaeeeğŸ’œâ¤,0
491,8:11 jimin looks soooo freaking cute,11
245,"4:05

(For me to repeat it over and over)",0
444,7:24 Jimin can feel that Taehyung is more mature ğŸ˜­ğŸ˜­  from boy to man ğŸ¥ºâ¤ï¸,1
381,6:21 ì™  ê³ ì–‘ì´ ì†Œë¦¬?,0
4,0:04 I cant with this boy anymore ğŸ˜‚ğŸ˜‚ğŸ˜­,1
415,"6:55
*I CAN'T STOP LAUGHING* ğŸ’€ğŸ˜‚",0
4,0:04 Hobi hyungğŸ˜–ğŸ’™ğŸ’™,0
380,06:20 yeontan??,1
588,9:48 this would be drunk jimin if hes debut as actor one day ğŸ’¯ğŸ¤£,0
707,"11:47 his cute smile and giggle is what i need in this hard times to feel safe and to have some hope in times like this.
Thankyou for being in my lifeğŸ’œ",10
790,"13:10 I do it, sweetie. I'm crying. Thanks for sharing beautiful memories with us.",0
655,10:55 lmao I cannot ğŸ¤£ğŸ¤£ğŸ¤£,1
538,8:58 Okay army this time we got to listen to Taehyung's side on Dumpling Incident ğŸ¤£,0
380,6:20 Yeontan is that you??? ğŸ˜­â™¥ï¸,0
380,6:20 is that yeontan i hear?ğŸ‘€ğŸ’–,0
309,"5:09 ><
5:14 ì´ë¯¸ ì—„ì²­ ë¹¡ì„¼ë° ë” ë¹¡ì„¼ ê±°ë¼ë‹ˆ..ã…ã„·ã„· ON ë³´ë‹¤ ë” ë¹¡ì„¼ ê±°ë¼ê±°..!? ã…ã„·ã„·ã„·ã„·ã„· 5:20",2
330,5:30 IS THAT A CAT I HEARD?,1
82,1:22 jimin kok nyolot ğŸ˜‚ğŸ˜‚ğŸ˜‚ğŸ˜ğŸ˜˜,0
590,9:50 Now I am curious about that videoğŸ˜…ğŸ˜ğŸ’œ,0
246,4:06,1
506,"8:26 
The famous/infamous dumpling incident ğŸ¤£ğŸ¤£ğŸ¤£
Friendship like VMin is rare but beautiful",0
176,2:56 his giggle ğŸ˜­ so cute,0
495,"8:15 you heard him, now someone make a time machine for him !",14
381,6:21  ğŸ•Yeontan calling his Daddy,3
137,2:17 ê¹€íƒœí˜• ë°”ë¼ë³´ëŠ” ë°•ì§€ë¯¼ ëˆˆì—ì„œ ê¿€ ë–¨ì–´ì ¸ã… ã… ,2
810,"13:30 
Tae: i hope you dont find it awkward
Me :  *Sir i feel like i am third wheeling and u telling me not to be awkward*",26
473,7:53 it is true true,0
803,13:23 i felt sorry for them because of the shippers :( theyâ€™re afraid that we might misunderstand their relationship. Theyâ€™re the purest friends Iâ€™ve ever seen.,0
77,1:17 1:20 ë‹¨ì¹¼ì— ëŒ€ë‹µí•˜ëŠ” ê±° ë©‹ì ¸ã… ,1
590,9:50 lmao Jimin had no clue that Tae had a video of it all along (why do i lowkey wanna see it) they're so adorable uwu 95's â™¡,13
84,1:24 Jimin exposing Tae...,0
589,"9:49
I wish I can watch that video. ğŸ˜­ğŸ˜­",0
474,"7:54 same jimin ,we r sad too...we want to see that happy kid again",0
631,"10:31 *""Thanks to the Dumpling Incident, Friends and 4 'O Clock came to life!""*

I HAVE NEVER BEEN SO THANKFUL TO DUMPLINGS IN MY LIFE!",23
5,0:05 ì •í˜¸ë¹„: ëœ¨ì•…! ë°˜ì§€ ìœ¼ì•„ì•…..!,2
809,"13:29 V: I HOPE ARMY WON'T FIND THIS AWKWARD.
          ME: COME ON U SPOKE CANDIDLY ND WE ARMYS ONLY WANTED THISS",89
247,"4:07 That smirk reminded me of Ji chang wook when he proposed park min young in healerğŸ¤­
6:21 I heard a dog barkingğŸ‘»
9:08 V's way of speaking reminded me of Lee min hoğŸ™Š",3
744,"12:24
V:- someone would always have the rice cooked-

Jimin:- -while pointing at himself- it wach me, I was gud at cuking rice!",0
380,6:20 did yoongi meowed?,0
446,7:26 lmao jimin scanning taehyung and the editor make jimin's head bigger  HSHSHSHAJSHSHSJAJS,26
33,"0:33 â€œwe always look happyâ€

taehyung:  ãƒ»__ãƒ»",19
29,"00:29 Jimin... go watch Jan Jan Kook unit. while you guys sitting there calmly, they are hyping",0
381,6:21 Min Yoongi meowed skejkkjddcffgkk ğŸ˜‚ğŸ˜™,0
586,"9:46 I seriously can't stop laughing when they talk about this part. Lol... I even imagined about that incident, how it would be... Lmao",0
202,3:22 So proud of him that he worked so hard and finally hit that note :'),9
43,"0:43 wow.. v answers  the question what scores for this unit is really amazing, i like his smart and wittiness.. thats our boy guys ğŸ˜Š
by the way i can tell jimin and taehyung friendship really strong, they have many stories from long time ago, and through their suffer and happy times together.. wish their friendship will long last forever.",7
729,"12:09 

Jimin that was so cute-",1
246,"4:06

Taehyung: *Smirk*

*SIR THAT'S ILLEGAL SIRRR*",40
656,10:56 ã…‹ã…‹ã…‹ã…‹ã…‹ã…‹ã…‹ã…‹ã…‹ì™œ ë³€í–ˆë‹¤ë©´ì„œ ì•ˆë³€í–ˆë‹¤ë¶€ë¥´ë…´ã…‹ã…‹ã…‹ã…‹ã…‹ê²¸ë‘¥ì´ë“¤ ã… ã… ã… ,0
474,"7:54
Jimin: But now he isn't like that anymore, Ima bit sad.
But now Taehyung is all grown up and looks like an adult.
Me: I feel the same.

Taehyung becomes more mature than before.ğŸ’œ",54
381,6:21 yeontan?? ğŸ‘‰ğŸ‘ˆ,0
84,"1:24 
Jimin is savage.....",1
446,7:26 kkkkkkkk,0
451,7:31 ğŸ˜¢ğŸ˜¢ğŸ˜­ğŸ˜­ we also want our  taetae backğŸ’œhe has changed a lot....just like jimin army is also sad ...he has now grown up...he is no longer mischievous and now he needs a reason to smileğŸ˜£,0
587,"9:47 JIMIN: ""Taehyung...... This is wrong.... Wrong""
9:56 Taehyung:can't do this
Me: lmao",75
58,0:58 v never stop show us that he is unique âœŠğŸ»,21
416,"6:56 
""I think Jimin's pinky finger grew a bit.. compared to nine years ago. They were really cute back then.. but now they have grown a lot""
*Jimin keep playing with his cute pinky finger*



Cuteness overload >_<",2
384,"6:24   what sound was that? 
Kittens? LOL",0
590,9:50 ì™€ ê¶ê¸ˆí•˜ë‹¤ ã…‹ã…‹,1
40,0:40 has anyone also noticed that jimin only speaks to taehyung like this? Because i donâ€™t want to think iâ€™m the only one ğŸ˜‚,0
33,"0:33 
Jimin: We always look happy.
V:  - __ -",18
505,"8:25

Finally someone's asking the real questions",1
594,"9:54 Ğ½ĞµÑ‡ĞµĞ³Ğ¾ Ğ½Ğµ Ğ¿Ğ¾Ğ½ÑÑ‚Ğ½Ğ¾, Ğ½Ğ¾ ÑĞ¼ĞµÑˆĞ½Ğ¾ğŸ˜‚ğŸ¥°",0
590,"9:50
ABÄ° Ã‡ILDIRIYORUM Ã–Ã‡KUYFTFYDFYJDGH
(Turkish Army)",0
589,"9:49
I want this video hahah",1
583,9:43 Jimin acting like he's drunk lmfao,1
473,7:53 ã…œã…œ,0
74,1:14 (@_@),1
826,13:46 Ã‰ e agora que eu surto...AAAHSWSVSKSPZUFSVALQSIXGDVBAQOOSUXVSBQLQISYXVSVWKQOSUDGDBWKAIDGSBEKWIZYDVSJWSIDGSHAKSIDB,0
32,"0:32
Jimin: We always look happy, bright

Taehyung: *having flashbacks of the dumpling fight*",24
381,"6:21 *Yeotan, is that you????*",0
761,12:41ì´ˆ ì´ì•¼ê¸°ë“£ë‹¤ê°€ ì•„ë¯¸ì—ê²Œ í• ë§í•˜ë‹ˆê¹Œ ë°”ë¡œì§„ì§€í•˜ê²Œ ìƒê°í•´ì£¼ëŠ”ê±° ë„˜ì¢‹ì€ê±°ã…œã…¡ã…œã… ,0
590,"9:50 
ğŸ¯ i still have that video
ğŸ¥ You've that video
ğŸ’œ When you guys gonna show us",0
473,"7:53 this is so real. Taehyung changed a lot and I get why Jimin says it's kind of sad not to see that playful side of Tae anymore, but it's ok. We all change and grow up (: I love Tae anyways",37
750,12:30 ..? ë­”ë°?? ì•Œë ¤ì¤˜ ë­”ë° ã… ã… ã… ,1
570,9:30 He is imitating Namjoon. That's clearly Namjoon xDD,30
431,"7:11 this part is so cute â™¡

Vmin soulmates",0
809,13:29 ì˜¤íˆë ¤ ì–´ìƒ‰í•˜ì§€ ì•Šê³  í¸í•´ìš” ğŸ˜‚ğŸ’œ,0
506,8:26  Ğ’ ĞšĞĞšĞĞ™ Ğ£Ğ–Ğ• Ğ ĞĞ— Ğ¯ Ğ¡Ğ›Ğ«Ğ¨Ğ£ Ğ­Ğ¢Ğ£ Ğ˜Ğ¡Ğ¢ĞĞ Ğ˜Ğ® ĞŸĞ Ğ ĞŸĞ•Ğ›Ğ¬ĞœĞ•ĞĞ˜ğŸ˜‚,35
381,6:21 was that Yeontan?,0
450,7:30 ğŸ˜‚ğŸ˜‚ğŸ˜‚ LMAOğŸ˜‚ğŸ˜‚,1
590,"9:50
...........when taehyung said..i had that videoğŸ˜†!..jimin:there is a video?!ğŸ˜±



It got me sooooooo deadğŸ˜‚ğŸ˜‚ğŸ˜‚ğŸ˜‚ğŸ˜‚ğŸ˜‚ğŸ˜‚ğŸ˜‚ğŸ˜‚ğŸ˜‚ğŸ˜‚..",0
247,4:07 he said cap,0
495,8:15 Ğ¸Ğ·Ğ¾Ğ±Ñ€ĞµÑ‚Ğ¸Ñ‚Ğµ Ğ¿Ğ¶ Ğ¼Ğ°ÑˆĞ¸Ğ½Ñƒ Ğ²Ñ€ĞµĞ¼ĞµĞ½Ğ¸ ĞºÑ‚Ğ¾-Ğ½Ğ¸Ğ±ÑƒĞ´ÑŒ ğŸ¥º,33
590,9:50 DROP THE VIDEO TAE-SSIIIIII,0
590,9:50 who wants to see that video of Jimin?!,0
631,"10:31

All thanks to dumpling incident~  ğŸ’œğŸ’œ 

Also thank u bighitt",0
729,12:09 jimin really did the bus thing hahahaha he's so cuteeee,0
589,"9:49 tae please do us the needful 
Your truly ARMY's",3
378,"6:18
Lmao yeontan has come to watch his father
Probably",29
598,9:58 I'll sign a petition for u to show hte video periodt,0
444,7:24 he rlly just checked tae out like that huh ğŸ˜­,0
247,4:07 that smirk thooğŸ˜ğŸ˜ğŸ˜‚ğŸ˜‚ğŸ’œ,0
589,"9:49 *""oh ! i still have the video""* *""there's a video ?!""*

 everyone has that kind of friend ğŸ¤­ğŸ˜‚",252
415,"6:55 Taehyung: I think Jimin's pinky finger grew a bit.


Me (addict ARMY): Wait what??? Wait wait wait *calculating Pictures, Videos, MV, Runs etc.  I've been watching just to see if jimins pinky finger grew and~ then......




Yeahhhh it is ğŸ˜",40
813,13:33 that I LOVE YOU WAS TOTALLY MEANT FOR TAEHYUNG... They are totally soul mates ğŸ˜© I wish I can have a friend like VMIN,0
507,8:27 Ø¶Ø¶Ø­ÙƒÙƒÙƒØªØªØª Ù‡Ù‡Ù‡Ù‡Ù‡Ù‡Ù‡Ù‡Ù‡Ù‡Ù‡Ù‡Ù‡Ù‡Ù‡. ÙƒØ§Ù†ÙˆØ§ Ø­Ø³Ø§Ø³ÙŠÙ† ÙˆÙŠØ²Ø¹Ù„ÙˆÙ† Ø¨Ø³Ø±Ø¹Ù‡ Ø¹Ù„Ù‰ Ø§ØªÙÙ‡ Ø§Ù„Ø§Ø³Ø¨Ø§Ø¨ØŒ ÙˆÙØ¹Ù„Ø§Ù‹ Ù†Ø¶Ø¬Ùˆ,10
333,5:33 suara kocheng siapa woyyy wkwk,0
648,"10:48 Istg they're so cute...Jimin is like you say my pinkie has grown still you sing in the lyrics "" Like your pinky we're still the same"" , it doesn't make sense.
Tae just goes like : artistic license
They're so funny ğŸ¤£ Soulmates ğŸ’œğŸ’œ",92
380,6:20 yeontan: hi daddyğŸ˜‚âœ¨ğŸ’œ,0
85,"1:25 ì§€ë¯¼ ë§íˆ¬ ì§„ì§œ ê·€ì—½ë‹¤ì•„ ã… ã… 
1:25 Jimin's speaking is so cute TT",0
437,7:17 taehyung's boxy smileğŸ¥ºğŸ’œ,3
381,6:21  tannie watching them.?. UwU,0
309,5:09 Ğ¢Ğ•ĞŸĞ•Ğ Ğ¬ Ğ¯ Ğ–Ğ”Ğ£ Ğ¡Ğ›ĞĞ–ĞĞ£Ğ® Ğ¥ĞĞ Ğ¯Ğ“Ğ£ ĞĞ¢ Ğ¢Ğ­Ğ¥Ğ•ĞĞ Ğ˜ Ğ§Ğ˜ĞœĞ˜ĞĞ))),28
332,05:32~05:33 íƒ„ì´? ì•„ë‹Œê°€....,0
436,"7:16 
Our ARMY nation wants to know !!!
We brokes want to know!!
Tannie wants to know!!
Papa mochi !!!
We all want to know 
Best issue ever existed
*WhErE dId jImIn cHeEkS gO?*",22
588,9:48 can we have the video V-ssi? Hahahaha,0
803,13:23 was V directing it to the shippers?,0
5,"0:05 Should've been, 'Ow, my ring that I got from Suga!'",16
80,"1:20 
Jimin: this mean you'll collaborate with me 
tae: yes 
Jimin: then do it.... collaborate you'll always said but you didn't
awwwwww ğŸ˜‚ğŸ’œ",39
192,3:12 aaaaaa babyy taetae kiyowo,0
381,"6:21 ... 
IS THAT YEONTAN? LMAOOOO",0
176,2:56 la risita de Jimin weee ğŸ˜ğŸ˜ğŸ˜ğŸ˜,0
451,7:31 that's what all the army's think ğŸ˜­ğŸ˜­ğŸ˜­,0
576,"9:36 Lo primero que pensÃ© fue en 4 O'clock. Y era verdad! ğŸ˜‚ Tae esperaba a Jimin para hablar despuÃ©s de la pelea, y ahÃ­ se inspiro para hacer la canciÃ³n. En serio, su amistad solo se hizo mÃ¡s fuertes despuÃ©s de eso. Es hermoso ğŸ˜­",10
380,6:20 Yeontan is with TaehyungğŸ’œ,0
590,9:50 drop the video taehyung hahahahğŸ˜‚ jk,0
810,13:30 of course not i mean how could us think like this and all the army and i found it's really amazing friendship and we love to hear about it also thanks for shareing this lovely story and memories with us,1
81,1:21 baby mochi is complaining in tiny,0
595,9:55 hahahahahha ğŸ˜‚,0
36,"0:36 Ù‡Ø°Ø§ Ø´Ùˆ Ø¨Ø¹ÙŠÙˆÙ† Ø¬Ù…ÙˆÙ†Ù‡ØŸ ğŸ¤”ğŸ¤”ğŸ¸ğŸ’…

Ø§Ù„Ø³ÙƒØ± Ø§Ø±ØªÙØ¹ Ø¹Ù†Ø¯ÙŠ ØµØ§Ø± 10000000000 ğŸ’£ 
Ø­Ù„Ø§ÙˆØ© Ù…ÙØ±Ø·ğŸ’…âš°ï¸ğŸ—¿
Ø§Ø®Ø® ØªØ§ÙŠ Ø§Ø®ÙˆÙŠ Ø¨Ù„ØªÙ†Ø¨ÙŠ Ù…Ù† ÙŠÙˆÙ… ÙŠÙˆÙ…Ù‡ ÙŠÙ‚ØªÙ„ğŸ—¡âš°ï¸ğŸ’…ğŸ¸ğŸ’œ
Ø¬Ù„Ø·Ø·Ø·Ø·Ø·Ø·Ø·Ø·Ø·Ø·Ø·Ø·Ø·Ø·Ø·Ø·Ø·Ø·Ø·Ø·Ø·Ø·Ø·Ø·Ø·Ø·Ø·Ø·Ø·Ø·Ø·Ø·Ø·Ø·Ø·Ø·Ø·Ø·Ø·Ø·Ø·Ø·Ø·Ø·Ø·Ø·Ø·Ø·Ø·Ø·Ø·Ø·Ø·Ø·Ø·Ø·Ø·Ø·Ø·Ø·Ø·Ø·Ø·Ø·Ø·Ø·Ø·Ø·Ø·Ø·Ø·Ø·Ø·Ø·Ø·Ø·Ø·Ø·Ø·Ø·Ø·Ø·Ø·Ø·Ø·Ø·Ø·Ø·Ø·Ø·Ø·Ø·Ø·Ø·Ø·Ø·Ø·Ø·Ø·Ø·Ø·Ø·Ø·Ø·Ø·Ø·Ø·Ø·Ø·Ø·Ø·Ø·Ø·Ø·Ø·Ø·Ø·Ø·Ø·Ø·Ø·Ø·Ø·Ø·Ø·Ø·Ø·Ø·Ø·Ø·Ø·Ø·Ø·Ø·Ø·Ø·Ø·Ø·Ø·Ø·Ø·Ø·Ø·Ø·Ø·Ø·Ø·Ø·Ø·Ø·Ø·Ø·Ø·Ø·Ø·Ø·Ø·Ø·Ø·Ø·Ø·Ø·Ø·Ø·Ø·Ø·Ø·Ø·Ø·Ø·Ø·Ø·Ø·Ø·Ø·Ø·Ø·Ø·Ø·Ø·Ø·Ø·Ø·Ø·Ø·Ø·Ø·Ø·Ø·Ø·Ø·Ø·Ø·Ø·Ø·Ø·Ø·Ø·Ø·Ø·Ø·Ø·Ø·Ø·Ø·Ø·Ø·Ø·Ø·Ø·Ø·Ø·Ø·Ø·Ø·Ø·Ø·Ø·Ø·Ø·Ø·Ø·Ø·Ø·Ø·Ø·Ø·Ø·Ø·Ø·Ø·Ø·Ø·Ø·Ø·Ø·Ø·Ø·Ø·Ø·Ø·Ø·Ø·Ø·Ø·Ø·Ø·Ø·Ø·Ø·Ø·Ø·Ø·Ø·Ø·Ø·Ø·Ø·Ø·Ø·Ø·Ø·Ø·Ø·Ø·Ø·Ø·Ø·Ø·Ø·Ø·Ø·Ø·Ø·Ø·Ø·Ø·Ø·Ø·Ø·Ø·Ø·Ø·Ø·Ø·Ø·Ø·Ø·Ø·Ø·Ø·Ø·Ø·Ø·Ø·Ø·Ø·Ø·Ø·Ø·Ø·Ø·Ø·Ø·Ø·Ø·Ø·Ø·Ø·Ø·Ø·Ø·Ø·Ø·Ø·Ø·Ø·Ø·Ø·Ø·Ø·Ø·Ø·Ø·Ø·Ø·Ø·Ø·Ø·Ø·Ø·Ø·Ø·Ø·Ø·Ø·Ø·Ø·Ø·Ø·Ø·Ø·Ø·Ø·Ø·Ø·Ø·Ø·Ø·Ø·Ø·Ø·Ø·Ø·Ø·Ø·Ø·Ø·Ø·Ø·Ø·Ø·Ø·Ø·Ø·Ø·Ø·Ø·Ø·Ø·Ø·Ø·Ø·Ø·Ø·Ø·Ø·Ø·Ø·Ø·Ø·Ø·Ø·Ø·Ø·Ø·Ø·Ø·Ø·Ø·Ø·Ø·Ø·Ø·Ø·Ø·Ø·Ø·Ø·Ø·Ø·Ø·Ø·Ø·Ø·Ø·Ø·Ø·Ø·Ø·Ø·Ø·Ø·Ø·Ø·Ø·Ø·Ø·Ø·Ø·Ø·Ø·Ø·Ø·Ø·Ø·Ø·Ø·Ø·Ø·Ø·Ø·Ø·Ø·Ø·Ø·Ø·Ø·Ø·Ø·Ø·Ø·Ø·Ø·Ø·Ø·Ø·Ø·Ø·Ø·Ø·Ø·Ø·Ø·Ø·Ø·Ø·Ø·Ø·Ø·Ø·Ø·Ø·Ø·Ø·Ø·Ø·Ø·Ø·Ø·Ø·Ø·Ø·Ø·Ø·Ø·Ø·Ø·Ø·Ø·Ø·Ø·Ø·Ø·Ø·Ø·Ø·Ø·Ø·Ø·Ø·Ø·Ø·Ø·Ø·Ø·Ø·Ø·Ø·Ø·Ø·Ø·Ø·Ø·Ø·Ø·Ø·Ø·Ø·Ø·Ø·Ø·Ø·Ø·Ø·Ø·Ø·Ø·Ø·Ø·Ø·Ø·Ø·Ø·Ø·Ø·Ø·Ø·Ø·Ø·Ø·Ø·Ø·Ø·Ø·Ø·Ø·Ø·Ø·Ø·Ø·Ø·Ø·Ø·Ø·Ø·Ø·Ø·Ø·Ø·Ø·Ø·Ø·Ø·Ø·Ø·Ø·Ø·Ø·Ø·Ø·Ø·Ø·Ø·Ø·Ø·Ø·Ø·Ø·Ø·Ø·Ø·Ø·Ø·Ø·Ø·Ø·Ø·Ø·Ø·Ø·Ø·Ø·Ø·Ø·Ø·Ø·Ø·Ø·Ø·Ø·Ø·Ø·Ø·Ø·Ø·Ø·Ø·Ø·Ø·Ø·Ø·Ø·Ø·Ø·Ø·Ø·Ø·Ø·Ø·Ø·Ø·Ø·Ø·Ø·Ø·Ø·Ø·Ø·Ø·Ø·Ø·Ø·Ø·Ø·Ø·Ø·Ø·Ø·Ø·Ø·Ø·Ø·Ø·Ø·Ø·Ø·Ø·Ø·Ø·Ø·Ø·Ø·Ø·Ø·Ø·Ø·Ø·Ø·Ø·Ø·Ø·Ø·Ø·Ø·Ø·Ø·Ø·Ø·Ø·Ø·Ø·Ø·Ø·Ø·Ø·Ø·Ø·Ø·Ø·Ø·Ø·Ø·Ø·Ø·Ø·Ø·Ø·Ø·Ø·Ø·Ø·Ø·Ø·Ø·Ø·Ø·Ø·Ø·Ø·Ø·Ø·Ø·Ø·Ø·Ø·Ø·Ø·Ø·Ø·Ø·Ø·Ø·Ø·Ø·Ø·Ø·Ø·Ø·Ø·Ø·Ø·Ø·Ø·Ø·Ø·Ø·Ø·Ø·Ø·Ø·Ø·Ø·Ø·Ø·Ø·Ø·Ø·Ø·Ø·Ø·Ø·Ø·Ø·Ø·Ø·Ø·Ø·Ø·Ø·Ø·Ø·Ø·Ø·Ø·Ø·Ø·Ø·Ø·Ø·Ø·Ø·Ø·Ø·Ø·Ø·Ø·Ø·Ø·Ø·Ø·Ø·Ø·Ø·Ø·Ø·Ø·Ø·Ø·Ø·Ø·Ø·Ø·Ø·Ø·Ø·Ø·Ø·Ø·Ø·Ø·Ø·Ø·Ø·Ø·Ø·Ø·Ø·Ø·Ø·Ø·Ø·Ø·Ø·Ø·Ø·Ø·Ø·Ø·Ø·Ø·Ø·Ø·Ø·Ø·Ø·Ø·Ø·Ø·Ø·Ø·Ø·Ø·Ø·Ø·Ø·Ø·Ø·Ø·Ø·Ø·Ø·Ø·Ø·Ø·Ø·Ø·Ø·Ø·Ø·Ø·Ø·Ø·Ø·Ø·Ø·Ø·Ø·Ø·Ø·Ø·Ø·Ø·Ø·Ø·Ø·Ø·Ø·Ø·Ø·Ø·Ø·Ø·Ø·Ø·Ø·Ø·Ø·Ø·Ø·Ø·Ø·Ø·Ø·Ø·Ø·Ø·Ø·Ø·Ø·Ø·Ø·Ø·Ø·Ø·Ø·Ø·Ø·Ø·Ø·Ø·Ø·Ø·Ø·Ø·Ø·Ø·Ø·Ø·Ø·Ø·Ø·Ø·Ø·Ø·Ø·Ø·Ø·Ø·Ø·Ø·Ø·Ø·Ø·Ø·Ø·Ø·Ø·Ø·Ø·Ø·Ø·Ø·Ø·Ø·Ø·Ø·Ø·Ø·Ø·Ø·Ø·Ø·Ø·Ø·Ø·Ø·Ø·Ø·Ø·Ø·Ø·Ø·Ø·Ø·Ø·Ø·Ø·Ø·Ø·Ø·Ø·Ø·Ø·Ø·Ø·Ø·Ø·Ø·Ø·Ø·Ø·Ø·Ø·Ø·Ø·Ø·Ø·Ø·Ø·Ø·Ø·Ø·Ø·Ø·Ø·Ø·Ø·Ø·Ø·Ø·Ø·Ø·Ø·Ø·Ø·Ø·Ø·Ø·Ø·Ø·Ø·Ø·Ø·Ø·Ø·Ø·Ø·Ø·Ø·Ø·Ø·Ø·Ø·Ø·Ø·Ø·Ø·Ø·Ø·Ø·Ø·Ø·Ø·Ø·Ø·Ø·Ø·Ø·Ø·Ø·Ø·Ø·Ø·Ø·Ø·Ø·Ø·Ø·Ø·Ø·Ø·Ø·Ø·Ø·Ø·Ø·Ø·Ø·Ø·Ø·Ø·Ø·Ø·Ø·Ø·Ø·Ø·Ø·ÙˆÙ†ÙŠğŸ’…ğŸ—¡ğŸŒšğŸ—¿âš°ï¸",0
380,"6:20 listen carefully was tannie a special appearance?! It sounded like a dog!!
And I think I M wrong pls correct me if I am!",0
270,"4:30 ÙˆØ´ Ø¥Ù„ÙŠ ÙØ¹ÙŠÙˆÙ† Ø¬Ù…ÙŠÙ† Ø¯Ù…ÙˆØ¹ ÙˆÙ„Ø§ Ø¥ÙŠ 

ØªØ±Ø¬Ù…Ù‡ Ø¨Ø§Ù„Ù„Ù‡ ğŸ˜‚ğŸ”ª",0
511,8:31 the dumpling indigent is never going to be forgotten ğŸ˜‚just leave the poor dumpling alone,0
174,"2:54 AWWWWW he said the note was too high and requested to lower itğŸ˜©ğŸ’“

heâ€™s so cute and i love his deep voice ğŸ˜Œ",1
559,9:19 trUstFrAtEd,1
246,4:06 The smirk! <3,0
201,3:21 Ñ‚Ğ¾Ğ»ÑŒĞºĞ¾ Ğ½Ğµ Ğ³Ğ¾Ğ²Ğ¾Ñ€Ğ¸Ñ‚Ğµ Ñ‡Ñ‚Ğ¾ Ñ‚Ñ Ğ½Ğµ Ğ·Ğ½Ğ°ĞµÑ‚ ÑĞ¾Ğ±ÑÑ‚Ğ²ĞµĞ½Ğ½ÑƒÑ Ğ¿ĞµÑĞ½Ñ?!,0
135,"2:15 taehyung is me...everytime i use eyeliner or Kajal or eyeshadow....ğŸ˜‚ğŸ˜‚ğŸ˜‚





Love yourselfğŸ’œpeace âœŒ",0
589,9:49 I really want to watch the video,0
381,6:21 WHAT IS IT?,0
415,"6:55
Tae: "" I think Jimin's pinky has grown about""
Jimin: I see (smugly plays with little finger with the cutest smile on his face)",109
136,"02:16

Th : *rub his eyes*
Jm: the makeup will come off if you rub it like that
OMG! HE PAYS ATTENTION TO LITTLE THINGS FOR TAEHYUNG

ASJDHSKDLABDKAAJ I LOVE YOUUUUUUUUUUUUU ğŸ’•ğŸ’•ğŸ’•ğŸ’•ğŸ’•ğŸ’•ğŸ’•ğŸ’•",0
590,9:50 ğŸ˜ so cute,0
660,11:00 ArTIstiC license hfzfjzfjxgjx  lmao Tae ğŸ¤£ğŸ¤£ğŸ¤£ğŸ¤£ğŸ˜‚ğŸ˜‚ğŸ¤£ğŸ˜‚ğŸ¤£ğŸ˜‚ğŸ¤£,0
803,13:23 guess taetae knew about those all shipping fanfic until he has to tell us this ğŸ˜‚ğŸ˜‚,1
431,7:11 I feel you Tae... Me too feel sad when Jimin's pinky grown and his cheecks is goneğŸ˜€ but he is still the softest mochi....,0
1,"0:01
*Jimin waiting to slam those army's into a realm of unknown sexiness*",0
333,5:33.......meow?ğŸ˜‚ğŸ˜,0
809,"13:29 Excuse us sir! Find it awkward?
I can listen to you 2 for my whole life and never get tired but yes I would be crying and smiling the whole time because you two are indeed soulmates and too pure to be true  à²¥â€¿à²¥ Angels ğŸ’œ I'm gonna cherish this video forever... Looking forward to more VMIN moments T_T",22
505,8:25 ì—¬ê¸°ì„œë¶€í„° ë„ˆë¬´ ì¬ë¯¸ìˆì—ˆê³ (ê·¸ ì „ì—ë„ ì¬ë¯¸ìˆì—ˆì§€ë§Œ) ë§ˆì§€ë§‰ì— ë‘˜ì´ ì–˜ê¸°í•˜ëŠ”ê±° í•˜ë‚˜ë„ ì•ˆ ì–´ìƒ‰í•˜ê³  ì¢‹ìœ¼ë‹ˆê¹Œ í‰ì†Œì—ë„ ê·¸ë ‡ê²Œ í•´ì¤˜ìš”ì˜¤,0
380,6:20 You can hear Yeontan whining.,0
500,8:20,0
381,6:21 yeontan?,7
489,"8:09 I agree with jiminie.. At hwarang interview taehyungie said he want to look manly & cross his legs like hwarang hyungs so he try to copy what they doğŸ˜ŠğŸ˜Š but they all turn out great ğŸ‘ As long as they are happy ,healthy Iâ€™m happyğŸ’œğŸ’œğŸ’œğŸ˜®ğŸ’œ",24
415,"6:55 
íƒœ: I think Jimin's pinky grew a little bit
Me: *fall on the ground from laughing*
Notice: *This band is against bullying* ğŸŒšâœ‹ğŸ˜‚",0
382,6:22...was yeontan in the studio ???,0
246,"4:06 
Taehyung: hmm
Me:ğŸ˜‚ğŸ˜‚ğŸ˜‚",0
630,10:30 WE BETTER THANK MR.DUMPLING!!!,1
625,10:25  4 o'clock is my favourite song â™¡â™¡â™¡,0
445,"7:25 Jimin is ARMY for milliseconds checking out Tae ğŸ‘€ 

Same baby same!",0
198,3:18 omg my heart,0
549,9:09/9:53 so cuteğŸ˜­ğŸ˜ğŸ’œ,1
707,"11:47 jimin is so cute ğŸ˜‡
and tae's smile ğŸ˜‡",17
381,6:21 is yongtan is also there....,0
498,"8:18 TAE : if someone makes a time machine one day , i will show army's what i was likeğŸ˜Š 
ME : don't worry baby you don't need to show us that becoz we have seen you grow from that baby into the man you are today ğŸ’œğŸ¥ºğŸ˜",50
246,4:06 and 7:24 *PERIODT*,1
381,"6:21 
Did one of them got a cat??",0
586,9:46 V and jimin is best friends forever they are so cute together,2
505,"8:25 Q: what was the dumpling incident?                                                       
Me: PLZ not again ğŸ˜‚",0
614,10:14 ë§Œë‘ì‚¬ê±´ìœ¼ë¡œ ìƒê¸´ ê³¡ì´ ë„¤ì‹œë¼ê³ ???????????????ë¯¸ ì³¤ ë‹¤,0
72,1:12 genius mode on (why are you so cool without even trying taetae),0
600,10:00 THERES A VIDEOSKFJDKDJDKDKD,0
506,"8:26 I know that you change alot , but I love your past and new character , I just want you to be happy forever tae â™¡â™¡â™¡",0
586,9:46 my favourite part soo cute....ğŸ˜ğŸ˜˜ğŸ˜˜,0
443,7:23 jimin scaning tae ğŸ˜‚ğŸ˜˜,0
446,7:26ğŸ˜¶,1
464,7:44-8:24 Guys watch this part. I don't know what to say. But I can completely relate to Taehyung.,0
337,5:37 and 6:22 is where I hear whining ğŸ˜”,2
753,12:33ÙØ¯ÙŠÙŠÙŠØª Ø§Ù„ÙÙŠÙ…ÙŠÙŠÙ† ÙˆØ§Ù„Ù„Ù‡ Ø§Ø¬Ù…Ù„ ØµØ¯Ø§Ø§Ø§Ù‚Ù‡ Ø¨Ù„ÙƒÙˆÙ† Ù„Ù† ÙŠÙƒØ±Ø±Ù‡Ø§ Ø§Ù„Ø²Ù…Ù† ğŸ˜­ğŸ’œğŸ’œ,3
594,9:54 Iâ€™m offfffğŸ˜‚ğŸ˜‚ğŸ˜‚ğŸ˜‚,0
380,"6:20 ÙŠÙˆÙ†ØªØ§Ù† Ø­Ø¨ÙŠØ¨ÙŠ Ø£ØµØ¯Ø±  ØµÙˆØª  
Ù‚Ù„Ø¨ÙŠÙŠÙŠÙŠÙŠÙŠ Ø¨Ù…ÙˆØª Ø¬Ù…Ø§Ù„ ØªØ§ØªØ§ ÙˆØ§Ø§Ø§Ø§ÙŠ 
Ù„Ùˆ Ø§ØªÙ…Ù†Ø§ Ø¨Ø³ Ø§Ù„Ù…Ø³ Ø´Ø¹Ø±Ù‡ Ù…Ù†Ù‡ Ø¨Ø¯ÙˆÙˆÙˆØ® 
ğŸ˜¢ğŸ˜¢ğŸ˜¢LOVE YOU  TATAğŸ’™ğŸ’™",0
230,"3:50 - Taehyung mind's what should I say? 
4:07 - Taehyung: Hmm 
Me: ğŸ˜‚ğŸ˜‚ğŸ˜‚",7
710,11:50 YEY I FINALLY SAW HIM SMILEğŸ’œğŸ’œ,1
328,5:28/7:13/9:27 taehyung box smileğŸ˜­ğŸ˜­ğŸ˜ğŸ’œğŸ’œ,1
310,"5:10 
Tae : I want to dance with jimin.
Jimin : oooh really ?
Me : *OOOOOOH REALLY???????? YEEEEEEEEEES I AGREE WITH THAT*",150
57,"0:57 ë°•ì§€ë¯¼ ì°ì›ƒ í‘œì •ã…‹ã…‹ã…‹ã…‹ã…‹
ì§„ì§œ ë„ˆë„¤ ë‘˜ì´ ì‚¬ë‘í•˜ê³  ë‹¤í•´ë¼!!",0
137,"2:17 this FRIENDS
Afraid of each other
ğŸ¥ğŸ¯",0
598,9:58 I can't ğŸ¥ºğŸ˜­ğŸ˜­ğŸ˜­ğŸ˜­ğŸ˜­ğŸ˜­ğŸ˜­ğŸ’œğŸ’œğŸ’œğŸ’œğŸ’œğŸ’œğŸ’œğŸ’œ,0
309,"5:09 
Taehyung: Personally, I want to dance with Jimin.
Jimin: wow really?
Me: I'm always looking forward to that even if it'd be probably the reason of my death. ğŸ˜",0
382,"6:22 yeontan's ????

or maybe I misheard",0
332,5:32 is that Yeontan's whine?? ğŸ˜,0
562,9:22 I donâ€™t know why but I can so hearing Suga say thatğŸ˜‚,2
597,9:57ğŸ˜‚ğŸ¤£ğŸ¤£tae ğŸ˜‚ğŸ¤£,2
381,6:21  wtf was that yeontan whining what,0
246,"4:06
rip that zoom and that little ""hm"" ğŸ¥º
And that lil gulp :(( 4:14
i love them ğŸ˜”",0
767,12:47 taehyung is soooo cute â™¥,0
589,9:49 Ø´Ù†ÙˆÙˆ Ù‡Ø°Ø§Ø§Ø§ Ø¨Ù…ÙˆÙˆÙˆØªØªØª ØµØ§Ø±Ùˆ Ø¹Ø¬Ø§Ø¦Ø² ÙˆÙ„Ø§ Ø´Ù†ÙˆÙˆ ğŸ˜­ğŸ˜‚ğŸ’œ,1
381,"6:21 
Sound of a dog???????? 
Yeontan????",1
434,7:14 ì§€ë¯¼ì´ì˜ ë³¼ì´ ì–´ë””ê°”ë‚˜ìš” ã…‹ã…‹ã…‹ã…‹ã…‹ã…‹ã…‹ã…‹ã…‹ã…‹ã…‹ã…‹,0
380,6:20 is that Yeontan yawning?,0
469,"7:49 So jiminie misses mischievous Taetae too, huh? (â€¢Ó©â€¢)â™¡",0
445,7:25 OMG ğŸ˜‚ğŸ˜‚ğŸ˜‚ğŸ˜‚ğŸ™ˆğŸ’œğŸ’œğŸ’œğŸ’œğŸ’œğŸ’œğŸ’œ,1
464,"7:44 ğŸ¥º
_""He isn't like that anymore, so I'm a bit sad""_
_""Taehyung is now all grown up and looks like an adult""_

Coming from JiminğŸ¥ºğŸ’œ I support the more matured TaeTae â¤ï¸",134
396,6:36ğŸ˜,0
411,"6:51 In V's eyes how is Jimin in his  20s different from his teens years ? 
V : I think his pinky grew *A BIT*... Back then it was really cute .. Jimin cheeks has gone ..Bring back Jimin's cheeks (I-ğŸ˜­ğŸ˜­ğŸ˜­)",0
447,"7:27 
Jimin - scanning tae
Tae - ğŸ‘½hello my alien 
ğŸ¤£ğŸ¤£ğŸ¤£",1
593,9:53 KKKKKKKKKKKKK TO RINDO SEM ENTENDER ğŸ¤£ğŸ¤£ğŸ¤£ğŸ¤£ğŸ‡§ğŸ‡·ğŸ‡§ğŸ‡·ğŸ¤¡ğŸ¤¡ğŸ¤¡,5
436,"7:16 
jimin finding jams and his cheeks",1
427,7:07 ê±´ê°• ë§¨ë‚ í•´ìš” ì— ì´ì€ ì„±ì¥ ë§ì´ í–ˆì–´ìš” ã… ã… ã… ã… ê·€ì—½ë‹¤ ì§„ì§œã… ã… ,0
380,"6:20
*Was I the only one who thought it was Yeontan?* ğŸ˜‚",0
137,2:17 they are so cute!!,0
430,7:10 ğŸ’œğŸ’œğŸ’œ,0
416,"6:56ğŸ¤£ğŸ¤£ğŸ¤£  ""I think Jimin's pinky finger grew a bit""",1
311,"5:11 I love their friendship my heat this is so cute

Hahhahah 6:55 jimin pinky finger grew j bit I love crackheads
7:06 I need a friend ship like this and jimin cheeks are gone ( l loved jimin chubby cheeks)

Pls protect this baby 8:16 whyy I donâ€™t wanna cry heâ€™s so precious

Dumpling accident 8:41 they didnâ€™t talk to each other for 2 weeks",0
380,6:20 THE SOUND IS THAT A CAT OR DOG OR AM I HEARING THINGS??,0
411,"6:51 

[In V's eyes, how is Jimin in his 20's different from his teen years?]

V: I think his pinky finger grew a little bit
me: eye- SSKSKSKSKSKKSKS",1
435,"7:15 â€œwhere did jimin's cheeks goâ€œ 
im gonna crY ğŸ¥ºğŸ˜­ğŸ¤§ğŸ’•ğŸ’“ğŸ’—",4
446,7:26 me and my bff ahahhaha cute,0
492,8:12 We can relate chimchim,0
390,"6:30 AM en Chile

DORMIR QUIEN TE CONOCE?????",0
422,"7:02 Ø¬ÙŠÙ…ÙŠÙ† ÙŠØ¨Ø§ÙˆØ¹ Ø¹ Ø§ØµØ§Ø¨Ø¹ ØªØ§ÙŠ Ù‡Ù‡Ù‡Ù‡Ù‡  Ø´ÙƒÙ„Ù‡ ÙŠØºÙ†ÙŠ 
Ù„Ø§Ø§Ø§Ø§ ÙŠØ§Ø§ Ø²Ù…Ù…Ù…Ù†ğŸ˜‚ğŸ˜‚ğŸ˜‚ğŸ˜‚",4
415,"6:55 
JiMin- ..........",1
494,"8:14 V : ""If someone makes a time machine one day, I'll show ARMY what I was like"" ...... Staaaaaap my tiny heart uff",80
689,11:29 hahahaha Tae is really the naughty doll,0
381,6:21 í˜¹ì‹€...ì—°íƒ„ì´ë‹ˆ?!!?,0
381,6:21 sounds like a cat  lmao,1
380,6:20 YEONTAN?! (â—•á´—â—•âœ¿),0
495,"8:15 tae volve a sonreir de esa forma y te juro q el q paga el transplante de corazon sos vos..te amo,pero si sonreis asi otra vez literal mi corazon dejara de latirğŸ’œğŸ’œ",0
756,12:36 OMGğŸ¥°ğŸ˜ğŸ¥ºâœ¨âœ¨,0
381,6:21 is that u tannie? :',0
415,6:55 ğŸ˜‚ğŸ˜‚ğŸ˜‚ğŸ˜‚ğŸ˜‚ Tae had to mention thatğŸ˜‚ğŸ˜‚ğŸ˜‚,2
415,"6:55 ""I think Jimin's pinky finger grew a bit"" I-",1
3,"0:03Ù…Ø§ Ø§Ø¹Ø±Ù Ø§Ø¶Ø­Ùƒ ÙˆÙ„Ø§ Ø§Ø²Ø¹Ù„ Ø¹Ù„Ù‰ Ø¬ÙŠÙ‡ÙˆØ¨ğŸ˜‚ğŸ˜‚ğŸ˜­ğŸ˜­




Ø§Ø±ÙˆØ­ Ø§Ø´Ø±Ø¨ Ø­Ù„ÙŠØ¨ ÙˆÙ…ÙˆØ² Ø§Ø­Ø³Ù†ğŸ¼ğŸŒ",15
415,"6:55 I think jimin's pinky finger grew a bit
Lol tae
I chocked
This guys seriously",0
606,10:06 like if you want to see the video too ğŸ˜‚ğŸ˜…,1
445,7:25 KKKKKKKKKKKKKKKKKKKKK AMEI A CARA NO JIMIN ğŸ‡§ğŸ‡·ğŸ‡§ğŸ‡·ğŸ‡§ğŸ‡·ğŸ˜”ğŸ˜”ğŸ˜”ğŸ˜”ğŸ¤¡,0
382,6:22 I thought I heard a cat,0
432,7:12  ĞµĞ³Ğ¾ ÑƒĞ»Ñ‹Ğ±ĞºĞ° Ñ‚Ğ°Ğº Ğ¿Ñ€ĞµĞºÑ€Ğ°ÑĞ½Ğ° ğŸ˜ğŸ˜˜â™¥,0
381,6:21 i can hear tannie ğŸ˜­ğŸ˜­ğŸ˜­,0
312,5:12 yes please,1
444,"7:24 OMG JIMIN-SSI CALM DOWN, WE KNOW U BOTH ARE SOULMATES",0
134,2:14 find yourself a man that looks at you the same way jimin looks at tae,0
315,"5:15 Tae: Personally , I want to dance with Jimin
Jimin : Really ?
Tae : Something *REALLY HARD* 
ğŸ˜³ğŸ”¥",1
166,"2:46 
AnÃ¡lise",0
197,3:17 WTF Taehyung,0
134,"2:14 

No one

Not even Huda Beauty

Jimin and The make up artist of V: sweating",1
332,"5:32 y'all, was that a cat?",0
246,4:06 that smirkğŸ˜‚ğŸ˜‚â¤â¤ğŸ’‹ğŸ’‹ğŸŒğŸŒğŸŒğŸ¤Ÿ,1
383,6:23 yeontan vibing yâ€™all xD,0
76,1:16 JIMIN BEING A TOUGH MOCHI,1
16,"0:16 

They only knew about themselves when I was melting ğŸ’˜",1
404,6:44 my mom in my doorway when she caught me watching fanfics at 3 AM,1
151,2:31 Ñ‡Ñ‚Ğ¾ Ñ‚ÑÑ…ĞµĞ½ Ğ´ĞµĞ»Ğ°ĞµÑ‚ Ğ¿Ñ€Ğ°Ğ²Ğ¾Ğ¹ Ñ€ÑƒĞºĞ¾Ğ¹ Ğ² ĞºĞ¾Ñ€Ğ¼Ğ°Ğ½ĞµğŸ—¿ğŸ˜? Ğ˜ Ñ‚Ğ°Ğº Ğ²ÑĞµ Ğ½Ğ°Ñ‡Ğ°Ğ»Ğ¾ ğŸ˜ğŸ˜ğŸ˜,0
178,2:58 THE LAUGHS GUYS THE LAUGHS IM DEAD,0
816,13:36 mee toooğŸ¥ºğŸ’œ,1
246,4:06 TAEHYUNGâ€™s SMIRK I CANâ€™T AJSJSHEJSGEHğŸ˜‚,23
415,"6:55 ""i think jimins pinky grew a little bit""

I'm not crying you areğŸ˜­ğŸ˜­ğŸ’œ",36
190,"3:10.  9:48. 11:45 Ğ£Ğ»Ñ‹Ğ±ĞºĞ° Ğ¢ÑÑ…Ñ‘Ğ½Ğ° Ğ¼ĞµĞ½Ñ ÑƒĞ±Ğ¸Ğ²Ğ°ĞµÑ‚ ğŸ¤¤ğŸ˜â™¥ğŸ‡°ğŸ‡¿

_Ğ’Ğ˜ĞœĞ˜ĞĞ˜_ ÑĞ°Ğ¼Ñ‹Ğµ Ğ»ÑĞ±Ğ¸Ğ¼Ñ‹Ğµ Ğ¸ Ğ»ÑƒÑ‡ÑˆĞ¸Ğµ _Ğ¡ĞĞ£Ğ›ĞœĞ•Ğ™Ğ¢Ğ«_ â™¡â™¡â™¡ 12:33",42
610,10:10 HAHAHAHAHAHHAAHA,1
814,13:34 Love you too ğŸ’œğŸ’œğŸ’œ,0
82,1:22 y sus berrinchitos aaaaa bebu,0
246,4:06 tae ğŸ¤£ğŸ¤£ğŸ¤£ğŸ¤£ğŸ¤£ğŸ¤£ğŸ¤£ğŸ¤£,0
137,2:17 ë°•ì°œ ì„¸ìƒ ìŠ¤ìœ—í•´..ì½”ë¡œë‚˜ ì¡°ì‹¬í•˜ì‹œê³  ê±´ê°• ë§¨ë‚  í•˜ì„¸ìš”...ğŸ’—,0
575,9:35 with suga?? Yoonmin,0
36,0:36 *ë§‘ê³  ê¹¨ë—í•œ ì¹ ì„±ì‚¬ì´ë‹¤*,1
77,"1:17

Jimin: Does that mean you'll collaborate with me again?

V: Ofcourse

OMGG , IS THIS A SIGN? OR WHAT?",53
193,3:13 - *If this isnâ€™t all of us international ARMYs*,0
176,2:56 OOO SORRISINHO DO JIMIN TODO TÃMIDO UM NENÃŠ KHSIANAUSBDISNEIENE ğŸ˜”ğŸ˜”ğŸ˜”ğŸ‡§ğŸ‡·ğŸ‡§ğŸ‡·ğŸ‡§ğŸ‡·ğŸ‡§ğŸ‡·ğŸ¤¡ğŸ¤¡,1
77,1:17 another collab? My soul is quakingg T_T,0
137,2:17 The makeup will come off if you rub it like thatğŸ˜‚ğŸ˜‚ğŸ˜‚ğŸ˜‚Jimin PLEASE.,0
29,0:29 The sparkles below his eyes omg GIVE THAT STYLIST A RAISE!!!!!!!,2
36,0:36-ğŸ¥°ğŸ˜˜ğŸ˜ğŸ˜ğŸ˜Jimin,1
79,"1:19 
Jimin: You'll collaborate with me again?
Tae:Of course 
Jajsjsksksjskdksjdhjsj",11
273,4:33 in the morning in America,0
250,4:10 look at taetae's smirkğŸ¥ºğŸ¥ºğŸ¥ºğŸ’œğŸ’œğŸ’œğŸ’œ,0
80,1:20 Hit like if Pouty and whining is your favorite filter on Jimin too <3,1
333,5:33 tae es hermoso ğŸ˜˜ğŸ˜˜ğŸ˜˜,0
333,5:33am in mexico city,0
4,"0:04
J hopeğŸ˜‚ğŸ˜‚ğŸ˜­ğŸ’œğŸ’œ",0
392,6:32am June of 2020,1
451,07:31 am tengo sueÃ±o pero todo por btsğŸ’œğŸ’œ,0
33,0:33 LMAO look at their faces when they say they always look happy,11
211,"3:31 a.m seguimos ğŸ’œğŸ’œğŸ’œ
Vmin Vmin Vmin Vmin Vmin Vmin Vmin Vmin Vmin Vmin Vmin Vmin
ğŸ’šğŸ’›ğŸ’šğŸ’›ğŸ’šğŸ’›ğŸ’šğŸ’›ğŸ’šğŸ’›ğŸ’šğŸ’›",43
