262,4:22 Artist Jeon Jungguk explaining the painting ğŸ¨,1
304,5:04 a sentence I understood without subtitles ğŸ˜‚,0
548,9:08 it reminds me of Hogwarts!!,0
560,9:20 Hogwarts vibe damnğŸ˜²ğŸ˜²ğŸ˜²,0
525,8:45 STAFF SEPARATING TAEKOOK????????????????????,0
370,6:10 master of destruction panic face when the screen of the set turned off ğŸ˜‚ğŸ˜‚ğŸ˜‚,6
16,"0:16 Doesn't Hobi look like a small kid , smiling brightly!!!!",3
123,2:03 omg cute ğŸ˜,0
166,02:46 ã…ã…,0
399,6:39 What song was that again??,0
120,"2:00 cuteness overloaded ğŸ˜â˜ºï¸
Cutie Mochi  ğŸ’œ",1
148,2:28,0
251,4:11 this pic oh my got is it true he did who has pink hair colour?,1
358,5:58 the way they tricked bts HAHAHAHA and their reaction tho after they knew it was just screen,2
166,2:46 He scared me screaming that it was really funny Jimin,12
164,2:44 no supero el grito de Jimin. JAJAJA xD,2
547,9:07 when you are an ARMYğŸ’œand âš¡ POTTERHEAD,0
155,2:35 Taekook ğŸ˜,1
165,2:45 ì•œã…‹ã…‹ã„±ã„±ã…‹ã…‹ã„±ã…‹ã„±ã…‹ã…‹ì§€ë¯¼ì˜¤ë¹  ê·¸ ê³°ì¸ì¤„ì•Œì•˜ë„¤ã…‹ã…‹ã…‹ã…‹ã…‹ ê·€ì—¬ì›Œ,1
249,4:09,1
373,6:13 THAT LOOK ON JOON'S FACE DHGBFIUD,0
373,6:13 Joonie face will always kill meğŸ˜‚ğŸ˜‚ğŸ˜‚,0
39,0:39 this is me with everyone BRUH,0
654,"10:54 Jungkook n Jin are looking like real brothers as the years pass, they look same these days.. #handsomebrothers
JK's painting there, he is so talented... I don't think I have seen anyone more cuter than fetus kookie :>
Jk taking pics of his hyungs is love.. He has such a pure relation with Jin n jhope",30
370,"6:10
Namjoon's IQ of 148 crashed for a moment..ğŸ˜†",118
230,"3:50
*So this is how jimin will be sitting in tub huh...??* ğŸ˜ğŸ˜ğŸ˜",9
283,4:43 im crying. Joonie :(( â™¡â™¡â™¡,1
165,"2:45 why did Jimin scream like that?
I'm dedd ğŸ˜‚ğŸ˜‚ğŸ’€",55
81,01:21 como me representa  v,1
389,6:29...HEY MAMA !!!ğŸ˜ğŸ˜ğŸ˜,0
150,2:30...Adorable..ğŸ˜ğŸ˜ğŸ˜ğŸ˜,0
369,6:09-6:13...RM's confusing face...ğŸ˜ğŸ˜ğŸ˜ğŸ˜cute!!!!,0
166,2:46 a whole babie alSO LOOK AT HOBI LOSING IT,13
331,5:31 - 6:26 ''WOAH'' that's cuteğŸ˜‚ğŸ˜‚ğŸ˜‚,21
148,"2:28
Who is Jeon Jungkook 
I only know Foetus Kookie",90
119,"1:59
He definitely know what he is doing to us ARMYs!!!!!!!!",3
102,"1:42 those girls at the back.
my mind: sAsaEnGs

OH GOD. CLEAR MY MIND.",0
119,1:59 im melting.. ğŸ˜­ğŸ˜­,0
166,"2:46
Hobi; *emotinal moments*
Jimin; AAAAAAAaaA",181
118,1:58 Jimin : ?? I don't unders the song and I aready know what sario el Mariahi is,1
332,5:32 Music Mic Drop BTS in Dance,1
123,2:03 cuteness overload ğŸ˜˜ğŸ˜˜ğŸ˜˜ğŸ˜˜ğŸ˜˜ğŸ˜˜,3
166,2:46,0
657,10:57 Ğ¥Ğ¾ÑĞ¾Ğº ÑĞºĞ°Ğ·Ğ°Ğ» Ñ…Ğ¾Ñ€Ğ¾ÑˆĞ¾,0
207,"3:27
i put on auto translate and guess what the captions said


P*SSY PUZZLE",0
39,0:39 Jikook Moment,0
149,2:29  i wish i could get some one likes me like how taehyu g likes jungkook,0
375,6:15 suga enter â€”â€”â€”â€”â€”â€” suga watches â€”â€”â€”â€”â€”â€” lil meow meow exits!!! ğŸ¤£ğŸ¤£ğŸ¤£ğŸ¤£ Suga is always a mood I swear ğŸ¤£ğŸ¤£ğŸ¤£ğŸ¤£ he wasnâ€™t even fazed when he saw the actual stage for Mic Drop MV like the rest of his members ğŸ¤£ğŸ¤£ğŸ¤£ğŸ¤£ğŸ˜Œ boiiiiii ğŸ¥°ğŸ¥°ğŸ¥°ğŸ¥°ğŸ¥°ğŸ¤™ğŸ½ğŸ’œ,69
329,5:29 jimin danceğŸ˜,0
274,4:34 is that the same painting that jungkook himself draw ğŸ˜±ğŸ˜±ğŸ˜±ğŸ˜± wowwhhhhhhh ğŸ˜ğŸ˜ when he saw that picture he looks so adorable ğŸ˜,58
166,"2:46 jimin 

Too adorable",10
123,2:03 OOOOOO MYYYYY GOD ğŸ˜»â™¥ Jimin es sÃºper adorable cuando esta canto y diciendo el Mariachi ğŸ˜»ğŸ˜†ğŸ˜†â™¥â™¥ğŸ˜»ğŸ˜»ğŸ˜» Es BellÃ­simo,1
166,2:46 Jimin hahahahğŸ¤­ğŸ˜‚â™¥ï¸,16
432,"7:12 taehyung cute mask
8:14 when j-hope see taehyung outfit with mask can make laugh",159
166,2:46 hobi looks like hes a bout to beat the crap out of jiminğŸ˜‚,65
166,2:46 lololol jiminnn chillğŸ˜‚ğŸ˜‚ğŸ˜‚ğŸ˜‚,1
389,6:29  Wow no esta sario J-Hope mama,29
545,9:05 this is freaking awesome,1
166,2:46 lmao jiminie shookt me,1
226,3:46 Proof that Jimin never grew up.,14
368,6:08 ripğŸ˜‚ğŸ˜°ğŸ’—,0
150,2:30 TAEKOOK SPOTTED ğŸ‘€,0
368,"6:08 -â€‹ 6:09

Rm:HUH?

AWWWW SO CUTE",1
294,4:54 lol house of cards i remember something  that every author nims know ğŸ˜‚ğŸ˜,2
152,2:32 ğŸ’œğŸ’œğŸ’œ,0
186,3:06 namjoons Adamâ€™s apple is my new kink,0
538,"8:58 supongo que v le dijo ""No lo vayas a romper porfavor :v"".",2
547,9:07. I was like HARRY POTTER LOLğŸ˜‚ğŸ˜‚ğŸ˜‚,0
346,5:46 ESSE Ã‰ BR CARALHOOO,0
407,"6:47
 - Ğ¥Ğ¾Ñ€Ğ¾ÑˆĞ¾? 
- ĞĞºĞµĞ¹, ĞºĞ»Ğ°ÑÑĞ½Ğ¾!",0
332,"5:32
Jajjaaja dan Risa ğŸ˜‚ğŸ˜‚ğŸ˜‚",0
539,8:59 donâ€™t break it again joon XD,0
55,0:55 hes not even my bias but the way taehyung hit that in the back lmaooo that was kinda hot,1
123,2:03 who else thinks this is the cutest thing on earth and has great potential of becoming an awsm gif?!?!?!?,0
447,7:27 why so cute Taehyungiiieeee ğŸ˜ğŸ˜ğŸ˜,19
168,2:48 mochi language: AHHHHHHH WHEYYEEUU OOHHHH,1
36,0:36 jimin eomma strikes again,2
120,2:00ğŸ˜ªğŸ’œğŸ’œğŸ’œğŸ’œğŸ’œğŸ’œğŸ’œğŸ’œ,0
297,4:57 song playing????,0
373,"6:13 Namjoon en ese momento 
""Ya lo rompi""
ğŸ˜‚ğŸ˜‚ğŸ˜‚ğŸ˜‚ğŸ˜‚",0
166,"2:46 mood 
+ his reaction to himself is the cutest thing ever",6
546,9:06 this reminds my of Harry Potter ğŸ˜‚,11
14,0:14 jimin so coolğŸ¤£,1
36,"0:36 jikook haaaaaa
Tus patrones mi amor:)",1
513,8:33 heard a female laugh ??,0
42,0:42 jikook,1
333,5:33 They look soo happyğŸ’œğŸ’œğŸ’œğŸ’œğŸ’œğŸ’œğŸ’œğŸ’œğŸ’œğŸ’œğŸ’œ I LOVE YOU  AII,0
360,6:00,0
407,6:47 Ñ…Ğ¾Ñ€Ğ¾ÑˆĞ¾,0
151,2:31 vkook xD,1
545,9:05 BTSxHogwarts,0
120,2:00 ì§€ë¯¼ ì—˜ë§ˆë¦¬ì•„ì²´,0
166,2:46 Hoseok got so *horrified* ...ğŸ˜‚,0
119,"1:59
 
*plays mic drop*

but...

jimin: **sings airplane pt2**",65
123,2:03 el mariachi el mariachi :3 :v,0
124,2:04 omg Jimins voice ğŸ’œğŸ˜­,0
226,3:46 Ğ½Ğ¸Ñ‡ĞµĞ³Ğ¾ Ğ½Ğ¾Ğ²Ğ¾Ğ³Ğ¾,0
43,0:43 Jungkook and Jimin share the same brain cells ğŸ˜‚,245
120,2:00 I LOVE JIMINâ€™S VOICEEEEEâ£ï¸,0
151,"2:31V took a picture with baby kooike ğŸ˜â¤ï¸
VkookğŸ’œ",1
165,2:45 HOBI WAS SHOCKED JSJSJX,1
546,9:06 HOGWARTS WHO!!?,0
370,"6:10
Namjoon: *Pure Confusion*",1
324,5:24 WHY DOES YOONGI LOOK SO SQUISHY?! ğŸ˜­ğŸ˜ğŸ’•,0
166,2:46 babyyyyy,0
170,2:50 Jimins cute laugh..,0
368,6:08 Ø¨Ù…ÙˆØªØªØª Ù†Ø§Ù…Ø¬ÙˆÙ† ğŸ˜‚ğŸ˜­ğŸ˜­ğŸ˜­ğŸ˜­ Ù…Ø§ØªÙ‡Ù†Ù‰ ÙˆÙ‡Ùˆ ÙŠØµÙˆØ±ØŒ ÙˆØ¬Ù‡Ù‡ Ù…Ø¹Ø¨Ø±Ø±Ø±,1
118,1:58 is the reason im alive,0
550,9:10 ğŸ˜±ğŸ˜± Moving pictures in a frame. someday i want that in my house!! My dream frame!! ğŸ˜²ğŸ˜²ğŸ˜²,0
124,2:04 what an angel #MOCHI <3!!!,0
640,10:40 Nam escribiÃ³ Namjoon es guapo luego vino Jin y escribiÃ³ Seok Jin es mÃ¡s guapo,0
656,10:56 casi lloro. NO SE VAYAN X LO QUE MAS QUIERAN NO DEJEN A ARMY XFA ğŸ˜­ğŸ˜­ğŸ˜­ğŸ˜­ğŸ˜­,0
252,4:12 estaba esperando esa parteğŸ˜…ğŸ˜…ğŸ˜…ğŸ˜…,0
150,2:30 omg taehyung ğŸ˜‚ğŸ˜‚ğŸ˜‚ğŸ˜‚ğŸ˜‚ğŸ˜‚â¤â¤â¤,36
120,2:00,0
320,5:20 That picture of RM in white at the top is *STUNNING*,0
285,"4:45 shook of his own dancing 



YES BABY THAT IS US BUT THEN WITH EVERY MOVEMENT YOU MAKEğŸ˜©ğŸ’•",2
439,7:19 tae looked like a devil sorry not sorry but my devil so-,0
118,1:58 mori,0
94,"1:34 heard Jimin's voice, hah",0
79,1:19 AAAAAAA VJIKOOK,0
73,1:13 V sings the part of Jungkook),0
165,2:45 hobi was like boy if you don't stfu,0
167,2:47 whaaaaaaaaaaaaaaaaaaaaaaaaaakkkkkkkkkk,0
119,1:59 Jimin cuteÃ—1000 ğŸ’œ awwwww,31
169,"2:49 you can see clearly hoseok has the deep feeling of this exhibition, of course, everthing has strong memories",54
119,"1:59
Why is Jimin so cute? :( ğŸ’œ",0
45,0:45 ë’¤ì— ì—¬ìë¶„ ëˆ„êµ¬..?,0
609,10:09 que pasÃ³ ahÃ­ amiguito? E.e,0
41,"0:41 AAAAAAAH NECESITO UNA AMBULANCIA, ME ESTA DANDO UN PARÃ“, PTM MIS PADRES, Jimin jalando al novio hehejasjskdoasd",1
327,"5:27 Yoongi estaba viendo una foto Yoonmin :â€™v 

Â¡Â¡Son tan hermosos!!",1
370,6:10 i lost itğŸ˜‚ rmâ€™s confused face is just everything,80
45,0:45 is Hobi wearing a Rolex 0.o,0
38,0:38 AWWWW jimin wants to be with his boyfriend <33,2
118,1:58 ğŸ’•,0
332,"5:32
OÃ­ nomÃ¡s ese cambion",0
239,"3:59
Jimin hermoso. Ahhh.",0
272,"4:32
En plan tipo ""Estoy orgulloso de mÃ­"". Yo tambiÃ©n lo estoy. <3",0
84,1:24 tae bailando hermoso el,1
120,"2:00# oppa jimin u are killing me
I like oppa very much no reason for me",1
375,6:15 suga reaction ğŸ˜‚ğŸ˜‚ğŸ˜‚ğŸ˜‚Ä±mo cool â¤,1
642,10:42 ĞµÑ‚Ğ° Ğ²Ğ°Ğ½Ğ½Ğ°Ñ Ğ¿Ğ¾Ñ…Ğ¾Ğ¶Ğ° Ğ½Ğ° Ñ‚ÑƒĞ°Ğ»ĞµÑ‚Ñ‹ Ğ² Ğ½Ğ°ÑˆĞµĞ¹ ÑˆĞºĞ¾Ğ»ĞµğŸ‘Œ,0
147,2:27 cannot hide the love...câ€™mon you guys ğŸ˜‚,0
118,1:58 OMO HIS VOICE IS POPOPOğŸ˜,0
166,2:46 jimin's scream AHAHAHA,0
118,1:58 jimin looks cuteeeeeeeeeeeeee >.<,0
119,1:59 Jimin is cuteğŸ˜‚,108
164,2:44 IM DEAD,0
608,10:08  alguien sabe q le pasÃ³ a Jimin en su mano????,0
120,2:00 awwwwwwwwwwwwwwwwwwwwwwwwwwww,0
40,0:40 *die*,0
119,1:59 jimin voicee ahhhh so hot,139
350,5:50 jjaskajskjskajkajs esiitos  me le cortaron la inspiracion :(,0
165,"2:45 OMG Jimin's scream! AHAHAHAHA! Hobi looked so shook tho...   







Also why they all looking like straight up boyfriend material? WTF rude xD",6
430,"7:10 comoserumamascara.com
Google pesquisar",0
641,"10:41 Namjoon deadass wrote 'Kim Namjoon is handsome' 
10:50 Jin wrote 'Jin is handsomer'",3
512,8:32 the cute laugh of the girl that was filming,0
426,"7:06 V being normal
7:09 V being extra",0
166,2:46 jimin bikin kaget dan habis itu langsung ketawağŸ˜‚,0
166,2:46 His scream ğŸ˜‚ğŸ˜‚ğŸ˜‚ğŸ˜‚,0
120,"2:00 Jimin.....you should not have done that
When the exhibition opens.....world war 3 will start between Army to touch that wall ğŸ˜‚ğŸ˜‚
2:34 Oh not u too v ğŸ¤¦ğŸ»â€â™€ï¸ğŸ˜‚",0
373,6:13 why does it look like he broke something againğŸ˜‚ğŸ˜‚,583
165,2:45 just how unbothered J-Hope is by Jimin's scream,618
469,"7:49
OMG I LOVED IT !!!",0
166,2:46 ese gay panik hasta aquÃ­ lo sentÃ­ lpm,0
165,2:45 si malanding jimin tumile haha,0
367,"6:07 NAMJOON IS SO ADORABLEEEE!!
10:09 Aww, what happened to your hand Chim chim?
10:55 VMin moment :D",9
120,2:00 LO REPETI COMO 10 VECES :V ES TAN LINDOOOOOOOOO <3,0
154,2:34 aw baby kookie so cuteğŸ˜­ğŸ˜ğŸ˜ğŸ˜†ğŸ’œâ¤,93
547,9:07 tu tambiÃ©n pensaste en Harry Potter yo lo sÃ© ğŸ˜âœ¨ğŸ”®,0
369,"6:09 Namjoon be like ""did I break sth again..?""",0
466,7:46 kkkk fireeeeeee,0
255,"4:15 la pintura que Jungkook hizo 
ğŸ˜ğŸ˜",43
642,"10:42 joon writes ""kim namjoon is handsome"" AND
10:50 SEOKJIN GOES AND WRITES ""but seokjin is more handsome"" 
THEYRE SO ANNOYING IM DKJHSAJHGDGH ILY",3
86,1:26 OMG SINCE WHEN HE IS BECOME SUCH A BOYFRIEND MATERIAL?,1
42,0:42 ìë™ì´êµ¬ë¨¼~,0
119,1:59 mori de ternura,0
547,9:07 did anyone get Harry Potter vibesğŸ˜ğŸ˜ğŸ˜ğŸ˜ or is it just me,0
167,2:47 rip J-hopeâ€™s ears,0
118,"1:58 tipo yo en Karaoke ğŸ˜‚â¤ï¸
5:32 me representan cuando empieza a dar alguna canciÃ³n de BTS xD",0
119,1:59 yo chimchim sounds exactly like the studio version uwwuuu,0
369,6:09 RM ğŸ˜ğŸ˜‚ğŸ˜ğŸ˜,0
165,2:45 omg the way he screamed ğŸ˜‚,4
43,0:43 I SPOT JIKOOKKKKK,22
610,10:10What is that on jimin hand,0
336,5:36 is that mean Namjoon will post something on twitter?,0
370,6:10 lmao Namjoon was so confused he's so freaking cuteeeeğŸ’“,0
78,"1:18 jhope got called from his GFğŸ˜‚ğŸ˜‚
Lamo just kidding",8
283,4:43 gosh I'm so whipped,0
267,4:27 this painting paint by JK... Jungkook canvasğŸ¨.... Jk cute... Good job ğŸ˜,135
166,2:46 i was wearing headphones,0
167,"2:47 j-hope shock to jimin ğŸ˜‚ğŸ˜‚â¤
4:35 cute Jk ğŸ˜ğŸ˜
5:35 jimin dancing ğŸ’ƒ ğŸ’ƒ 
7:27 V also weird ğŸ˜‚ğŸ˜‚
7:48 And Jin also dancing Fire ğŸ”¥ ğŸ”¥ 
They all cute ğŸ˜ğŸ˜ğŸ’œğŸ’œğŸ’œ",56
547,9:07 HARRY POTTER?! ksksksks,0
608,10:08 what happened to your hand jimin oppa ???,0
453,7:33 Seokjinnnn!!! Ok te entiendo jajajajaja asÃ­ me encantas,46
546,9:06  h a r r y p o t t e r  v i b e s ğŸ’œğŸ’œğŸ’œ,0
2,0:02 What's popping ğŸ’,0
80,1:20 V dancing to Dope is me !!,0
120,2:00 Mochi is just so cute singing Airplane pt 2 ğŸ˜‚â£â¤ï¸â¤ï¸â¤ï¸â¤ï¸,0
322,5:22 Can someone please link me the picture of Yoongi on the top right?,0
167,2:47 jesus hecking christ Jimin-,0
37,"0:37
Debo.... Resistir..... Debo..... Aaaahhhh

*SOLO CONFIRMENLO*",1
117,1:57 c muere :o,0
609,10:09 SOY LA ÃšNICA QUE NOTÃ“ LA HERIDA EN SU MANO?? QUE LE PASÃ“??:0,0
120,2:00 my Babi mochi,0
0,0:00 letâ€™s appreciate jungkook in grey,0
38,0:38  cute ğŸ˜ğŸ˜ooh my kooki ooh my jimin Love you so much ğŸ˜ğŸ˜ğŸ˜šğŸ˜™,0
637,"10:37 *Euphoria is played*
Me:
annyeonghaseyo joneun bangtan sonyeondan hwanggeum maknae jeon jungkook imnida!!!",0
495,8:15 i live for this ğŸ’œ,0
122,2:02 PHAHAHAHAHAHAHAHAHAHAHAHAHAHAHHAHAHAHAHAHAHAHAHAHAHAHAHHAHAHA ğŸ˜‚ğŸ˜‚ğŸ˜‚ğŸ˜‚ğŸ˜‚ğŸ˜‚ğŸ˜‚ğŸ˜‚ğŸ˜‚ğŸ˜‚ğŸ˜‚ğŸ˜‚ğŸ˜‚ğŸ˜‚ğŸ˜‚JIMIIIIIIIIIINNNN HAHAHAHAHAHAHAHAHAHAHAHAHAHAHAHAHAHAHAHAHA ALWAYS YOU JIMINğŸ˜‚,0
544,9:04 omg imagine how cool it would be to have a moving Jimin painting in your living room! ğŸ˜,0
155,"2:35
Vkookâ™¥â™¥",0
45,"0:45 

Oww hermosoooooos ğŸ˜ğŸ˜ğŸ˜ğŸ˜ğŸ˜ğŸ˜ŠğŸ˜‹ğŸ˜‹ğŸ˜˜ğŸ˜˜ğŸ˜˜ğŸ˜˜ğŸ˜˜ğŸ˜˜",0
166,2:46 OMG so funny,0
120,2:00 lo amo millll ğŸ˜‚â£â£â¤,3
609,10:09 jimin has a  wound on his hand:(,76
145,2:25 ĞºĞ°Ğ·Ğ°Ğ»Ğ¾ÑÑŒ Ğ±Ñ‹ Ğ¿Ñ€Ğ¸Ñ‡Ñ‘Ğ¼ Ñ‚ÑƒÑ‚ Ğ£ĞºÑ€Ğ°Ğ¸Ğ½Ğ°,0
368,"6:08 sá»± ngá»‘ ngÃ¡o cá»§a Ã´ng RM lÃ m tao báº­t cÆ°á»i
NgÆ°á»i gÃ¬ Ä‘Ã¢u mÃ  dá»… thÆ°Æ¡ng tháº¿ khÃ´ng biáº¿t",0
410,6:50 me encanta cÃ³mo j-hope aprueba la foto a la primera jajajaja yo mÃ­nimo a la nÃºmero 20,0
166,2:46 JAJAJAJA jimin se pasa xd,1
370,6:10 RM thinking he broke something yet again lmaooo,0
33,"0:33
can I just say, THAT THIS RED-HAIRED STAFF IS SO COOLâ™¥AND SHE'S A CAMERA WOMAN. MY DREAM JOB !!!!â™¥â™¥
AND this exhibition is awesome it's like a house of memories to both BTS and ARMY .â™¥â™¥â™¥
I wish this exhibition will still be there in the time when I can travel to Korea :""> â™¥",0
337,"5:37 Namjoon where is the video, we want the video ğŸ˜­ğŸ˜",0
122,2:02 jimin ğŸ˜ğŸ˜ğŸ˜ğŸ˜,1
332,5:32 el ataque del baile...,0
350,5:50 ğŸ˜‚ğŸ˜‚ vkook,0
119,1:59 mori de amor con el <3,0
547,9:07 OMG!! This is Howarts!! ğŸ¤©ğŸ¤©ğŸ’œğŸ’œ,0
37,0:37 mochi and his toy ğŸ¤£  i'm doing this to my boyfriend when i wanna take a photo ğŸ¤£ğŸ¤£,5
246,4:06 ì•„ë¯¸ë¥¼ ë„ˆë¬´ ì‚¬ë‘í•œ ì£„â¤,0
120,2:00 ğŸ˜­ğŸ’œ,1
166,"2:46

I can't stop laughing ğŸ˜‚â¤ï¸
I love how Hobi just turns around like: What... are you doing..?",0
167,2:47 â€“ Ğ-Ğ-Ğ-Ğ! Ğ‘Ğ¾Ğ³Ğ¸!,0
154,2:34 ğŸ˜‚ğŸ˜‚ğŸ˜‚ğŸ˜‚ğŸ˜‚ğŸ˜‚ğŸ˜‚ğŸ˜‚ğŸ˜‚ğŸ˜‚ğŸ˜‚ taehyunh ğŸ˜ğŸ˜ğŸ˜ğŸ˜ Jungkook,0
427,7:07 ë„ˆë¬´ê·€ì—½ìë„ˆã… ã… ,0
153,2:33 Tae's reaction when he saw Jungkook so cuteee ğŸ˜,0
553,9:13 why do I feel like I'm in Hogwarts ğŸ˜‡ğŸ˜‡ğŸ˜ğŸ˜ğŸ˜âœŒâœŒâœŒ,0
368,6:08-6:15 when a group pic becomes a selfie ğŸ¥º,0
494,8:14 ğŸ¤£ğŸ’œğŸ¤£ğŸ’œ,0
520,08:40 I see no difference ğŸ˜‚,2
118,1:58 this is so cute ğŸ’•,0
555,9:15 its like Hogwards!!!,0
369,6:09 RM Ğ¿Ğ¾Ğ´ÑƒĞ¼Ğ°Ğ» Ñ‡Ñ‚Ğ¾ Ğ¾Ğ¿ÑÑ‚ÑŒ Ñ‡Ñ‚Ğ¾-Ñ‚Ğ¾ ÑĞ»Ğ¾Ğ¼Ğ°Ğ» ğŸ˜‚ğŸ˜‚ğŸ˜‚,0
462,7:42 for which song was taht for,0
340,5:40 ë·” ì¶¤ ë´,0
165,2:45 Jimin being shook at his face in the computerğŸ˜ğŸ˜‚,0
120,2:00 When Jimin started singing Airplane pt. 2... is the cutest voice Iâ€™ve ever heardğŸ’“ ì‚¬ë‘í•´ìš”â¤ï¸ ë³´ë¼í•´ìš”ğŸ’œ,0
370,6:10 NAMJOON'S REACTION... ğŸ˜‚ğŸ˜‚ğŸ˜‚ğŸ˜‚ğŸ˜‚,0
165,2:45 jimin ğŸ˜‚ğŸ˜‚ğŸ˜‚,0
336,5:36 ã… ã… ã… ã… ã…  ì£½ëŠ”ë‹¤ì§„ì§œ ã… ã… ã… ã… ã… ã… ã… ,0
3,0:03 IS JIMIN SINGING A BIT OF PROMISE LMAO,91
45,"0:45 AWANTE EL JUNGMIN ğŸ˜ğŸ˜ğŸ˜
Pd: 1:59 ğŸ˜ğŸ˜ğŸ˜ğŸ˜ğŸ˜ğŸ’“ğŸ’“ğŸ’“ğŸ’“",0
120,02:00 Ñ‡Ñ‚Ğ¾ Ğ·Ğ° Ğ¿ĞµÑĞ½Ñ?,0
639,10:39 y'all know what I'm talking about,0
373,"6:13
Namjoon's reaction.",0
545,9:05 Jajajaja Jimin viendo el mismo y muy concentrado ğŸ˜…ğŸ˜‚ğŸ˜™ğŸ˜™ğŸ˜ğŸ˜,59
31,0:31 la risa de J-hope mm ğŸ¤”ğŸ˜ porque se riÃ³ asi ğŸ˜‚ğŸ˜…ğŸ˜™,0
120,"2:00 Dang it Jimin, you little cutie ğŸ¥°ğŸ’œâ¤ï¸",68
619,10:19 como cuando quieres ser ese papel,0
350,5:50 they were so ready to dance,0
358,5:58 jimin queriÃ©ndose meter a la pantalla,0
119,1:59 Jimin looks like a teacher,0
38,"0:38 Jimin: my mom
Jungkook: me",16
373,6:13 NAMJOON THINK THAT HE BROKEN THE THING KKKKKKKKKKKK,0
404,6:44 PLEASE UPLOAD THAT ON INSTA OR TWITTER I NEED THAT PHOTO,0
341,5:41 CutieeeeessssğŸ˜‚ğŸ’œ,0
642,"10:42 RM WROTE : KIM NAMJOON IS HANDSOME.ğŸ’œ
10:49 THEN JIN CAME AND WROTE :
JIN IS MORE HANDSOME..ğŸ’œğŸ˜‚
DON'T PLAY WITH THE WORLDWIDE HANDSOME ğŸ’œğŸ’œ",621
119,1:59 CutieeğŸ¤§ğŸ’œ,0
417,6:57 reflection song ğŸ˜,0
57,0:57 ... Tae's little dance,0
550,9:10 remind me of Harry potter,18
609,10:09 JIMIN HAND,7
37,"0:37  iralos,iralos que traviesos 7w7

Jimin toma de Jungkook para tomarse la foto juntos
Viva el JIKOOK!âœŒğŸ‘ŒğŸ‘",68
647,10:47 tanie ~,0
3,"0:03 Is that Jimin???? I suddenly remember his song ""Promise"" because of that....",1
259,4:19 jungkook is too Happy to see HIS ART ğŸ’œ,70
154,2:34 V taking a pic with baby kookie is so precious ğŸ’—ğŸ’ğŸ’“ğŸ’•ğŸ’–,0
166,"2:46 AAAAHHHH -c cae de la cama-
Puta madre jimin!! >:V me diste el infarto del siglo!!!
PensÃ© que te habÃ­as besado con tu novia el suelo :v",2
276,"4:36 ì—¬ê¸°ì„œ ì‹œê°„ ë‹¤ ë³´ë‚´ë‹¤ í—ë ˆë²Œë–¡ ë‚´ë ¤ì™€ì•¼í–ˆìŒ... 
ì‹œê°„ì´ ë„ˆë¬´ ì§§ì•˜ë‹¤ ã… _ã… ... (ê·¸ë˜ì„œ ë˜ ê°",0
42,0:42 WHEN JIKOOK CAN READ EACHOTHERS MINDS,31
609,10:09 no mames *Jimin q paso en tu manita!?*,20
120,2:00 ì•„ìš°ã… ã…  ë„ˆë¬´ ê·€ì—½ë‹¹,4
120,2:00 & 2:47 bruh jimin is hilariousğŸ˜‚ğŸ¤™,12
350,5:50 Estavam ate se sentindo dentro do MV ;-;,1
0,0:00ë¶€í„° 10:59ê¹Œì§€ ê·€ì—¬ìš´ ë°©íƒ€ë‹ˆë“¤â™¡â™¡,0
165,2:45 super casual el grito xD,2
120,"2:00 
EL MARIACHI EL MARIACHI!!!
MÃ©xico el mejor paÃ­s y con las mujeres mÃ¡s bonitas 
ğŸŒµğŸŒµğŸŒµğŸŒµğŸŒµğŸŒµğŸŒµğŸŒµğŸŒµğŸŒ¶ğŸŒ¶ğŸŒ¶ğŸŒ¶ğŸŒ¶ğŸŒ¶ğŸŒ¶ğŸŒ¶ğŸŒ¶ğŸ’–ğŸ’–ğŸ’–ğŸ’–ğŸ’–ğŸ’–ğŸ’–ğŸ’–ğŸ’–ğŸ‡²ğŸ‡½ğŸ‡²ğŸ‡½ğŸ‡²ğŸ‡½ğŸ‡²ğŸ‡½ğŸ‡²ğŸ‡½ğŸ‡²ğŸ‡½ğŸ‡²ğŸ‡½ğŸ‡²ğŸ‡½ğŸ‡²ğŸ‡½",15
124,2:04 jimin dancing,12
166,"2:46
J-hope: aquÃ­ bien relax
Jimin: Wuaaaa
J-hope: Puerk me asustaste xd",3
241,"4:01  ìš°!ìš°!!ì›…!ì›…!!!!! ë‹¹ì—°íˆ ë°”ì¤˜ì•¼ì§€ ì €ë ‡ê²Œ ê·€ì—½ê³  ê¹œì°í•˜ê³  íí‹°ë½€ì‘í•˜ê²Œ ì•‰ì•„ê°”ê³  ë¶€íƒí•˜ëŠ”ë°
ê±°ì ˆí• ìˆ˜ê°€ ê¼­ ê·¸ë ‡ê²Œ ì•ˆí•´ë„ ìš¸ ì§€ë¯¼ì˜¤ë¹ ë¼ë©´ ë‹¤ë“¤ì–´ì£¼ê¼¬ì–‘ğŸ’•ğŸ’•",6
119,1:59 his voice!!!âœ¨ for the 982738386118837 times im gonna say it again JIMIN IS SOOOO CUTEğŸ˜”ğŸ’•,20
119,"1:59 AHHHHHHHHHHH!

Edit: 2:46 AHHHHHHHHH!",10
118,"1:58 ""airplane pt. 2 mochi ver.""",99
114,"1:54 OMG Jimin se ve procioso cantando mi canciÃ³n favorita
mori en ese momento
CUTEEEE",26
606,"10:06 you are couse of my euphoria ğŸ’œ

i love you guys ğŸ’œ",0
653,10:53 those are some nice stick figures lol,0
166,2:46 jimins scream ğŸ˜‚,0
154,2:34 vkook 7u7r,7
120,"2:00 EL MARIACHI :3 AIRPLANE:3
 JIMIN <3",111
408,6:48 when you are already perfect and you donâ€™t have to take 300 pictures to choose the one you look okay in,0
123,2:03 El Mariachi :D,0
166,2:46 ì•„ì‡ ê¹œì§ì•„,3
373,"6:13
Joonie: *No I didn't*",0
389,6:29 ğŸ˜ğŸ˜ lo amo,0
100,1:40 me da risa como siempre que estan grabando a BTS el staff sale corriendo jajaja los amo,0
120,2:00  the cutest mochi I ever seen in my life ğŸ’œ,4
546,"9:06 

is it just me or does this part remind u of the portraits in harry potter where the people is the frames can move and stuff!??",8
451,"7:31
Jiiiiin eres muy lindooooooğŸ˜ğŸ˜ğŸ˜ğŸ˜ğŸ˜",15
388,"6:28 hey MAMAğŸµğŸ¤ hobiiii
Estas bien hermosoğŸ˜ğŸ˜ğŸ˜ğŸ˜ğŸ˜ğŸ˜",3
123,"2:03   MARIACHI!!!!


ğŸ‡²ğŸ‡½ğŸ‡²ğŸ‡½ğŸ‡²ğŸ‡½â¤ï¸ğŸ˜â¤ï¸ğŸ˜â¤ï¸ğŸ‡°ğŸ‡·ğŸ‡°ğŸ‡·ğŸ‡°ğŸ‡·",7
152,2:32 ğŸ‘,0
34,"0:34 a 0:39 me enamore aun mas de jimin soy jimin biased y tu?
la o el que lee este comentario like si tus bias son todos",0
460,7:40 looool seokjin,3
281,4:41 me puse caliente :b,0
123,"2:03 
El mariachi 
El mariachi 
ğŸ¥‘ğŸ¥‘ğŸŒµMexico Mexico !!!ğŸŒµğŸ¥‘ğŸ¥‘",164
119,1:59 OMG HIS VOICE â¤ I'M DYING,2
545,9:05  - harry Potter has joined the chat -,107
369,6:09 cute as heeelll,1
284,4:44 literaly every army watching a dance practice,28
148,2:28 vkook~ â¤ï¸,0
546,9:06 When intentan recrear Hogwarts pero en vez de la seÃ±ora gorda(y los demÃ¡s cuadros) sale Jimin y todo BTSğŸ˜‚ğŸ˜‚ğŸ˜‚ like si pensaste lo mismo,20
38,0:38 JIKOOK REINA â™¡,7
386,6:26 hey mama :v!!!!!!!!,1
485,"8:05 ğŸ˜Jungkook and Jhope, this two!",69
373,6:13 WHY SO CUTEEEEEEE?!,0
593,9:53 yoonkookâ€˜s marriage,5
350,5:50 Taehyung and Jungkook were so excited about the music ğŸ¤£ğŸ¤£ğŸ¤£ğŸ¤£,170
231,"3:51 Jimin apenas entro perfecto hay, si entran los demÃ¡s no caben. Tan tierno Jimin.",0
166,2:46 JAJAJJAJJAJ JIMIN ASUTO POQUITO A HOBI <3<3<3,0
118,1:58 SEEEEEEEEEEEEE EL MARIACHI WUUUUUUU SI MÃ‰XICO.,0
45,0:45 Admirando lo hermoso que es Ho Seok futuro cumpleÃ±ero TE AMO J-HOPEEE ERES MI BEBE Y TE AMO MUCHO.,0
166,2:46 jajajajajajajajaja me encanto el grito de jimin,11
545,"9:05 
I felt like in Harry Potter",0
514,8:34 girl voice ?,0
118,1:58 ay ay ay ğŸ˜,1
373,6:13 he looks so lostğŸ˜‚,0
41,0:41 let's just appreciate how Jimin and Jungkook put the peace sign up (à¥‚â€¢á´—â€¢à¥‚â),39
373,6:13 A expressÃ£o do Nam KKKK,0
520,8:40 alguien sabe que le dijeron a tae?,0
494,"8:14
Their smile makes me happy",0
18,0:18 LlegÃ³ el novio â¤ xd,0
69,"1:09 members are really amazedğŸ˜‰
4:09 jungkook being proud of his art and jin praising itğŸ˜˜
7:50 hoseok was amazed by jungkook's artğŸ˜ğŸ˜
We stan a great artistğŸ’“ğŸ’“",1
167,"2:47 
*QUE SUSTO JIMIN KKKKKKK*",0
608,10:08 que te paso en la mano bebe?,0
38,0:38 jimin demuestra que jung kook es suyo... viva el Jikook!!!,0
388,6:28 QUIERO ESTAR AHI,0
341,5:41 BEST TROLL :),0
546,9:06 Harry Potter feels ğŸ˜,0
30,0:30 I found BLACKPINK,0
38,0:38 jikooooooooooooook,3
41,0:41 kookmin,0
153,2:33,0
118,"1:58 Me encantooo jimin cantando ""el mariachi""ğŸ˜ğŸ˜ğŸ˜",0
46,0:46 el jikook es real â¤ï¸ğŸ˜,0
76,"1:16 taehyung dance xD 
Ur so cute :3
ğŸ’—ğŸ’—ğŸ’—ğŸ’—ğŸ’—ğŸ’—ğŸ’—ğŸ’—",34
370,6:10 RM probably thought he broke it lol,0
168,2:48 el grito de Jimin jajsj,0
516,8:36 uheee~~ taehyung isss soo cuteğŸ’œ,0
37,0:37 ele puxou o jungkook haaaaâ™¡â™¡â™¡â™¡â™¡,2
656,10:56 I love them all smğŸ˜­ğŸ’œ,0
650,"10:50 JIN WROTE ""SEOKJIN IS MORE HANDSOME"" NEXT TO NAMJOON'S ""NAMJOON IS HANDOME"" LMAAO I LOVE JIN'S EXTRA ASS uwu",0
339,5:39 todo chebere hasta que... 6:07 TTWSGAHJAAJAGGEQMWK BEBE,0
638,10:38 i'll never leave you Jin!,1
166,"2:46- I don't understand so all I can think is Jimin is saying ""HEY!! I DIDN'T KNOW I'D BE IN THIS! WHAT'S GOING ON?!"" ğŸ¤£ He sounds so shocked haha! Love that boy, omg. Also J-Hope like ""...?"" ğŸ˜†",0
2,"0:02
si lees BUENAS TARDES escucharas eso
y si lees WHATS POPPIN escucharas eso",0
167,"2:47 Nose ustedes pero a mi se cayo el celu 
Jimin siempre tierno nunca intierno",0
638,"10:38
La mÃºsica del fondo me hizo llorar mas con el video XD
:'D",0
148,"2:28 REVIVI 
La cara de Jungkook jajjajjaaj muy linda",1
120,2:00  MORI MUERTA,0
371,6:11 me at the exams,0
321,05:21 Taehyung is bring back his style of having 2 hair colors at one time.. We literally stan legendsğŸ’œ,0
120,2:00 jaja me mata como lo dice el mariachi,0
124,2:04 EL MARIACHI!!!â™¡â™¥ XD :V,0
371,6:11. AWWW MA BABYYYY,0
547,9:07 reminds me of Hogwards.,0
38,0:38 jikook em aÃ§Ã£o,0
168,2:48 soy la unica que escucha Wey jajajjajaja,1
338,5:38 was Joonie doing a TicToc or somthing like LOL,0
546,9:06 me recordo a las fotos de Harry potter que se mueven ğŸ’œ,1
388,6:28 mi bebÃ© viendo el escenarioğŸ˜­ğŸ˜­ğŸ˜­,0
39,"0:39 Jimin como: vente pa'ca... 
los amo ğŸ’•",0
119,1:59 Cute!! :3,5
42,0:42 Kookmin!!! :3,18
557,"9:17 es Harry  Potter , las imÃ¡genes se mueven !!!


Notese que es mame",0
119,1:59 Jimin Ã© um bebÃª mesmo,11
118,1:58  el mariachi jimin,10
390,6:30 J HOPE proved to antifan  how good the live BTS are ğŸ˜ğŸ‘,0
375,"6:15ğŸ’˜ğŸ˜ â“‚â„¹â™‘ Yoongi So cute..  Love 


BTS",0
120,2:00 OH BABYYYğŸ˜­ğŸ˜­ğŸ˜­ğŸ’â¤ï¸,6
350,5:50 lol ğŸ˜‚ğŸ˜‚,1
149,2:29 urii taekook ğŸ˜ğŸ˜ğŸ˜ğŸ˜ğŸ˜ğŸ’œğŸ’œğŸ’œğŸ’œğŸ’œ,0
59,0:59 âœ¨âœ¨âœ¨âœ¨âœ¨â¤ï¸ğŸ’‹ğŸ’•Sugaâ¤ï¸âœ¨,0
94,1:34 pls look at this angel,5
154,2:34 Vkook ahre,0
619,10:19 That moment when u wanna be a piece of paper...,51
650,10:50 el muÃ±equito que jin dibujo se parece a mi cara cuando leo wattpad7u7,79
245,04:05 ì£„ëª… : ì•„ë¯¸ë¥¼ ë„ˆë¬´ ì‚¬ë‘í•œ ì£„.ã…‹ã…‹ ì˜¤ê¸€... ì•„..  ê·€ì—¼ë‘¥ì´ë“¤...,0
546,9:06 la reacciÃ³n de Jimin  es tan linda jajaja lo amo ğŸ˜­â¤â¤,10
166,2:46 ğŸ¤£ğŸ¤£ğŸ¤£ Jimiiinâ¤ï¸â¤ï¸â¤ï¸â¤ï¸ğŸ˜ğŸ˜,1
496,8:16 Tae ğŸ˜¹ğŸ‘Œâ¤â¤â¤â¤,1
174,02:54ğŸ˜ğŸ˜ğŸ˜ğŸ˜ my nampyeon jimin,3
427,7:07 Taehyung Being Taehyung,4
473,7:53 how does he do that?! I sound like a dying cow doing it ğŸ˜‚ğŸ˜‚,1
119,1:59- 2:06 uwu so cutee,3
166,2:46 WTF J-Hope get a little scared ğŸ˜‚ I love those guys.ğŸ˜,0
125,2:05 wHy sO cUtE,1
576,9:36 jin chest,1
505,8:25 Am i the one who hear Taegi from Hobi? hahah,0
153,2:33 i have the pic . ğŸ˜‚â¤,0
485,08:05 they blurred hobi's lockscreen(?) ğŸ˜‚,0
121,"2:01 aaagrhdkfkdnck enakaksfjnekfnfnidnehmqncpenchsnvfo kebciwmhcsnfidnczlwncpKshckabskaaajdkehcoqnaaaaaaaaaaaa
El Mariachii ğŸ’œğŸ’œğŸ’œğŸ’œğŸ’œ",1
166,2:46 i had headphones on,0
371,6:11 l carita de nam jsjsjs ğŸ’œ,0
233,3:53 Jimin and his bathtub are together again,6
165,2:45 ã…‹ã…‹ã…‹ã…‹ã…‹,1
121,2:01 hay bb tan tierno :'),0
147,2:27 ğŸ’œ,0
41,0:41 jikook â¤,0
38,0:38 cutest moment everğŸ˜ğŸ˜­ğŸ’˜ğŸ’“ğŸ’œğŸ’•,0
140,2:20 *YOONGI IS TOO TINY PLEASE PROTECT WITH CARE*,60
373,6:13 joonie oppa looks so confused ğŸ˜‚ğŸ˜‚,0
605,10:05 JIMIN HURT HIS PRECIOUS LITTLE PAW.,0
42,"0:42
ë™ê¸°í™”",0
166,"2:46 it's the first scream that scared me to death ğŸ˜‚ğŸ˜‚ğŸ˜‚  
It makes me flinch every time I hear it ..",0
485,8:05 CUTE OVERLOAD ğŸ’ğŸ’ğŸ’,0
140,2:20 suga looks like an actual kitten omggggg ğŸ˜ğŸ˜ğŸ˜ğŸ˜ğŸ˜ğŸ˜ğŸ˜,0
545,9:05 is some Harry Potter stuff ğŸ˜‚,0
546,9:06 part with the moving picture frames of them...SUPER COOL like harry potter ğŸ˜‚,389
38,0:38 aaağŸ’–,0
201,3:21 I need u bts......wae .......bum bum bum dun dun ddnnnn ( I don't how to spell the rest song) I need bts wae~~,16
143,"2:23 Ñ Ğ±Ñ‹ Ğ½Ğ°Ğ¿Ğ¸ÑĞ°Ğ»,Ğ½Ğ¾ Ğ½Ğµ ÑƒĞ²ĞµÑ€ĞµĞ½,Ñ‡Ñ‚Ğ¾ ÑˆÑƒÑ‚ĞºĞ¸ Ğ¿Ñ€Ğ¾ Ğ£ĞºÑ€Ğ°Ğ¸Ğ½Ñƒ Ğ°ĞºÑ‚ÑƒĞ°Ğ»ÑŒĞ½Ñ‹.",0
2,"0:02 buenas trades 
Nuestros chinitos ya saben espaÃ±ol :'D",381
545,9:05 me recordÃ³ a Harry Potter,0
296,04:56 junkook smile killing meğŸ’–ğŸ˜„ğŸ˜„ğŸ˜„,8
118,1:58 Jimin much cute â¤ğŸ˜‚,0
273,04:33 junkook.... AhhhhhğŸ˜„ğŸ˜„,0
548,9:08 that's kinda scaryğŸ˜‚,0
174,02:54 jimin screaming ahhhhhh... ğŸ˜„ğŸ˜„ğŸ˜„ğŸ˜„ğŸ˜„ğŸ’ğŸ’ğŸ’–,29
169,"2:49.. JIMINEEEE porque gritas... ğŸ’– Aunque igual es tierno ğŸ¶
A love BTS ğŸ’–",137
121,02:01 jimin looking so cutteeğŸ’–ğŸ’–ğŸ’–ğŸ’ğŸ’,28
38,0:38 vente pa ka>:v,0
166,2:46 OMG JIMIN I ALMOST DIED,0
80,01:20 same tae ğŸ˜‚ğŸ˜‚,0
167,2:47 Jimin screaming when he saw himself ğŸ˜‚ğŸ˜‚ğŸ˜‚ğŸ˜‚,0
120,2:00  Uuwu Jimin a lovely Boy ğŸ’—ğŸ’—,0
189,"3:09
Which one is the art? ğŸ¤”",0
608,"10:08
ooh jimin!!
ğŸ˜¢ğŸ˜¢ğŸ˜­ğŸ˜­",3
241,4:01 Jimin in a bathtub!!..awwwğŸ˜ğŸ˜ğŸ˜ğŸ’œğŸ’œ,0
168,2:48 Ğ¼Ğ½Ğµ Ğ¾Ğ´Ğ½Ğ¾Ğ¹ Ğ¿Ğ¾ÑĞ»Ñ‹ÑˆĞ°Ğ»Ğ¾ÑÑŒ Ğ±Ğ¾Ğ·Ğµ,7
154,2:34 taehyung presenting my.... ğŸ˜,0
165,2:45 ahahahahahhahhaha Jimin's screamğŸ˜‚,17
639,10:39 pense seÃ±ora seÃ±onga ahin quini quel algo asi que dice JungKook like si tu tambien,0
119,1:59 JIMIN ğŸ˜ğŸ˜ğŸ˜ğŸ˜ğŸ˜ğŸ˜ğŸ˜ğŸ˜ğŸ˜,0
120,2:00 marionete marionete ğŸ¶ğŸ¤£ğŸ¤£,0
659,10:59 Vmin uwu,0
112,1:52 â˜»,0
23,"0:23 ACASO ESCUCHE MAL O ALGUIEN DIJO ""MUY BIEN""..... Acaso... El que filmador es Argentino? ( lo digo por el acento)... Acaso... Significa que van a venir de una vez por todas a Argentina? OjalÃ¡ :v... Tome mucho cafÃ© perdÃ³n 

Hermoso ,los amo :3",0
39,0:39 Ahyyyy me encantl como Jimin agarro a Kookie Jikook tus patrones mdhskhfbdjd,1
373,6:13 I canâ€™t stop laughing Namjoon is a living meme XDD,0
275,4:35 yess kookie i will love u every second of my life!!! well... r there INDIAN ARMYs too?? tell me no!! coz m a certified Indian ARMY.. ^ ^,0
340,5:40Ø¬Ø§ØªÙ‡Ù… Ø­Ø§Ù„ØªÙ†Ø§ Ø§Ø°Ø§ Ø§Ø´ØªØºÙ„Øª Ù…Ø§ÙŠÙƒ Ø¯Ø±ÙˆØ¨ ğŸ˜­ğŸ˜­ğŸ˜­ğŸ˜­ğŸ˜­,0
165,"2:45 El espanto que se pegÃ³ Jimin, tan cute â¤ğŸ˜‚",58
548,9:08 me sentÃ­ en Harry Potter ğŸ˜‚ğŸ˜‚ğŸ˜‚â¤,0
124,2:04 THE CUTEST THING EVER,8
147,"2:27
KookV ğŸ’‹â¤ï¸",0
371,6:11  when the music stoped the members were surprised by the background but when it was namjoon he just looked puzzled AFğŸ˜‚ğŸ˜‚ğŸ˜‚ğŸ˜‚,23
546,9:06 Any potterheads here? No?ğŸ˜”,2
445,7:25 ì´ˆì— ë¸Œê¸ˆ ê³µì‹ ìŒì›ê°‡ì€ê±´ ì—†ë‚˜ìš©,0
61,"1:01 Ø§Ø°Ø§ ÙÙŠ Ø¹Ø±Ø¨ ÙƒØ§Ù†ÙŠ Ø³Ù…Ø¹ØªÙ‡ ÙŠÙ‚ÙˆÙ„ ÙŠØ§Ù„Ù„Ù‡ 
Ø§Ø³ØªØºÙØ±Ø§Ù„Ù„Ù‡ ÙŠÙ…ÙƒÙ† Ø§Ù†Ø§ Ø§ØªÙˆÙ‡Ù…ğŸ˜‚",4
47,"0:47 ì´ˆì— ì§€ë¯¼ , ì •êµ­ ì† ì˜¬ë¦¬ëŠ” íƒ€ì´ë° ê°™ìŒã…‹ã…‹ã…‹ã…‹ã…‹ã…‹ã…‹",2
167,2:47 el grito de jimin lpm....ke amorâ¤â¤â¤,17
148,2:28 AAAAAAAA,0
238,3:58 jimin so cuteğŸ’•ğŸ’•,0
166,2:46 OMG! Jimin! You scared me! XD,0
38,"0:38

Cositaaaa :'3 â™¡!!! 
Jimin siempre quiere estar con el Jeon <'3 awww",1
340,"5:40 i go tell
 my  sisters and we have a mic drop party",0
151,"2:31TAE SACÃNDOSE FOTO CON SU NOVIO DE PEQUEÃ‘O 
2:46 EL GRITO DE JIMIN HISO QUE ME ATORARA CON MI DESAYUNO  ğŸ˜‚ğŸ˜‚ğŸ˜‚  ME ASUSTO",10
331,5:31 we all cant lie thats you when mic drop come on,6
166,2:46 SIR I FELL OFF MY CHAIR,0
16,0:16 Suga be like *J-HOOOOOOOPE,0
298,4:58 Jk!,0
284,4:44 Rm Looking ShockğŸ˜‚,0
167,2:47 Jimin is so Adorable Shouting like that,17
546,9:06 parece como los cuadros de harry potter,0
37,0:37 #JIKOOK,0
340,5:40 los domino MIC DROP ;-;,0
43,0:43 EL JIKOOK IS RIAAAAAAAL \:v/,7
240,4:00 jimin se va a baÃ±ar con ropa :v,0
460,"7:40 OMG THE BLUE JACKET HAS ""NEVER MIND"" WRITTEN ON IT",0
336,5:36 that part was when RM upload in the twitter with this word:my hearth is like j-hope but my body is RM. (Sorry i'm not good at english),2
118,1:58 beauty babyyyyyy,0
370,"6:10 Namjoon face is like, ""WTF, Where did we go? We were just there....how could we just disappear into thin air?""",6
207,"3:27 Jinkook Hola,hola,lol,lol hablando espaÃ±ol ahgaseyxbed",0
549,9:09 BTS at Hogwarts,0
287,"4:47 same Monie, same",2
113,1:53 of cause v would start to rap ğŸ˜‚ğŸ˜‚,0
44,0:44 *I WANT THIS JIKOOK PHOTO*,48
166,2:46 me @ everything i see,0
166,2:46 q porra Ã© essa JM kkkkkkkkk,0
175,"2:55 chill out girl, theyll censure your face ğŸ˜‚",0
370,6:10 A CARA DO NAMJOON SOCORRO KKKKKKKKKKKK,0
165,2:45 oq foi isso menino jimin kkkkk lindo atÃ© gritando ğŸ˜‚#B-Army,0
167,"2:47 el grito de Jimin, el es muy cute â¤",0
169,2:49ğŸ˜…ğŸ˜…ğŸ˜„ğŸ˜„ì§€ë¯¼ğŸ˜š,6
546,9:06 This that Harry Potter shit ğŸ—¿,0
430,7:10 my worldğŸ’–ğŸ˜­ğŸŒ,0
330,"5:30 me dio vida la reaccion de jimin al escuchar mic drope... JAJAJAJAJ  
HERMOSOO",27
35,0:35 WHEN JIMIN WAS SO WORRIED THAT HEâ€™LL NOT GET A PIC WITH HIS KOOKIE,1
37,0:37 the way he pulled my baby bunny ğŸ˜‚ğŸ˜‚ğŸ˜‚ğŸ˜ğŸ˜ğŸ˜,23
44,0:44 í¬ì¦ˆê¹Œì§€ ë˜‘ê°™ì—Œã…ã…‹ã…ã…‹,0
546,9:06 aaahhh sugaaaaa jiminnnn jkkkkğŸ¤—ğŸ¤—ğŸ¤—ğŸ˜ğŸ˜ğŸ˜todos aaahhh,0
367,6:07 NO ENTIENDO COMO NAMJOON PUEDE SER TAN HERMOSOS Y CUTE AL MISMOS TIEMPO X3 <3,0
130,02:10 Jimin cantando el Mariachi. K lindo <3,65
517,8:37ajjaja VğŸ˜‚ğŸ˜‚ğŸ˜‚ğŸ¤—ğŸ˜,0
165,2:45 JAJAJAJA  que hermoso su gritooo JAJAJ,1
546,"9:06
Es howarts 
ES HOWARTS!!!",0
120,2:00 Jimin is so cute â¤ï¸ğŸ¥°ğŸ˜˜ğŸ˜,45
426,7:06 woooooo singularityğŸ˜ğŸ˜®,0
396,6:36ğŸ˜¢ğŸ˜¢ğŸ˜¢ğŸ˜ğŸ¤—ğŸ¤—ey mama,0
609,10:09 que hermosas manos tiene Jiminieeee,23
288,4:48 wooo las practicas de los chicos wooooğŸ˜£ğŸ˜¢ğŸ˜ğŸ˜ğŸ˜,0
120,2:00 Jimin singing acapella *approves highly*,104
547,"9:07 Hogwarts???????

Just kidding ğŸ˜‚ğŸ˜ BRAZIL LOVES BTS ğŸ‡§ğŸ‡·â¤ğŸ‡§ğŸ‡·â¤",0
608,10:08 â˜¹,0
134,2:14 every army room is like thatğŸ˜‚,0
166,2:46 the way jimin just screamed got me scared. ğŸ˜‚ğŸ˜‚ğŸ˜‚ğŸ˜‚ I had my earphones in as well.,0
465,7:45ğŸ˜‚ğŸ˜‚ğŸ˜‚ğŸ˜‚jin Ø§ÙŠØ±Ù…ÙŠ Ø¹Ø±Ø¨,26
632,10:32 ĞºĞ°Ğº Ğ½Ğ°Ğ·Ñ‹Ğ²Ğ°ĞµÑ‚ÑÑ Ğ¿ĞµÑĞ½Ñ ???,0
351,5:51 when Iâ€™m going to clean my room with bts music but my mom turn off the music.,0
124,2:04 marionete marionete marioneteeeee,0
425,7:05ã‹ã‚‰å¯æ„›ã™ãã‚‹wwwwww,0
145,2:25 Ø§Ù†Ù‚Ø°ÙŠÙ†ÙŠ ÙŠØ§ Ø§Ù…ÙŠÙŠÙŠ ğŸ˜­ğŸ˜­ğŸ˜­ğŸ˜­ğŸ˜­ğŸ˜­ğŸ˜­ Ø¶Ø­ÙƒØªÙ‡Ù‡Ù‡Ù‡Ù‡Ù‡ Ø§Ù‡Ù‡Ù‡Ù‡ Ø§Ø´ØªÙ‚Øª Ø§Ø´ØªÙ‚Øª Ø§Ø´ØªÙ‚ØªØªØªØªØªØªØªØªØªØªØª,0
643,"10:43 & 10:50 ğŸ˜‚ğŸ˜‚ğŸ˜‚
Namjoon: Namjoon is handsome
Jin: Seokjin is most handsome 

Our worldwide handsome striked again ğŸ˜‚ğŸ˜‚ğŸ˜‚",0
539,8:59 NAMJOON ALEJATE QUE NO VAYA A PASAR LO ANTERIOR EN LA GRABA. DE REFLECTION AHRE :v,0
111,"1:51 Ù‡Ø°Ø§ ØªØ§ÙŠÙ‡ÙŠÙˆÙ†Øº ÙˆÙ„Ø§ ÙÙŠÙ†ÙŠ Ø¹Ù…Ù‰ Ø§ØµÙˆØ§Øª..ØŸØŸØŸ 
This voice from taehyung?? 
or whhattğŸ˜­ğŸ˜­ğŸ˜­ğŸ˜­",0
272,4:32 Ø±Ø³Ù…Ù‡ Ø¬ÙˆÙ†ØºÙƒÙˆÙƒğŸ˜­â¤,0
80,1:20 ØªØ§ÙŠÙ‡ÙŠÙˆÙ†Øº Ù…Ù†Ø·Ø±Ø¨ Ù…Ø¹ Ø¯ÙˆØ¨ ğŸ˜­,0
350,5:50 JJAJAJAJA LOS CAGARON A TODOS,0
120,2:00 makes my heart melt his voice is amazing ğŸ’œI purple you JiminğŸ’œ,0
618,10:18 why did my heart fluttered on this. ì™œ ë‘ê·¼ ë‘ê·¼ ã…‹ã…‹ã…‹,0
481,8:01 amo el outfit de suga en not today!!! :'D,0
570,9:30 when the camera man don't know who to film. lol,0
367,6:07 I WHEEZED,0
374,"6:14
JAJAJAJAJA",0
227,"3:47 

No
NO
NO OTRA VEZ :'U",0
143,"2:23
ĞšĞĞ—ĞĞ›ĞĞ¡Ğ¬ Ğ‘Ğ« ĞŸĞ Ğ˜ Ğ§ĞĞœ Ğ¡Ğ”Ğ•Ğ¡Ğ¬ Ğ£ĞšĞ ĞĞ˜ĞĞ",0
551,9:11,0
285,"4:45 I just love how Namjoon was asking when did they do one of those practice videos ğŸ˜‚ he clearly cant back track their own activities  hahahahaha

Also, old BTS dance practice videos are gold so not blaming him for his reaction ğŸ˜‚ğŸ˜‚ğŸ˜‚ğŸ˜‚ğŸ˜‚",0
166,2:46 JIMIN!!!!!!!!!!,0
308,5:08 I CAN'T STOP WATCHING SUGA'S PHOTO ğŸ˜­ğŸ˜­ğŸ˜­ (ABOVE JIN'S PHOTO) HE'S TOO CUTEEE DAMMIT ğŸ˜­ğŸ˜­ğŸ˜­ğŸ˜­ğŸ˜­ğŸ˜­ HIS CHEEKS IS EVERYTHING ğŸ˜­ğŸ’–ğŸ’–ğŸ’–ğŸ’–ğŸ’–ğŸ’–ğŸ’–,0
125,2:05 ğŸ˜‚  ë„ˆëŠ” ë§¤ìš° ê·€ì—½ë‹¤ ğŸ˜š,3
21,"0:21

Olha que obra prima
VHOPE ELES sÃ£o tÃ£o lindos JUNTOS AI MEU CORAZAUM",0
126,2:06 - EL MARIACHI!!!! WHAT A MOCHI!,7
197,3:17 Namjoon looking for something to destroyğŸ˜‚ğŸ˜‚,0
166,2:46 Jimin scream ğŸ˜‚ LMAOOOO,58
372,6:12 Joon was like WTF? ğŸ˜‚,0
150,2:30 vkookkkkk,8
166,2:46 JIMIN ã…‹ã…‹ã…‹ã…‹ â¤â¤â¤â¤â¤,4
81,1:21 tae bailando xdd,1
545,9:05 like in Hogwarts wooow,17
309,5:09 Yoongiiiiiiiiiii!!!ğŸ˜,1
43,0:43 AAA JIKOOKâ¤â¤â¤â¤,3
495,8:15 LOVE THAT AHAHHAAHHA LMAO,0
228,3:48 jimin swim without waterğŸ˜…ğŸ˜…ğŸ˜…,0
570,9:30   jaja me recuerda a Harry Potter los cuadros en movimientos,0
333,5:33 when Mic Drop playsğŸ˜‚,0
607,10:07 ğŸ˜­ğŸ˜­ğŸ˜­,0
513,"8:33 camergirl's laugh, so cute.",0
172,"2:52 Â¿Soy la Ãºnica que escucha ""de donde sacaste esto""?",0
545,"9:05 my fav part of the exhibition :O 
Sadly, I canâ€™t go ã…œ.ã…œ",0
166,2:46 wey me asuste,0
39,0:39 AAAAAA MEU JIKOOK KRL,0
111,1:51íƒœí˜•ì˜¤ë¹ ï¼Ÿï¼Ÿã…‹ã…‹ã…‹ã…‹,0
120,"2:00 i was singing with him~~

Well i won't- can't say exactly singing... maybe mummbling..yeaaaa",0
167,2:47 jimin ese grito â¤â¤â¤ğŸ˜‚ğŸ˜‚ğŸ˜‚,0
119,1:59  jiminnnn â¤â¤â¤â¤ cute,0
7,0:07 JK-Ooooooooooooo,12
536,"8:56 bet RM's like ""ahhh it survived"" ğŸ˜‚",0
395,"6:35 awww no se porque cada movimiento que hobi hace me parece adorable! :3
Love you hobi â¤",23
43,0:43 destiny?hshshs,0
345,"5:45 TÃ TRANQUILO, TÃ FAVORÃVEL 

J-HOPE ÃCONE!",324
119,1:59 so cool Jimin!,0
34,"0:34 Ğ¯ Ğ’ĞŸĞĞ›Ğ Ğ’ Ğ¥ĞĞ¥Ğ...ĞœĞĞ• ĞĞ”ĞĞĞ™ ĞŸĞĞ›Ğ«Ğ¨ĞĞ›ĞĞ¡Ğ¬ ĞšĞĞš Ğ§Ğ˜ĞœĞ˜Ğ Ğ¡ĞšĞĞ—ĞĞ› ""Ğ¢Ğ« Ğ§ Ğ*Ğ£Ğ•Ğ›?""??? ğŸ˜‚ğŸ˜‚ğŸ˜‚ğŸ˜‚ğŸ˜‚ğŸ˜‚ğŸ˜‚ğŸ˜‚ğŸ˜‚ğŸ˜‚ğŸ˜‚ğŸ˜‚ğŸ˜‚ğŸ˜‚ğŸ˜‚ğŸ˜‚ğŸ˜‚",0
165,2:45 jimin ixjgyoÄŸdkhÄŸxkhizgÄ±ÄŸcgkÅŸxksgi,0
165,2:45 Jimin screaming than he saw himself then he was debuting.... cuteeeee,83
484,8:04 cutest moment in the whole video ğŸ˜­ğŸ˜­,4
147,2:27 tae apreciando la carita de su lindo novio! 7u7,0
368,6:08 Namjoons little Â«Â  ğŸ˜® ohÂ Â» was damn cute haha I love this BTS bomb,0
117,1:57 this is why Jimin is my bias â¤ï¸,0
655,10:55 *UwU* *OMGAWDDD*,2
40,0:40 the way jimin grab kookie haha,0
154,2:34 VKOOKERS WHERE TF U AT,0
97,1:37 *we ain't calling him worldwide shoulders for no reason-*,131
372,6:12 RM's face when the  Mic Drop music stops all of a sudden ğŸ˜‚,10
608,"10:08 
omg jiminssi please be careful",0
39,0:39 they put up their little peace signs at the same time uwu,57
104,1:44 BLACKPINK ğŸ˜‚,0
166,"2:46 ""AHHHHHH !!"" ã…‹ã…‹ã…‹ã…‹ã…‹ã…‹ã…‹ã…‹ã…‹ã…‹ã…‹ã…‹ã…‹ã…‹ã…‹ã…‹ã…‹ã…‹ã…‹ã…‹ã…‹ã…‹ã…‹",0
165,2:45 gracias JIMIN por asustarme ğŸ˜³ğŸ˜ŠğŸ˜Š estaba re tranquila y el gritÃ³ me hizo caer de la cama ğŸ˜ğŸ˜ğŸ˜Š pero estoy bien ğŸ¤£ğŸ¤£ suga serio  y de brazos cruzadosğŸ˜ğŸ˜ğŸ˜ amo cuando pone cara serÃ­a ğŸ˜ğŸ˜ğŸ˜ğŸ’•,197
407,6:47 Ğ¥ĞĞ¡ĞĞš Ğ¡ĞšĞĞ—ĞĞ› Ğ¥ĞĞ›ĞĞ¡Ğ (Ğ¥ĞĞ ĞĞ¨Ğ),0
373,6:13 la reaccion de Namjoon ğŸ˜‚ğŸ˜‚ğŸ˜‚ğŸ˜‚ğŸ˜‚ğŸ˜‚,0
125,2:05 aww isn't he a cute little bean,0
343,5:43 MIC DROOOOOP ğŸ’šğŸ’š,0
465,"7:45 how can i saw that and don't FALL IN LOVE, purple WITH THIS PRINCE MY SEOKJINNIEğŸ˜ğŸ˜ğŸ˜ğŸ’œğŸ’œğŸ˜‚ğŸ˜‚ğŸ˜‚ğŸ˜‚ğŸ’œğŸ’œğŸ’œğŸ’œğŸ’œğŸ’œğŸ’œğŸ’œğŸ’œğŸ’œğŸ’œğŸ’œğŸ’œğŸ’œğŸ’œğŸ’œğŸ’œğŸ’œğŸ’œğŸ’œğŸ’œğŸ’œğŸ’œğŸ’œğŸ’œğŸ’œğŸ’œğŸ’œğŸ’œğŸ’œ",76
147,2:27  foetus kook ğŸ˜…,0
166,2:46  JIMIN  ã…‹ã…‹ã…‹,8
657,10:57 ME: HURRY TAKE A SCREENSHOT!!!,0
126,2:06 EL MARIACHI ğŸ’™ JIMIN I â¤ YOU,42
264,"4:24
APPARENTLY ITS NOT TAE ITS SUGA
but it got burned at the shooting so he painted another on :/
BUT ITS SUGA GUYS!!!!",33
167,2:47 lmao what is this sound park jimin??? ğŸ˜‚ğŸ˜‚ğŸ˜‚,0
2,0:02 idk why i laughed,0
119,1:59 to all those people saying they use autotune or lipsync,0
545,9:05 sÃ©rio se eu visse isso acho que eu iria surtar ğŸ’œâ™¥,0
616,10:16 I like jin print,26
166,2:46 jajajajajajja QUE BONITA LA EXPRESIÃ“N DE JIMIN!!!!!!!â¤â¤â¤ğŸ˜,0
286,4:46 NAMJOON IS SURPRISED BY HIS OWN TALENT!! ğŸ˜­ğŸ˜­ğŸ˜­ğŸ˜­,0
122,2:02. AAAAAAAAAAAAAAAAHAKDNDMSNDNXNSNXNnsmwnsndnxbsmakdjxbdnksdkdjdnndxkxbdbsnsksk JIMIN CANTANDO EL MARIACHI!!! kakaldnnsskdbdnfbkdndkdnfjfjdkdbfkfk  -se muere-.,0
82,1:22 v bopping to their song is a mood,0
126,2:06 omg jimiiin,0
643,"10:43 Namjoon really draw bling-bling emoticon, uWU",0
529,8:49,0
529,8:49,0
165,2:45 Jimin chill ğŸ˜‚ğŸ˜‚ğŸ˜‚ğŸ˜‚ğŸ’œ,0
38,0:38 JIKOOK IS REAL,0
18,0:18 OMG V ğŸ¤¤ğŸ’œğŸ’œ,0
38,0:38 jikook â¤ï¸ğŸ˜­ğŸ˜­â™¥ï¸,0
119,1:59 Someone gif this!ğŸ˜‚please.,0
120,2:00 omg so high,0
514,8:34 eso fue una risa?,0
640,"10:40

*am I the only one who screamed jungkooks aegyo?*",0
372,6:12 Namjoon's face though sksksjsjs,0
166,"2:46 jimin scream ğŸ˜‚ I'm still laughing, why he's like this lol",163
543,9:03 it looks like moving pictures from hogwart ğŸ˜,0
123,2:03 AINNNN QUE BUNITINHUUUUU murri,0
125,2:05 Jimin ğŸ˜‚ğŸ˜‚ğŸ˜ŠğŸ˜˜ğŸ˜˜,0
42,0:42 kookmin 7u7,0
119,1:59 Jimin!! So cutee,0
119,1:59 soo cutee!!ğŸ˜»ğŸ˜„ ë§ì´ ì‚¬ë‘í•´ ì§€ë¯¼ì•„ğŸ˜˜ğŸ’–,0
588,9:48 I'M CRYIING :'(ğŸ˜­ğŸ˜­ğŸ˜­,0
372,6:12 I swear joon is such an meme ğŸ˜‚ğŸ˜‚ğŸ˜‚,0
465,"7:45 This is why we love you Jin!!ğŸ’œğŸ’œğŸ’œ
So ICONIC",160
656,10:56 i was quick to take this screenshot,0
650,10:50 OMG Jin I'm laughing so hard ğŸ˜‚ğŸ˜‚,0
123,2:03 ì¡¸ê·€ ..,0
472,7:52 what is jhope saying?,0
166,2:46 jimin que cute,0
441,7:21 ì•„ ë‚˜ ì™œ ì´ê±° ì•ˆí–ˆëƒ,0
342,5:42 taejinkook ğŸ˜‚ğŸ˜‚,0
145,2:25 jiminshii glasses ğŸ’œğŸ’œ,0
350,5:50 THIS IS REALLY ANNOYING,0
607,10:07  am I the only one who noticed jimin's little injury on his hand????,234
166,2:46 my lovely ears R.I.P,0
166,2:46 Jimin's sudden scream seeing himself on video xD,0
263,4:23 So it's really Suga,0
649,10:49,0
411,"6:51 Ğ¾ĞºĞµĞ¹, ĞºĞ»Ğ°ÑÑĞ½Ğ¾!",3
358,5:58ğŸ˜‚ğŸ˜‚,0
655,"10:55 
Vmin  ğŸ˜±ğŸ˜
Yoonseok  ğŸ˜˜â¤ï¸
Namjin  ğŸ˜ğŸ¥°
Jungkook : i'm okayyy... ğŸ˜‚",0
371,6:11 namjoon's face BAHAHAHAH,0
97,1:37 jimin y jeon jungkook,0
427,7:07ğŸ˜‚ğŸ˜‚ğŸ˜‚,0
217,3:37.cute drawaing,0
279,4:39ì´ˆ ë‚¨ì¤€ì´ì˜¤ë¹  ë°˜ì‘ ë„ˆë¬´ ì›ƒê¸°ë‹¼ã…‹ã…‹ã…‹ã…‹,0
165,2:45 jimin scream,0
117,1:57 jimin sang AIRLPANE PT.2,44
426,7:06 why do i stan this guy ğŸ˜¥ğŸ˜¥,0
545,9:05 is when Harry Potter meets BTSğŸ˜‚,0
390,"6:30 ""Hey mama!"" Jhope oppa I freaking love you. ğŸ’œâ¤ğŸ’œâ¤ğŸ’œâ¤ğŸ’œâ¤ğŸ’œâ¤ğŸ’œâ¤ğŸ’œâ¤ğŸ’œâ¤ğŸ’œâ¤ğŸ’œâ¤ğŸ’œğŸ˜ğŸ˜ğŸ˜ğŸ˜ğŸ˜ğŸ˜ğŸ˜ğŸ˜ğŸ˜ğŸ˜ğŸ˜ğŸ˜ğŸ˜ğŸ˜ğŸ˜ğŸ˜ğŸ˜ğŸ˜ğŸ˜ğŸ˜ğŸ˜ğŸ˜ğŸ˜ğŸ˜",126
145,02:25 reason for my life,0
309,"5:09
*LOOK AT YOONGS AHSKUHAKL <3*",0
111,1:51ã…‹ã…‹ã…‹ã…‹ã…‹ã…‹ã…‹ã…‹ã…‹ã…‹ã…‹ã…‹ã…‹ã…‹ã…‹ã…‹ã…‹ã…‹ã…‹ã…‹ã…‹ã…‹ã…‹ã…‹ã…‹ã…‹ã…‹ã…‹ã…‹ã…‹ã…‹ã…‹ã…‹ì•„ ì™¤ì¼€ì›ƒê¸°ëƒ,1
38,0:38 Kookmin â™¥,0
347,"5:47 aww, Jhope oppa is adorable, the way he moves to the beat though. Cuteâ¤ğŸ’œâ¤ğŸ˜ğŸ˜ğŸ˜",19
595,9:55 - end what are they writing?,0
340,5:40 it's so funny that they're dancing but then the music stops and they're confused. Cute,0
526,8:46 Can we just talk about how cute Jungkook looks in a grey hoodie?,0
284,"4:44 q fofinho â¤â¤â¤â¤â¤ kookie lindooooâ¤
BTS â¤â¤â¤â¤â¤â¤â¤â¤â¤â¤â¤â¤â¤â¤",0
154,2:34 proud boyfriend spotted ğŸ˜ğŸ˜ğŸ˜,0
41,"0:41 theyâ€™re in sync ğŸ˜†
Guys, weâ€™ll wait for the pictures you take, thereâ€™s a lotğŸ‘ğŸ¼",0
118,1:58 Jimin oppa's voice is so beautiful and he was dancing also. What a cutie. ğŸ’œâ¤ğŸ’œ,0
166,2:46 Music to my earsğŸ˜‚ğŸ’œ,1
555,"9:15 
 #ARAB ARMY ILOVE YOU BTS  

Jimenshi made my heart flutter ILOVE YOU SOOOOOOOOO MUCH  I'M AN IRAQI ğŸ’œğŸ’œğŸ’œ",20
167,2:47 LOUDER JIMIN WAAAAAAAHğŸ˜‚ğŸ˜˜,0
367,6:07 poor RM ğŸ˜‚ğŸ’œğŸ˜‚ğŸ’œ,0
350,5:50 lmaoo they were so ready,0
275,4:35 an art touches art ğŸ’,0
166,2:46 Jimin didn't have to scare me like thatğŸ˜‚,127
166,2:46 jimin calm down xndndndnd,0
166,"2:46 
fcking hell jimin, you didn't  have to scare us like that",0
37,0:37 jikook momentğŸ˜âœ¨,0
166,"2:46 OMFG JIMIN, YOU SCARED ME",0
22,0:22 vhope,0
35,0:35 momento jikook adorei ;),1
38,0:38 que hermosoğŸ˜,0
348,5:48 XD ã…‹ã…‹ã…‹ã…‹,0
167,2:47 hahağŸ˜‚ğŸ˜‚ Jiminie,0
556,9:16 BABY IS ENJOYING HIMSELF :((((,0
118,1:58 OH POR DIOS! amÃ© esto :'3 <3,0
119,1:59 he won my heart all over again uwuğŸ’œğŸ’œ,0
167,2:47 he srly shouted cause he saw his young self ğŸ˜‚,0
150,2:30 vkook 4 ever,6
118,1:58 ğŸ˜±ğŸ˜»âœ¨ğŸ˜»,1
528,8:48 girl ğŸ˜ğŸ˜Š,1
330,5:30 no se pero me dio risa xd,0
152,2:32 so cute ğŸ˜­ğŸ’,0
283,4:43 el rolon que estÃ¡ de fondo 7u7,0
120,2:00 So cuteee â¤,0
650,10:50 worldwide handsome wkwkwkw,7
144,"2:24 Tae's laugh at Jungkook's pic
OMG 
So cuteeeeeeeeeeeğŸ’œğŸ’œğŸ’œ",0
268,"4:28 Jungkook's art is so beautiful
Jungkook is so talented lâ­",147
149,2:29 That is me with my best friend,0
166,2:46 el grito de Jimin jueput JAJAJAJSJAJJAJAJAJAğŸ˜‚,0
535,8:55 Ah ~! Â¿no es este el telÃ©fono pÃºblico que rompÃ­?,8
618,10:18 Jin oh ğŸ¤¤ğŸ˜â¤ï¸ğŸ˜˜,43
119,1:59 jimin is so cuteeeee,21
166,"2:46
2:47
ğŸ˜‚",0
238,3:58 I love how our Chimchim smiled here. He looks stress free and refreshed.,0
120,2:00 jimin es tan hermoso,13
41,"0:41 other than dancing, why do they have to be so synchronized also when it comes on doing peace sign loool",0
534,"8:54 when she laughed,,,, i felt that, relatable sis uwu",0
38,0:38 Jimin pulls Jungkook To get a picture with himğŸ˜ğŸ˜,0
166,2:46 HAHAHAHAA,0
165,2:45 this scared the hell out of me Jesus Jimin whyy ğŸ’€ğŸ˜‚ğŸ˜‚ğŸ˜‚,147
331,5:31 aAahHhh stop me jiminn,8
20,0:20 Jikook taking pics of Vhope ğŸ˜was so cute ...jk is so perfect in everything ğŸ’¯,33
642,"10:42 RM : Kim Namjoon is handsome
LATER...
10:50 Jin : Kim Seokjin is more handsome",424
120,2:00 awwwwwweee he sounds like a child,1
548,9:08 Harry Potter who? I only know bts,0
483,8:03 Junghope / Hopekook ğŸ˜ğŸ˜ OMG ğŸ˜ So cutes â¤,5
120,2:00 chimchim dancing cutely,10
115,1:55 taetae sung mic drop,9
166,2:46 Jimins little scream! ğŸ˜‚ğŸ˜‚ğŸ˜‚,16
429,7:09 The way Tae puts his face into those masks!!!!ğŸ˜‹ğŸ˜‚ğŸ˜‚ğŸ˜˜ğŸ˜˜ğŸ’œ,50
650,10:50 the most Seokjin thing ever,102
153,2:33 ah so cute ğŸ˜˜ğŸ˜˜ğŸ˜˜,0
567,9:27 ì¹´ë©”ë¦¬ë§¨ë‹˜ ë‹¹í™©..ã…‹ã…‹ã…‹,0
28,0:28 J-hope's laughğŸ˜‚ğŸ’œ LOVE YOU GUYS SO FREAKING MUCH!!!ğŸ’œğŸ’œğŸ’œ,4
486,8:06 THAT is the very scene that sprinkles my heart with cutenessğŸ˜,0
150,2:30 That was the pic V posted on JK's B-Day ...!!! Love Taekook! ğŸ˜˜ğŸ˜,241
166,"2:46 !! BOIğŸ˜‚ğŸ˜‚ğŸ˜‚ You ok??!
When they were dancing to Mic Drop i lost it!",1
309,"5:09
Suga's face at the top thoughğŸ˜‚",0
21,"0:21 VHOPEEEE
Ok... I love you bangtan, im so sorry cause i dont watch the video before
Im argentinian love you",1
345,5:45 hope's swag,3
565,"9:25 the camera woman keeps laughing along, I can't. ğŸ˜‚ğŸ˜‚ğŸ˜‚",0
166,2:46 RIP earbud users. I love when my cutie shrieks. ğŸ’œ,0
152,2:32 Tae claramente me represento: _ NenÃ©m que eu ajudei criar!ğŸ’ğŸ»â€â™€ï¸ğŸ™‹ğŸ»â€â™€ï¸ğŸ˜­â¤,0
372,6:12 NamSHOOK,0
99,"1:39 look how broad are jin's shoulder, wOw",276
125,2:05 Jimin- shhiiii ğŸ’œğŸ˜»ğŸ˜»ğŸ˜»,2
649,10:49 Vincent van gogh,16
167,2:47ğŸ˜‚ğŸ˜‚ğŸ˜‚ğŸ˜‚ğŸ˜‚,0
374,"6:14 The Face Of RM ğŸ˜‚ğŸ˜‚ 
 

I love you RM â™¥ï¸",0
286,"4:46 
kim namjoon, leader of bts who have IQ 148 surprised himself because of his own dance practice",0
433,7:13 Taehyung ğŸ’œğŸ’œğŸ’œğŸ’œ,0
118,1:58 woooooowh it is a peaceful sound... Thank you Jimin.,225
174,"2:54 _just a cameraman walking by, nothing to see here!_",0
351,5:51 when your shit was about to get good and your mom changes the song ğŸ˜‚âœŠğŸ˜­â¤,0
331,5:31 me when I hear Mic Drop ğŸ˜‚ğŸ’œ,0
42,0:42 same move #jikook,0
368,6:08 the cutest baby and his little 'oh',0
604,10:04 ğŸ˜‚,0
166,2:46 Ø¬ÙŠÙ…Ù…Ù…ÙŠÙŠÙŠÙ† Ø¬ØªÙ„ØªÙ†ÙŠ Ø´Ù‡Ø§Ù„ØµØ±Ø®Ø©ğŸ¤£ğŸ¤£,0
381,"6:21 everyone danced except himğŸ˜‚ğŸ˜‚ğŸ˜‚ he got his own swagğŸ˜ğŸ˜
# SUGAâ¤ğŸŒ",233
467,"7:47 
*me dancing to fire*",14
116,1:56 Jiminnn â¤ï¸ğŸ˜¥ğŸ¤—,9
119,1:59 ğŸ˜‚ğŸ˜‚ğŸ˜‚ğŸ˜‚,0
166,"2:46 Jimin hhhhğŸ˜‚ğŸ˜‚ğŸ˜‚and j-hope's reaction ğŸ˜‚ğŸ˜‚ğŸ˜‚
btssss â¤â¤â¤â¤",4
147,2:27 Ohhh Tae is that your husband?,0
166,2:46,0
119,1:59 jimin was so cuteeeeeğŸ˜­ğŸ˜­ğŸ˜­â¤â¤â¤â¤â¤â¤,2
371,6:11 rm there's like wth just happenğŸ¤£,91
543,9:03 thÃ­ch nhá»¯ng bá»©c tranh di Ä‘á»™ng nÃ y. Giá»‘ng nhÆ° Harry Potter. The move pictures like Harry Potter,0
20,0:20 cute vhope!â™¡â™¡,0
95,1:35 UwU why does Yoongi look so adorable I'm soft..,0
525,"8:45 Why does Jungkook talk like that? Lmao, it's so adorable ğŸ˜‚",97
119,1:59 moriiiii Hajdhskhsjhajshashjâ¤â¤â¤ğŸ˜£,0
650,"10:50 joon wrote "" namjoon is good looking "" but after that seokjin wrote above that seokjin is more good looking"" this is the most seokjin thing ever lol",711
28,"0:28 I think j hope laughed because of the height difference between SUGA AND JIN 
SO CUTE ğŸŒ·",254
646,10:46 que lindo es este niÃ±o ğŸ’œğŸ’œğŸ’œ,0
239,"3:59 Rm calling Jimin 'Dangshin' shows how close they all are! ğŸ’œâœ¨
                          I Love BTS ğŸ’œ",8
612,10:12 I love Jin's hand!,13
166,2:46 when my brother opens my phone and sees full of bots and I come and see him with the phone,0
118,"1:58  ìš°ì™€...ì§€ë¯¼ë‹˜ ìŒìƒ‰ ì§„ì§œ ì©ë‹¤ ì‚¬ëŒ ëª©ì†Œë¦¬ê°€ ì•„ë‹ˆì•¼ ì•„ë¦„ë‹¤ìš¸ì •ë„ ã…‹ã…‹,, ë¼ì´ë¸Œ ã… ã…  íƒ€íŒ¬ì¸ë°ë„ ì¡´ê²½ìŠ¤ëŸ½ë‹¤ ë°©íƒ„ë¶„ë“¤ ~!",5
607,10:07 poor Chimchim :(,0
351,5:51 when Mic Drop stopped playing just before the chorus they all looked so betrayed lmao,0
233,3:53 Itâ€™s one of my fav ship jimin x bathtub ğŸ‘ŒğŸ»ğŸ˜‚,62
149,2:29,0
486,8:06 am I the only one smiling really hard on this one?,0
16,"0:16 Hobi cuty (I know I did'nt write anything new as everyone knows that he is a cutypie and a very cheerful sunshine but what can I do??? As soon as I see him a small smirk takes over my pale face and cherishes it. It's not my fault It's his cutness and happiness that forces me to smile everytime I am able to see him!!!!)





Love you HOBIâ™¥â™¥â™¥
LOVE YOU BTSâ™¥â™¥",1
148,2:28 my taekook heart.,3
31,"0:31 yoongi: *breathes*
hoseok: *starts laughing*",1
386,"6:26 whos automatically singing? 
J-HOPEEEEğŸ’œ",1
84,1:24 jhope is taking selfieğŸ˜‚ğŸ˜‚,2
118,"1:58 oh please how can he be so cute lkdlkdlkksksd
8:06 I am sorry BUT THEY LOOK SO CUTE AHHHHHHHHHHHHHHHHH",0
118,1:58 my babyğŸ˜‚ğŸ’•ğŸ’•,0
496,8:16 they were laughing at taehyung's outfit standy.... cute cute cuteğŸ’œğŸ’œğŸ’œğŸ˜ğŸ˜ğŸ˜ğŸ˜ğŸ˜ğŸ˜,0
225,3:45 ~ 4:08  take all my Uwuuuuuuuu he's a babeee ğŸ’ğŸ’ğŸ’ğŸ’,0
639,10:39 annyeonghaseyo joneun bangtan sonyeonda hanggeum maknae jeon,0
101,1:41 who runs behind? Xd,5
262,4:22 JK is so talented in literally everything whn it comes to ART. Himself is ART.,245
301,5:01 hooaaydaa ğŸ“,0
548,9:08 i really want to see the moving portraits tho. It looks cool. Too bad im far away from there,27
429,7:09 i'll do the same,0
166,2:46 jimin is me (2) ğŸ˜‚,21
279,4:39 me di cuenta que estaba House of Cards de fondo y yo como 7u7. Aki estha el comenthario en ezpaÃ±ol ke vuzcavas :v.,0
119,1:59 jimin is meğŸ˜‚,4
120,2:00 an angel voice ğŸ’–,0
545,"9:05 Harry Potter vibe, love it",0
127,"2:07 - ĞºĞ°Ğ·Ğ°Ğ»Ğ¾ÑÑŒ Ğ±Ñ‹, Ğ¿Ñ€Ğ¸Ñ‡ĞµĞ¼ Ñ‚ÑƒÑ‚ ÑƒĞºÑ€Ğ°Ğ¸Ğ½Ğ°",0
42,0:42 i see tht,0
643,"10:43 he is writing ""kimnamjun is handsome"" and  Jin come and write ""sukjin is more handsome"" right next to RM's. haha",66
546,9:06 hogwarts 101,0
151,2:31 By tae's photo it's clear that they went to the exhibition in JK's birthday 1st sept,0
46,0:46 jungkook vÃ  jimin hiá»ƒu Ã½ nhau ghÃª,0
351,"5:51 they got ready to dance Mic Drop, but the video stoppedğŸ˜‚ğŸ˜‚ğŸ˜‚",21
148,2:28 - Tae laughing at fetus JungkookğŸ˜‚,1
638,10:38 OK BUT WAS I THE ONLY ONE WHO STARTED HEARING THAT FANCHANT.â€ANNYEONHHASEYO CHONEUN BANGTANSONYEONDAN HWAGGUEM MAKNAE JEON JEONGGUK IMNIDAâ€.(donâ€™t know if i spell ed it right thats how yaâ€™ll be spelling korean ğŸ˜‚),0
118,"1:58 Thanks, Ğ§Ğ¸Ğ¼Ğ¸Ğ½Ğ¸, Ğ¼ĞµĞ½Ñ ÑƒĞ»Ñ‹Ğ±Ğ½ÑƒĞ»Ğ° ĞµĞ³Ğ¾ Ñ€ĞµĞ°ĞºÑ†Ğ¸Ñ, Ñ Ğ¾Ğ±Ğ¾Ğ¶Ğ°Ñ ÑÑ‚Ñƒ Ğ¿ĞµÑĞ½Ñ)
Ğ ĞµĞ°ĞºÑ†Ğ¸Ğ¸ Ğ§Ğ¸Ğ¼Ğ¸Ğ½Ğ° Ğ¾Ñ‡ĞµĞ½ÑŒ ĞºĞ»Ğ°ÑÑĞ½Ñ‹Ğµ. 
ĞĞ±Ğ°Ğ»Ğ´ĞµĞ½Ğ½Ğ°Ñ Ğ²Ñ‹ÑÑ‚Ğ°Ğ²ĞºĞ°, Ğ¾ÑĞ¾Ğ±ĞµĞ½Ğ½Ğ¾ ĞºĞ°Ñ€Ñ‚Ğ¸Ğ½Ñ‹-ÑĞºÑ€Ğ°Ğ½Ñ‹, Ğ³Ğ´Ğµ Ğ±Ğ°Ğ½Ñ‚Ğ°Ğ½Ñ‹ Ğ·Ğ°Ñ…Ğ¾Ğ´ÑÑ‚ Ğ² Ñ€Ğ°Ğ¼Ñ‹ Ğ¸ Ğ²Ñ‹Ñ…Ğ¾Ğ´ÑÑ‚. 
Ğ˜Ğ½Ñ‚ĞµÑ€ĞµÑĞ½Ğ¾, Ñ‡Ñ‚Ğ¾ Ğ½Ğ°Ğ¿Ğ¸ÑĞ°Ğ» Ğ½Ğ° Ğ·ĞµÑ€ĞºĞ°Ğ»Ğµ RM?",0
101,1:41 that girl went zooooom,0
119,1:59 ahh kiyowo :(â¤ï¸,0
370,6:10-6:13 namjoon was confused lol,0
39,0:39 *jikook culture*,0
336,5:36 Joon looks like he's taking a tik tok except it doesn't look cringe,0
153,2:33 that picture Tae post for jungkook on his birthday,25
118,1:58 jimin he's so adorable ğŸ˜˜ğŸ˜˜ğŸ˜˜,91
60,1:00 what are these,0
367,6:07 ğŸ˜‚,0
279,4:39 meanwhile house of cards playing in background,0
547,9:07 this looks like pictures in harry potter!!,0
149,2:29 Taekook,2
340,5:40 *when me and my friends heard a BTS SONG* looolğŸ˜‚,3
123,2:03 Jimin such a cutie,0
166,"2:46
2:46
2:46
2:46
I can't stop laughing this scream ğŸ˜‚ğŸ˜‚ğŸ˜‚",135
32,"0:32 *my Jikook heart goes BOOM BOOM* 
what i'd do to be there at that exhibition.. ğŸ˜­ğŸ˜­ğŸ’œ",0
118,1:58 me whenever i see any word that is in a bts song,17
42,0:42 Jikook sharing one brain cell,0
166,"2:46 
Me when I see how mom dressed me when I was youngğŸ˜­ğŸ˜”ğŸ˜’",0
483,8:03 ğŸ˜ğŸ˜ğŸ˜ğŸ˜ğŸ˜ğŸ˜ğŸ˜ğŸ˜ğŸ˜ğŸ˜ğŸ˜­,0
644,10:44..... I appreciate Tae's drawingğŸ˜˜ğŸ˜šğŸ˜š,1
88,"1:28
NAMJOOOOON!!!!
YOU'RE SO HANDSOMEğŸ˜­ğŸ˜­ğŸ˜­",0
373,"6:13
ë‚¨ì¤€:ì œê°€..ë˜ ë¿Œì…¨ë‚˜ìš”...",0
119,1:59 a cute mochi is singing and dancingğŸ˜˜,0
120,2:00 Jimin ah ğŸ’ğŸ’ğŸ’ you're an Angel ğŸ‘¼,60
372,6:12 Rm's blank expression though is full legit mood ğŸ˜‚.... skskssss,0
467,7:47 Jin is so cute! â¤ï¸,111
152,2:32 vkook is real ğŸ‰ğŸ˜,6
337,5:37 ahhhh RMâ€˜s Twitter Video ğŸ˜,0
367,6:07 Namjoonie! Su expresiÃ³n. â¤ğŸ˜ es un bebÃ©.ğŸ˜†ğŸ¨ğŸ™Š,0
145,"2:25.... omo aaahhhhhhhhhhhhhhhhhhhhhhhhhhhhhh!!!
My heart on hearing tae laugh at baby jk ğŸ˜˜",60
834,13:54,0
39,"0:39 aaaaaaaaaaaaaaaa
Momentttttttttt",0
39,"0:39
Jimin be like come baby lets click a pic together",84
103,1:43 perfect face,0
262,4:22 Jungkook is so proud of his painting! My baby is so talented.,106
368,6:08 Namjoons face ğŸ˜‚ğŸ˜‚ğŸ˜‚ğŸ˜‚,21
337,5:37 that musically lmao (or TikTok .-.),0
22,"0:22
0:30
0:38
0:43
SO CUTE ğŸ™€ğŸ˜»ğŸ˜»â¤â¤â¤",0
545,"9:05 woah this part reminds me of harry potter wow it's such an awesome room ğŸ˜¯
I wish I could go ğŸ˜",0
120,2:00 i keep replaying iâ€™m in love,0
547,9:07 *HOGWARTS*,0
122,2:02 ğŸ˜­ğŸ˜­ğŸ˜­ğŸ˜­ğŸ˜­ğŸ˜­ğŸ˜­ why is he sooooo fuckin adorable â™¥ï¸â™¥ï¸â™¥ï¸â™¥ï¸â™¥ï¸,1
118,1:58-2:04 is the cutest thing ever,1
286,"4:46 Namjoon, my group feels the same everytime we watch your dance practices to try to cover them",0
407,6:47 Ñ…Ğ¾Ñ€Ğ¾ÑˆĞ¾?,0
166,"2:46 ese bendito grito fue lo mejor de mi dÃ­a ğŸ˜ğŸ’ 
Son muy tiernos en sus reacciones excepto Yoongi que no parece tener ninguna XD (no lo culpo yo soy igual, a menos que se trate de ellos ,entonces me convierto en una sentimental) Jajaja igual ese es el encanto de Yoongi , A LOT OF  LOVE FROM MÃ‰XICO ğŸ’•ğŸ’•ğŸ’•ğŸ’•",0
240,"4:00 jimin x bathtub 
How cuteğŸ˜ğŸ˜",0
118,1:58 its look like jimin can finally read korean,0
332,5:32 im Crying jimin â¤ğŸƒmy moodğŸ˜‚,1
368,6:08 me when I realized this vid endedğŸ˜­ğŸ˜”,0
166,2:46 jimin scream so cute,178
118,1:58 omg! Jimin so cute. He looks like a little kid ğŸ˜,0
546,9:06-9:10 WAHHHH... Daebak ğŸ‘ŒğŸ‘ŒğŸ‘Œ,0
170,2:50,0
97,1:37 yoongi looks so SMOL PLEASE HIS NOSE IS SO BOOPABLE,1
36,0:36 jikookğŸ˜ğŸ˜,0
527,8:47 jungkook is so cute ã… ã… ,24
350,5:50 taekook ğŸ˜ğŸ˜˜,25
150,2:30 taekook moment.. ğŸ˜ğŸ¤—ğŸ˜˜â¤ğŸ’œ,1
123,"2:03 DID JIMIN SANG THAT HIGHER THAN THE ORIGINAL?!,.,,,, WHAT",18
118,1:58  ğŸ¥,0
27,0:27 jungkook and jimin look like those parents who make their kids take pictures with everything lol,401
483,8:03 if this ainâ€™t the cutest shit I ever seen ğŸ˜©,0
152,"2:32 omg, it's so cuteee",0
265,4:25 WHO'SE BOYFRIEND IS THIS?,0
363,6:03 same energy when Tae ate RMs whole watermelon *IM WHEZZING*,0
370,6:10 RM can't even believe it too. Lol.,0
238,3:58  Jimin+Bathtub â¤ï¸ beautiful,1
150,"2:30 oh my God,,,,sooooo cute :)",0
352,5:52 everyone was dissapointed when the music end. And i also dissapointed because i can't watch they continue dancing to it ğŸ˜,0
406,6:46 I have that as my wallpaper right now !! ğŸ˜‚ğŸ˜‚ lol,12
167,2:47 jhope reaction to jimin scream is like it's happened everyday ğŸ¤£,5
484,"8:04 uwu, so cute. I understand that in their debut Hoseok was the third in height after RM and Jin, but now he is the third in height from the end. TaeTae and Jungkook outgrow Hoseok.
Rm-Jin-Hoseok-V-Jungkook-Suga-Jimin
Rm-Jin-Jungkook-V-Hoseok-Suga-Jimin",0
114,1:54 Of course v will not miss the chance to sing cypher ğŸ˜†,0
38,"0:38 *JIMIN ASÃ TRATAS A TU HOMBRE ??? PORFAVOR CON CALMA SEÃ‘ORITO, O ACASO LE QUERÃ‰S ROMPER LA ROPA? SALVAJE.*",1
337,5:37 ãƒŠãƒ ã‚¸ãƒ¥ãƒ³ã‹ã‚ã„ã„æ„›ã—ã¦ã‚‹ğŸ¥ºğŸ’–ğŸ’–ğŸ’–,0
119,1:59 OMG!!!!!!! JIMINâ€™S VOICE,0
124,2:04 - 2:06 When Jimin became Jin.ğŸ˜‚,17
633,10:33 Tae wrote something in English....,0
351,5:51 - 6:26 Each member confused about the Mic Drop MV stoppingğŸ˜…â¤ï¸,11
42,"0:42
That moment when they held up a V sign without saying anything



DNA ğŸ§¬ ğŸ¶",0
495,8:15 that laugh tho ğŸ˜‚ğŸ˜‚ğŸ˜‚ğŸ’œğŸ’œğŸ’œ,0
516,8:36 The way he giggles is killing me!ğŸ˜µğŸ˜â¤,18
166,"2:46 Holy shit Jimin, you're loud when you super-cringe LMAO

5:51 They wanted it to keep going when it's THEIR song they've performed multiple times haha That's a really cool effect though.

7:46 I guess Fire still means a lot to Jin as the era he started being more confident in himself :) 

8:15 Anpanman in Tae's outfit omfg LOL Even the camera lady couldn't help but laugh 

10:13 I love Jin's handwriting! I don't even read Korean but it looks so neat â¤ All of the members' writing on the mirror was very crisp too like yay!",0
368,6:08 kkkkkkk,0
545,9:05 jimin looking at himself and being so proud and happyğŸ’œ please protect these babiesğŸ˜­ğŸ˜­,0
137,2:17 ì´ ì–¼êµ´ì´ ì •ë…• ìŒ©ì–¼ì´ë€ ë§ì´ë”ëƒ.. ì§„ì‹¬ ì¡´ì˜ì´ê³  ì›”ë“œ í¬ë¼ì“° ì–¼êµ´ì´ê³  íƒœìƒë¶€í„° ê·€í‹°ë¶€í‹° ì²­ìˆœë©‹ì§ ì²œìƒê³„ ì§„ì´ì˜€êµ¬ë‚˜ã…‹,10
119,1:59 i think i just heard an angel,0
358,5:58 omg his hand looks f*cking small!It's just too cute! ğŸ˜­ğŸ˜­ğŸ˜â¤,3
495,8:15 omg HAHAHAHAHAHHAHAHAHAHHAHAA,0
112,1:52 that scream hahahahahğŸ˜‚,0
330,5:30 ğŸ’œ,0
38,00:38 Actually they  are twin busan brothers...ğŸ˜‚ğŸ˜‚ğŸ˜‚ğŸ˜‚,0
166,2:46ğŸ˜‚ğŸ˜‚ğŸ˜‚ğŸ˜‚ aw jimmin tan adorableeeğŸ˜ğŸ˜ğŸ˜ğŸ˜˜ğŸ˜˜,0
166,2:46,0
40,0:40 jikook ğŸ˜ğŸ˜ jeje,11
123,2:03 que bello es ver una palabra en espaÃ±ol xd 7u7,0
118,"1:58 me: wow Jimin can read so fast
Me: realises he is actually KOREAN

Me hand slaps self",282
37,0:37 viendo a estos dos solo puedo pensar en el jikook tengo una obsesiÃ³n perdÃ³n :),0
148,2:28 Tae se toma una foto de Jungkook peinadito como bb ğŸ’œ,30
153,2:33 taekook nation where r u?,0
146,2:26 Vminkook  ğŸ˜¸ğŸ˜¸ğŸ˜¸ğŸ˜¹ğŸ˜¹ğŸ˜½ğŸ˜½ğŸ˜½ğŸ˜½ğŸ˜»ğŸ˜»ğŸ˜»ğŸ˜»,27
468,7:48 jin cute,0
284,4:44 RM got surprised after seeing their dance practice onlyğŸ˜‚ğŸ˜‚ğŸ˜‚,78
306,5:06 Jin is in love!!!,4
118,1:58 we love you Jiminie,0
39,0:39 why does this look like me when Iâ€™m at family reunions and one of my aunts pulls me to the side just so they can take a picture with me,0
39,"0:39 awww jeje jimin le jalo a jungkook  par a tomarse la foto
Para mi es muy tierno y a ti",8
147,2:27 STOB IT MY VKOOK HEARTEU,4
127,2:07 my room lol,2
38,0:38 my Jikook heartuğŸ’œ,24
548,9:08 this is amazing.... In exhibition... ArmyğŸ’œ you have to see this.... I really love this ğŸ˜,13
118,1:58 this freaking lil mochi,11
38,0:38 JikookğŸ˜ğŸ˜,0
119,1:59 Jimin voice amazing â¤â¤â¤â¤â¤,0
41,0:41 the sync tho,1
350,5:50 Yo querÃ­a verlos bailar!!!!!,0
547,9:07 omg that's a living museum lol and kinda remind me of harry potter ğŸ˜‚,0
290,"4:50 Jin was me when I'm waiting for BTS next comeback......




Still, when will you guys make a comeback?",0
166,2:46 jimin cuteeeeee ğŸ¤£ğŸ¤£,0
289,4:49 namjoon be like : â€œjungshookâ€,0
368,"6:08 i almost criedğŸ˜­ğŸ˜‚
God of destruction ğŸ˜‚ğŸ‘Œ",35
350,5:50 LOL they where about to pop off but the music stopped,0
257,"4:17
No sÃ© que dices kookie pero me encanta escucharte",0
2,0:02 what's popping ğŸ˜‚ğŸ˜‚,0
607,"10:07 
Why is your hand injured?",0
38,0:38 el jikook presente ğŸ’•,0
110,"1:50ğŸ’œJHOPEğŸ’œ
2:12ğŸ’œJINğŸ’œ
6:08ğŸ’œRMğŸ’œ",26
295,4:55 HOUSE OF CARDS UWU,0
240,4:00 ë´ì¤„ê²Œìš”ì˜¤ã… ã…  100ë²ˆë„ ë´ì¤„ìˆ˜ìˆì–´ã… ã… ã… â™¡â™¡,0
148,2:28 I MISS OLD DAYS...,2
619,10:19 I wish i'm the card ğŸ˜,0
350,5:50 vkook lmaoğŸ˜‚,46
100,"1:40 ""Dashi run run run.""",0
122,2:02 probably everyone is going to remember that now,0
230,3:50 um wtf is that poster SKSJDL im scared lol,0
166,2:46 idiot,1
165,02:45 jimin screaming so laud lol... ğŸ˜‚ğŸ˜‚ğŸ˜‚ğŸ˜‚ğŸ˜‚,0
119,1:59 â™¡>â™¡,0
618,"10:18 momento en los que quiero ser un papel


*editado por pendeja",0
120,2:00 jimin is like a baby boy who showing of his talent in his parentssss. kyeeeeeoptaaaaaaa I want him to put in my wallet and kept. HAHAHAHAHAHA kiddin.,0
120,2:00 jimin is like a baby boy who showing of his talent in his parentssss. kyeeeeeoptaaaaaaa I want him to put in my wallet and kept. HAHAHAHAHAHA kiddin.,0
350,5:50ğŸ˜‚,0
73,1:13 V no puede evitar bailar xD,30
466,"7:46 lol! Jin, you're so cute â¤ï¸",0
41,0:41 Jikook in sync,0
23,"0:23 ""Muy bien""",0
547,9:07what that omg ğŸ˜¨,0
559,9:19 I was reminded of HogwartsğŸ˜‚ğŸ˜‚,0
553,9:13 what's that omg ğŸ˜¨,0
153,02:33 my baby Taehyung ğŸ˜­ğŸ˜­ğŸ˜­ miss you so much baby ğŸ˜­ğŸ˜šğŸ˜šğŸ˜šğŸ˜š,0
225,"3:45 Jimin in bathtubğŸ˜‚
CuutteeestğŸ’– human everğŸ’—.
I Love you so much Jimin â£ï¸ and my another wonderful six mensâ£ï¸â£ï¸â£ï¸â£ï¸â£ï¸â£ï¸",0
38,0:38 JIKOOKğŸ’œ,0
165,"2:45 Jimin's scream brought me back to life ğŸ˜‚
And aww J-hope's phone cover says ""Hawaii"" on the back side ğŸ˜ŠğŸŒ´ 0:45",0
334,5:34 jimin soy yo. Me ponen un cumbion de bts y altiro me pongo a bailar,1
575,9:35 taekook fighting over a drink in the background is me fighting someone taking my food away,30
550,9:10 harry potter vibes,0
119,01:59 el mariachi mood on ğŸ˜ğŸ˜ğŸ˜ğŸ˜ğŸ˜,0
324,5:24 Yoongi,0
151,"2:31 Kookie, what a famous art piece. ğŸ’•â¤ï¸ğŸ‘",0
118,1:58 ì´ì™€ì¤‘ì— ì˜ë¶€ë¥´ì§€ë§ë¼ê³ ìš”ã… ã… ã… â™¡â™¡â™¡,0
173,"2:53 escuchÃ© ''de dÃ³nde salieron PUERK......se...ser un weon''
JAJSKAJA",3
432,7:12 How are these masks hanging?,0
466,7:46 LMAO Seok Jin,0
367,6:07 my baby I swear I love him so muchğŸ˜”ğŸ’œ,7
165,2:45 no mames jimin casi me cago del susto. Medio grito que tiraste,0
123,2:03 cute JiminshiğŸ˜ğŸ˜ love you,0
166,2:46 Jimin representÃ¡ndome si en algÃºn momento de mi vida voy a una exhibiciÃ³n de ellos,0
284,4:44 namjoon is me...ğŸ˜‚â¤,0
124,2:04 wuuu,0
111,"1:51 you can hear V saying,"" EHEY JIN HYUNG URO???"" which means something like Jin hyung is crying??? omo Jin I cried too dun wori :'(

6:10 RM being shocked because he did sth wrong hahaa our destruction monster is paranoid now xD <3",0
166,2:46 *JIMIN SCREAM*,0
388,6:28 j-hopeeeeeeeeeeeeeeee,0
640,"10:40 (RM writing) ""Kim namjoon is handsome""
Right beside of RM's memo, Jin writing, ""Kim Sukjin is more handsome~"" ğŸ˜‚",2
124,"2:04 
CUTEğŸ’–ğŸ’–ğŸ’–ğŸ’–ğŸ˜­",0
496,8:16 jhope's laugh is music to my ears ğŸ˜ŒğŸ’˜,0
546,"9:06 los cuadros que se mueven de Harry Potter ğŸ˜‚
Hermoso todo TwT",0
42,0:42 another collection of bts moving in sync,1
166,2:46 Me when BTS drops something out of nowhere,0
388,"6:28 I love how as soon as Hobi walked into the ""MAMA"" set he started singing the song ^w^  <3 Love these boys, I purple them with my whole heart! <3",0
550,9:10 Harry potterrrr,0
120,2:00ã€œ2:06jimin ğŸ˜,0
38,0:38,0
238,3:58 - JIMIN owns my heart with his charming smile omg,127
38,"0:38 Jikook ğŸ’•ğŸ’•ğŸ’•
Son tan hermosos 
â¤â¤â¤",0
165,"2:45 Ğ§Ğ¸Ğ¼Ğ¸Ğ¸Ğ¸Ğ½, Ğ²Ğ¾Ñ‚ ÑÑ‚Ğ¾ Ğ¾Ñ€. ĞšĞ°ĞºĞ¾Ğ¹ Ğ¶Ğµ Ğ¼Ğ¸Ğ»Ğ°ÑˆĞºĞ°ğŸ˜ğŸ˜",0
148,2:28 Taehyung reaccionando a Jungkook del pasado :v <3,1
353,5:53 q pedo :v,0
110,1:50 Hobi looking so fine no matter the angle â˜ºï¸ ğŸ’• ğŸ’œ,166
118,"1:58ì—ì„œ ë‚´ì‹¬ì¥ì€ ë…¹ì•„ë‚´ë ¸ë”° ğŸ¤£ğŸ’œğŸ’œğŸ’œğŸ’œğŸ’œ
ì•„ ëª©ì†Œë¦¬ ã… ã… ",0
646,10:46 tae dibujandose a el y yeontan â™¥,1
123,"2:03 gritÃ© cuando Jimin cantÃ³ esa parte y son las 3:14 de la madrugada en Argentina xd
DIOS LOS AMO BASTA",1
120,2:00 cutieğŸ˜,7
118,1:58 is the cutest part uwu,2
390,"6:30 

VOY A LLORAR",0
86,"1:26 RM se ve muy tierno! <3. No puedo, todos son muy tiernos! <3",0
343,05:43 lool,0
357,"5:57
Me went i see something new at mall touch2 everything ğŸ˜‚ğŸ˜‚",0
340,"5:40 Look at Tae, look at JK too and Jin too!
*Inner self: Heck, multi-task! LOOK AT THEM AT THE SAME TIME*",0
348,"5:48 DAMN IT I'M SINGING ""YEAH NUGA NAE"" THEN...",4
368,6:08 ã…‹ã…‹ã…‹ã…‹ã…‹ã…‹ã…‹ã…‹ã…‹ã…‹ã…‹ã…‹ã…‹ã…‹ã…‹ã…‹,0
607,"10:07 jimin oq aconteceu com sua mÃ£o?
What happened to your hand?",0
340,5:40 Taeâ€™s little sandals SO CUTE :3,1
151,2:31 ğŸ˜,4
17,"0:17 J-hope y Taehyung se ven muy tiernos! <3
0:29 Yoongi y Jin, no tengo las palabras para describir lo lindo que son <3...",0
165,2:45,1
42,0:42 destiny?,0
200,3:20 i need u girl ğŸ’™,1
165,2:45 J NO SHOOK,4
3,0:03 jk like boyfriend materialğŸŒš,0
369,"6:09  la cara de confusiÃ³n de Nam jajajajaja , 
Que rÃ¡pido pasa el tiempo y ahora irÃ¡n a los Grammy ahhhhh estoy tan orgullosa",0
38,0:38 jikookğŸ˜,11
151,"2:31 vkook ahre ğŸ˜‚ğŸ˜‚,
ELLOS ERAN TAAAN CHIQUITOS, JODEER ES TAN CHOCANTE VERLOS AHÃ EMOCIONADOS.
Desde que empezÃ³ el video me quede sin aire, wey son tan bellos y talentosos mis bbsğŸ˜¢ğŸ˜­..

GRACIAS BBS!
I PURPLE U ğŸ’œ",1
260,"4:20 When Jungkook touched the painting it remind me of T.O.P blamed Seungri not to touch the painting, he was so serious ğŸ¤£
Have VIPs here?",0
367,6:07 Namjoon wanted to take a pic of them in Mic Drop but then it disappeared and his expression! I CANT XD,0
368,6:08 Rm in doubt did i break something againğŸ˜‚,100
38,0:38 the way Jimin pulled Jungkook tho.,99
322,5:22 Did anyone notice Tae's hair?,0
165,"2:45 Jimin always try to get attention  but fail haha
1:22 Tae(V)kook collected yeah
2:31 V: This is my boy !
5:40 Jin Taekook always happy together",0
610,"10:10
Tay Jimin bá»‹ sá»©t kÃ¬a ğŸ˜¥",18
285,4:45 *Yo despuÃ©s que termino el ejercicio de matemÃ¡ticas preguntÃ¡ndome como fue que lo resolvÃ­ si estaba bien culero*,27
38,0:38 Jimin tirando de Jungkook para que se tomen juntos una foto!! <3 Tienen una amistad muy unida <3! Son muy lindos!,51
166,2:46 he scared the shit out of me xD,0
369,6:09 when you go back to school after missing one day and you don't know anything that is going on in your classes.,1
368,6:08 LOL HE GOT SO CONFUSED ASJKAKSJS,0
547,9:07 YOONMIN !!!!!!!!!,0
145,"2:25 
 V: Ã€ hÃ¡ ha ha ğŸ˜…",35
372,6:12 me because I understand almost nothing of what they're saying lmao,0
282,4:42 can someone tell me what's the song name that running behind? I've heard it but can't remember it right nowğŸ™,0
44,0:44 jikook,0
545,9:05 ğŸ˜±ğŸ˜ğŸ˜ğŸ˜ Cooll SÃºperstars  ğŸ”¥ğŸ”¥ğŸ”¥,0
372,6:12 my reaction when i realize i failed a test,0
3,0:03 Whatâ€™s poppinğŸ˜‚ğŸ‘ŒğŸ½,1
238,"3:58 IMAGÃNATE que una maÃ±ana entres a tu baÃ±o y te encuentres con estoooooooooooooo 7w7
quedo en Jungshock
*hOla bEbE tE eChO AgUa Y jAbOn* 7u7",0
344,5:44 *ma baby is feeling good* _hell yeah_ ğŸ’šğŸ’•,1
165,2:45 jikooook,0
47,0:47 IMMA STEAL THAT WATCH HOSEOK,0
121,2:01 jimina  amor da minha vida,0
124,2:04 es lo mas adorable del mundo !!!,0
166,2:46 el grito de Jimin ğŸ˜‚ğŸ˜‚ğŸ˜‚ğŸ˜‚ğŸ˜‚ğŸ˜‚ğŸ˜‚ğŸ˜‚ Ctm,0
607,10:07 Is that infusion scars?ğŸ˜¶,0
166,2:46 ì§€ë¯¼ì´ ì˜¤ë¹ ã…ã…,0
410,"6:50 am : have to go to school, not far from depression ğŸ˜«ğŸ˜­

After watching my babys: Yeeeeah Let's get it ğŸ˜ğŸ˜âœŠğŸ» Feeling motivated ğŸ˜ŒğŸ’œ",0
118,1:58  ë°©íƒ„ì´ ë¦½ì‹±í¬ê°€ì•„ë‹ˆë¼ëŠ”ê²ƒì„ë³´ì—¬ì¤€ê²ƒì´ë‹¤ ì•„ì•„ì•„ ë„ˆë¬´ ì˜ìƒê²¼ì–´â™¡â™¡,0
119,1:59 Jiminn cantando es hermoso es un Ã¡ngel! â¤ï¸,81
166,"2:46 :  
*Soy yo* cuando veo algo de Bangtan en alguna tienda y ta muy caro pa' comprarlo ;-;
*Soy yo* cuando veo a un chinito en la calle.
*Mi mama* cuando entra a las 4 am a mi cuarto y me encuentra viendo chinitos en la pc ;-;",2
520,8:40 The Anpanman... LOLğŸ˜‚ğŸ˜‚,0
444,7:24 TAEHYUNG I LOVE YOUğŸ’œğŸ’œğŸ’œğŸ’œğŸ’œ,0
368,6:08 i'm actually crying at his reaction lmao,0
619,10:19 como ser un papel Yahoo respuestas XDD,0
246,4:06 ì•„ë¯¸ë¥¼ ë„ˆë¬´ ì‚¬ë‘í•œ ì£„ã…œã…œâ¤ï¸,11
658,"10:58 the fact that Jimin SCREAMED and Hobi didn't even flinch...
Don't wanna imagine how loud they are in the dorms lol",19
513,8:33 una chica se rÃ­e de fondo creo que es la que esta grabando,0
120,2:00 can I put him in my pocket pleaseee,0
165,2:45  jiminğŸ˜‚ğŸ’œ,43
118,"1:58 and 6:28.
When so beautiful???",0
23,0:23 omg Hoseok is so cuteğŸ˜,2
545,9:05Â  harryÂ  potter?,0
120,2:00 so cute jiminieee!!ğŸ˜‚ğŸ˜ğŸ’“,13
113,"1:53 am ;-; y yo acÃ¡ viendo a mi chinitosx ;-; 
ME ENAMORAN AAAHHHHHH, pd: *van a la exhibiciÃ³n a la cual io nunca irÃ©* ;-; 
*TERRIBLE LLOREMOS*",0
166,2:46 el grito de jimin jaja ğŸ˜‚ğŸ˜‚ğŸ˜‚,15
330,5:30 and they dance...suddenly the music stop ğŸ˜› ğŸ’œ,2
495,8:15 amo sus risas XDğŸ’•,0
639,"10:39
Lxs demÃ¡s: Ay quÃ© lindo, los chicos estÃ¡n autografiando los espejos, oh y pusieron Euphoria de fondo...
Yo: * Tomo aire * ANNYEONGHASEYO JONEUN BANGTAN SONYEONDAN HWANGGEUM MAKNAE JEON JUNGKOOK IMNIDA  :v",0
150,2:30 omggg itâ€™s sooo cuteee ğŸ’œğŸ’œğŸ’œğŸ’œ TaeKooooook ğŸ’œğŸ’œğŸ’œ,3
120,2:00 Awwwww Jimin So Cute,0
548,9:08 hogwarts who?,0
117,"1:57 *you'll not regret it.*






I'M CRYING HE IS THE CUTEST",0
439,7:19 ğŸ˜…ğŸ’œğŸ’œ Taehyung ah,0
165,2:45 LMFAO JIMIN SHHAJAJAKKZKSKAK,0
118,1:58 ğŸ‘€â¤â¤,0
495,8:15ğŸ˜‚ğŸ˜‚ğŸ˜‚,0
550,9:10  It felt like hogwarts.  My potterhead is quaking right now.,0
330,"5:30 y 9:05
Los lentes aquÃ­ significa que mi barrio me respalda :V xdd",0
509,"8:29 for those who didnt get it , the mask resembles the real face of the real anpanman character LITERALLY SAME ........btw that taehyung in anpanman",0
547,9:07 who let them inside Dumbledore's office,0
118,1:58 JIMIN AHHH ğŸ’–ğŸ’ŒğŸ’ŸğŸ’—ğŸ¤§ğŸ’ğŸ’•,97
367,6:07 poor Joonie probably thought he broke it ğŸ¤§ğŸ’œ,4
166,"2:46 why u scream Jimin???
5:36 I remember when he twt on his birthday (12_09_18)",0
147,2:27 & 7:05 LMAO Taehyung ğŸ˜‚ğŸ˜‚ğŸ˜‚,25
498,"8:18 Namjoon's laugh makes me so happy, I really love him:(â™¡",0
100,1:40 dude at the back literally yeeted out of there,2
124,2:04 jimin ğŸ˜…ğŸ˜ŠğŸ’œğŸ’œ,31
147,"2:27  Even though he has a mask on, you can still see how giggly Tae got when he saw fetus Jungkook",0
370,6:10 tan linda su reacciÃ³n :'c,21
1,0:01 I havenâ€™t seen all 7 faceus yet but I can hear their voices ğŸ˜ƒ,0
119,1:59 to all the haters who said their voices are all auto tune,0
148,2:28 *same tae same* ğŸ˜©ğŸ¼ğŸ¼ğŸ¼ğŸ¼ğŸ¥•ğŸ¥•ğŸ¥•,291
267,4:27 THAT'S SUGA OMG THEORIES!!,0
548,9:08 HARRY POTTER!!ğŸ˜±ğŸ˜‚ğŸ˜‚ğŸ’•,0
608,10:08 Jimin a~ ğŸ˜”ğŸ˜”ğŸ˜”,0
372,6:12 story of my life,0
466,"7:46 ğŸ˜,el baile de jin jaja",9
658,"10:58 <33
muerooooo :cc",0
101,1:41 wtfğŸ˜‚,0
119,1:59 jimin hahahaha. ğŸ˜‚ğŸ˜‚,30
94,1:34 ì•„ë‹ˆ ìœ¤ê¸°ë‹˜ ã…‹ã…‹ã…‹ã…œã…œã…œã…  ì•„ ë°©íƒ„ì†Œë…„ë‹¨ì´ë¼ëŠ”  ì‚¬ëŒì´ ìƒë„ ë°›ì•˜ë„¤ ì‹ ê¸°í•˜ë‹¤ í•˜ë©´ì„œ ë™ë„¤ì‚°ì±… ë‚˜ì˜¨ ê²ƒ ê°™ë‹¤êµ¬ìš” ã…‹ã…‹ã…‹ã…‹ã…‹ã…‹,1
146,2:26 tae laugh at jungkook ğŸ˜ğŸ˜ğŸ˜,0
165,2:45 Jimin lost his shit whenever he see his fetus self...xD,0
576,9:36 Taehyung empujando a Yoongi en el fondo lol,0
166,2:46 why is he so loud ğŸ˜‚,0
330,"5:30 LPM!!  ME DIO UN ATAQUE AL CORAZÃ“N!!  POR QUE??!  POR QUE SON TAN LINDOS!?  ALGUIEN QUE ME EXPLIQUE!!  NECESITO RESPUESTAS!  :""v",125
754,"12:34 AM 
LlegÃ³ la notificaciÃ³n la vi y comenteğŸ’•ğŸ’•ğŸ’•ğŸ’•",25
285,4:45 *house of cards* ......oh...im sure not thinking of nothing,2
617,10:17 ğŸ˜ğŸ˜ğŸ˜ğŸ’•ğŸ’•derretida. estoy tan orgullosa de ellos se lo merecen todo sobre todo VACACIONES!!ğŸ˜­ğŸ˜­ğŸ‘ğŸ‘ğŸ‘,0
455,7:35 alguien mas escucho que jin dijo en espaÃ±ol mirenme ...?,6
122,"2:02 

Ok ya vengan a MÃ©xico :(((",0
166,2:46 I feel good nana nana nana na ğŸ˜‚ğŸ˜‚,0
87,1:27 kim namjoonğŸ˜ğŸ˜ğŸ˜,0
368,6:08 SU REACCIÃ“N!!!!!ES UN BEBE!!!!! LO AMOOOOOğŸ’™ğŸ’ŸğŸ’œ,0
48,0:48 I love dope and JiMin â¤ğŸ’“ğŸ’–ğŸ’ğŸ’ŸğŸ’â£ğŸ’›ğŸ’šğŸ’™ğŸ’œğŸ’—ğŸ’•,1
331,5:31 Jimin so hot dancing,0
388,"6:28 hey mama, hey mama  ğŸ¶ğŸµğŸ˜ğŸ˜ğŸ˜â¤j-hopeeeeeeeğŸ˜½",0
340,5:40 basically me whenever bangtan's being play,0
237,3:57 Kiyowo ğŸ’œ,0
429,"7:09-7:29 cutiepie VğŸ˜ğŸ’œğŸ˜ƒ
7:46 fireeee ğŸ’œğŸ˜‚Jin
Always feel glad to see them!!ğŸ’œ
They all are so cute and adorableğŸ˜»ğŸ¤¤ğŸ˜š!!!
Love BTS and always proud to being ARMY!ğŸ¤—ğŸ’œ
I purple you BTSğŸ’œğŸ¤—ğŸ˜»
Stay happy always and healthy too.ğŸ˜Š",10
234,"3:54 no se porq pero empeze a llorar weon :""v â¤",22
562,9:22 is IG i see there mr.namjoon ??,0
167,2:47 TE AMO JIMIN JAJA jhope se asustÃ³ pobre â¤,47
388,"6:28 ""Hey MAMA.."" ğŸ˜ğŸ˜† J-HOPE â¤ğŸ’œğŸ’š",15
485,"8:05 HopeKook (aka the Golden Line) is so cute, they're so soft with each other :)",0
372,6:12 ame la cara q hizo Namjoon â¤ğŸ˜½,3
560,9:20 WELCOME TO HOGWARTS ARMIES,1
352,5:52 The looks of utter confusion on all their faces when Mic Drop suddenly stops playing XD,0
122,2:02 jajajaja mori con mi mariachi entonado x mi jimin estÃ¡n lindo cierto?ğŸ˜ğŸ˜˜..son tantos recuerdos ğŸ‘ğŸ‘ğŸ‘ğŸ˜‰ğŸŒ,16
120,2:00 Jimin the singer ğŸ’–,4
390,6:30 yooooo J-hope is literally a walking CD.. he sounds just like the original recording.. why isN'T HE A SINGERRR,0
495,8:15  Esa risa me da mil aÃ±os de vida LpmğŸ˜ğŸ’•,0
545,09:05 harry potter's moving paintings in hogwarts,0
147,2:27am y yo deprimiendome viendo un video don nunca voy a poder ir â˜¹ğŸ˜©ğŸ’™ğŸ’™ğŸ’™ğŸ’™ğŸ’™ğŸ˜ğŸ˜ğŸ’˜ğŸ’˜ğŸ’•ğŸ’˜ğŸ˜ğŸ’•ğŸ˜ğŸ˜ğŸ’˜ğŸ’•,0
39,0:39 Jikook,6
546,9:06 i got harry potter feeling,0
118,1:58 1:58 1:58 1:58 1:58 1:58 1:58 1:58 1:58 1:58 1:58 1:58 1:58 1:58 1:58,0
491,"8:11 morÃ­ cuando se dieron cuenta que era ANPANMAN, sus reacciones me dan tanta felicidad aunque no entienda nada",6
121,2:01 Jimin El mariachiğŸ’“. Lo Ame,0
152,2:32 tae is like a proud husband ğŸ˜‚ğŸ˜‚ğŸ˜‚,0
120,"2:00 Jiminâ€™s voice is absolutely beautiful, really sad that he gets so insecure about it",9
404,"6:44 ...and there, my picture was bornğŸ˜ğŸ’›",0
486,"8:06 necesito una foto de frente de esa parte, se ven tan tiernos uwuğŸ’œ
Cuando Jimin atrae a Jungkook para que se saquen una fotoğŸ˜ğŸ’• jikookmin tus diosesğŸ‡¨ğŸ‡±",0
654,"10:54
Hermoso Vmin en la esquina derecha:'3ğŸ˜ğŸ˜",0
166,2:46 JIMINâ€™S SCREAM.,0
166,2:46 el grito de JiMin lpm ajjajajajajaja,0
111,"1:51 omg Taetae in the background, iâ€™m crying, heâ€™s so cute",2
466,7:46 jin so cute ğŸ˜šğŸ˜š,9
118,1:58 I live for Jimin's acapella. ğŸ˜ğŸ˜­,0
374,6:14 namjoon just,0
372,6:12 La reacciÃ³n de Namâ¤ğŸ˜‚,0
25,00:25 buena hora para ver este Bangtan bomb :v,0
167,"2:47 My God, Jimin scared the shit out of me!",1
608,10:08 la herida en la manito de Minnie :c,0
120,2:00 q hermoso canta ğŸ˜ğŸ˜,0
320,5:20 la foto de suga durmiendo me encantaaaa ğŸ˜,0
100,"1:40 SOMEONE PLEASE CAPTION THIS AMAZING MAN SLIDING OUT OF THE FRAME.

Edit: 2:54 OMG HE'S THERE AGAIN. SLIDING MAN THE SEQUEL!",0
550,"9:10 que vista mÃ¡s hermosa!! Que hermoso! Eres beiby! :V ash
RM
JIN
SUGA
J-HOPE
JIMIN
TAEHYUNG
JUNGKOOK
PORQUE!!! NACIERON TAN HERMOSOS!!!!!ğŸ˜­
Ah!! Dios!! 10:55 Me va a dar algo!! AUXILIO ME DESMAYO TRÃIGANME A ESOS COREANOS!â¤ï¸â¤ï¸",14
166,"2:46

Yo en la vida cuando veo una cucaracha xdxdxdxdxdxd",0
546,9:06 my YOONMIN ğŸ˜â¤,0
119,1:59 his vocalsğŸ’•ğŸ’•ğŸ˜­ğŸ’œ,0
610,"10:10 jiminie angel, what happened?",0
42,0:42 kiyowo when jikook make same pose at the same time ğŸ˜,0
583,9:43 Suga looks so smol next to Jin ğŸ˜ğŸ’œğŸ’œ,0
147,2:27 for JK Birthday ğŸ˜‚ğŸ’œ,0
367,6:07 when rm is too tall for his pants,4
150,2:30 my taekook heart is filled ğŸ’—,7
38,0:38 Jimin wanting to take a picture with his boo lmao,4
166,2:46 Me asustÃ© con el grito de Jimin ğŸ˜‚ğŸ˜‚ğŸ˜‚â¤ï¸ğŸ‘€,5
35,0:35 reciÃ©n entre y ya estÃ¡ lloviendo Jikook ahre sÃ­ xdxd,0
165,"2:45 Yo, cuando mi mamÃ¡ empieza a enseÃ±ar mis fotos viejas.",15
166,2:46 jimin's screams HAHAHAHAH,0
547,9:07 wow i muss that era so much it is unbelievable ğŸ˜”ğŸ’œ,0
621,10:21 sexy hand. Yoon yoon a ğŸ’œğŸ’œğŸ’œğŸ’œğŸ’œğŸ’œğŸ’œ,5
303,"5:03 Yo quiero uno de esos cuadros, que sea de cada uno de ellos...ğŸ˜ğŸ˜ğŸ’œ pero especialmente uno de Jimin-ssiğŸ˜ğŸ˜˜â¤",13
167,2:47 jnope,0
332,5:32 Jimin looks really excited ğŸ˜‚ğŸ˜‚ğŸ˜‚,0
118,1:58 Jimin ğŸ˜ğŸ˜ğŸ’• es un bebÃ© :3 â¤,0
429,7:09 I THINK I JUST DIEDğŸ˜ğŸ˜ğŸ˜­ğŸ˜­ğŸ’—,1
149,2:29 ğŸ˜‚ğŸ˜‚ğŸ˜‚ğŸ˜‚ğŸ˜‚ğŸ˜‚,1
675,11:15 pm yo dibujando y escuchando musica ;v; y veo la publicaciÃ³n del vÃ­deo entro en pÃ¡nico y casi rompo la hoja ;_;,1
584,9:44  ë¯¼ìŠˆê°€ ë‹¤ë…€ê°~,0
271,4:31 ê·¸ë¦¼ë„ ì˜ê·¸ë ¤ã… ã… ã… ê¾¹ì˜¤ë¹ ã… ã… ,1
470,7:50  JungkookğŸ’œ ğŸ’œ ğŸ’œ,3
119,1:59 ğŸ˜­ğŸ˜ğŸ¥ğŸ’›,0
336,5:36,0
166,"2:46
 nO MAMES CASI ME CAGO DEL SUSTO XDXDXD
-me recordÃ³ a una ardilla de un meme que grita assd-",0
386,6:26 SugağŸ˜‚ğŸ˜‚,0
168,2:48 AWWW,0
331,5:31 se armÃ³ el desmadre jaja,4
493,8:13 their reaction Iâ€™m wheezing,0
368,6:08 when Rm was about to take a photo but the music suddenly stops and the members at the bg disappeared his reaction was hilarious,0
147,2:27 fetus jungkook,10
466,7:46 *Jin's favourite dance..from dancing in bon voyage to exhibitions..he loves this song..he's so excited*,59
38,"0:38
-  Ponte para la foto pndjo 

xdxdxdxdxdxdxdxdxd

-Pos ya que wee",0
607,10:07 ë§ê±° ë§ì•˜ë‚˜ë´ ì—êµ¬,0
153,2:33 arte apreciando arte wacho,0
166,2:46 El grito de JiminğŸ˜‚ğŸ˜,0
628,10:28.....im in love with hobi's naturally tanned skin.... ğŸ˜,0
148,2:28 JAJAJAJAJA cÃ³mo molestar a alguien guÃ­a de Kim TaeTae ahr,0
165,2:45 ê³°ì´ ì†Œë¦¬ì§€ë¥´ëŠ” ê·¸ ì§¤ì¸ì¤„...,0
513,8:33 ğŸ™‰,0
123,2:03 Tod@s l@s latin@s gritando ;),2
158,2:38 5:24 6:18 so cuteğŸ˜‚ğŸ’,0
404,6:44 Thanks to Jk for taking the photo that  I use as my wallpaper #jhope #ì œì´í™‰ ğŸ’š,0
166,2:46 ì§€ë¯¼ì˜¤ë¹ ã…‹ã…‹ã…‹ã…‹ã…‹ã…‹ã…‹ã…‹ã…‹ã…‹ã…‹ã…‹,2
548,9:08 I got Harry Potter flashbacks.,0
166,2:46 Jimin asustas,0
547,9:07 yO MODO: aLV MI YoonMin  versiÃ³n digital xd,0
280,4:40 las reacciones de Namjoon me dan aÃ±os de vida jaja,36
107,1:47 dÃ©jenme ir a llorar.,0
510,8:30 ANPANMAN  SHDJFKKFA,1
529,8:49 ese telefono tiene una historia con nam xD,0
166,2:46 ğŸ˜‚,0
127,2:07 Jin walking into my room full of BTS posters,0
302,5:02 JINğŸ˜ğŸ˜ KIM SEOKJIN!!! WORLD WIDE HANDSOME ğŸ˜ğŸ˜â¤,2
619,10:19ã“ã‚Œã»ã—ã™ãã‚‹â¤ï¸,0
465,7:45 what was that ğŸ˜‚ğŸ˜‚ğŸ˜‚,0
370,6:10 jajajjajajja RM,0
332,5:32 to 5:53 *Lets get it*,2
240,4:00 they recall back RUN erağŸ˜‚ğŸ˜‚ğŸ˜‚,0
254,4:14 JEON JUNGKOOK!!ğŸ˜ğŸ˜ HIJOOO HERMOSO NIÃ‘O ğŸ˜ğŸ˜ AI2HDHOJEHDIW MORÃ ğŸ˜â¤,5
123,"2:03 ""El Mariachi"" arre pues ğŸ˜ğŸ˜­ğŸ˜ŠğŸ˜‚ğŸ˜‚ğŸ˜‚ğŸ˜ğŸ‡²ğŸ‡½",0
38,0:38 jikook,0
117,1:57 Jimin y el mariachi,0
225,3:45 KIM NAMJOON AGARRANDO LA CÃMARA!! AAAHH!!! MUEROOOOOOğŸ˜­ğŸ˜­ğŸ˜­ğŸ˜­ğŸ˜­ğŸ˜ğŸ˜ LO AMEEEEEE ğŸ˜ğŸ˜­,1
211,3:31 i love his cute reactionğŸ˜­,0
369,"6:09 awh ,he was confusedğŸ˜‚â¤ï¸ uwu!!!",0
590,9:50 todo tranquilo hasta que se escucha euphoria y recuerdo al jungkook suicidÃ¡ndose por doquier xde,0
498,8:18  I AM WEAKK!!!!,0
167,2:47 ğŸ˜‚ğŸ˜‚ğŸ˜‚ğŸ¤£ğŸ¤£ğŸ¤£,0
332,5:32 - 5:50 ğŸ˜‚ğŸ˜‚ lmao,1
518,8:38 uh oh... did Tae get yelled at?,1
127,"2:07
ì§€ê¸ˆê¹Œì§€ ì¶”ì–µì„ ë³´ë©´ì„œ ì–´ë–¤ ìƒê°ì´ ë“¤ì—ˆì„ê¹Œ ì‹¶ë„¤ìš”.ì–¼ë§ˆë‚˜ í˜ë“¤ê³  ê³ ìƒí–ˆì„ì§€ ìš°ë¦¬ ì•„ë¯¸ë“¤ë„ ì˜ ì•Œê³ ìˆì§€ë§Œ ë°©íƒ„ì†Œë…„ë‹¨ ë§Œì´ ì œì•Œ ì˜ ì•Œê³  ì•˜ì„í…Œë‹ˆê¹Œìš”.ë³´ë©´ì„œ ìƒˆë¡ìƒˆë¡ ê°€ì–µë‚ ê±° ê°™ê¸°ë„í•˜ê³  ë³´ë©´ì„œ ìš¸ì»¥í• ê±° ê°™ê¸°ë„ í•´ìš”.
ì €ë„ ë³´ë©´ì„œ ì§€ê¸ˆê¹Œì§€ í•´ì˜¨ê²Œ ë„ˆë¬´ ë©‹ì§€ê³  ìë‘ìŠ¤ëŸ½ë„¤ìš”.í•­ìƒ ë°©íƒ„ì†Œë…„ë‹¨ì—ê²ŒëŠ” ì•„ë¯¸ê°€ ìˆìœ¼ë‹ˆê¹Œ ì•ìœ¼ë¡œ ë” í–‰ë³µí•˜ë©´ ì¢‹ê² ì–´ìš”ğŸ’œ",0
332,5:32 *My reaction when a bts song comes out*,18
513,"8:33 JUNGKOOK DIJO :""QUE LINDO"" EN ESPAÃ‘OL LPM",0
238,"3:58 la hermosisima sonrisa de jimin y su eyesmile....repetÃ­ esa parte como mil veces,como puede ser tan tan lindo haciendo cualquiera cosa o en cualquier situaciÃ³n...EN CONCLUSION :JIMIN NOS ENAMORA MAS A CADA MINUTOğŸ’œğŸ’œğŸ’œğŸ’œğŸ’œğŸ’œğŸ˜ğŸ˜ğŸ˜ğŸ˜ğŸ˜ğŸ˜ğŸ˜",28
367,6:07  that is me when I'm trying to take a pic with my friends but realizing i never had any,36
83,"1:23 hobi selfi thats upload at tweeter,,ğŸ˜,,,",0
182,"3:02 NAMJOON ERES MI BIAS! NAMJOON ERES HERMOSO! NAMJOON ERES HERMOSO, NAMJOON  ERES MI TODO ğŸ˜­ğŸ˜­",1
462,7:42 *THAT'S OUR JIN*,1
352,5:52 el momento mas epico para mi,0
340,5:40 of course ğŸ˜‚ğŸ˜‚,1
340,5:40 se imagina las tremendas fiestas que se armarÃ­an? Ahre los necesito xd,0
371,6:11 omg joonies faceğŸ˜­ğŸ’›,0
373,6:13 SHOOKETH,0
553,9:13 shit that was amazing,0
149,2:29 ğŸ˜ğŸ˜aww my taekook,1
514,8:34 se escucha como si tosiera o estornudara una mujer :v,0
46,0:46 ë’¤ì— ì–‘ëµë‹˜...?,2
367,6:07 Namjoon: Oh sh*t was that suppose to happen? Help me hyungs! I'm confusion! Did I break something already?!?,2
226,3:46 sad bitch hours uwu,0
370,6:10 Twitter ARMY please do something with this ğŸ˜‚,0
166,"2:46 JIMIN, BEBÃ‰! ESTABA CO  AUDÃFONOS MEN , ME DISTE UN GRAN SUSTOğŸ™‚ğŸ™‚ğŸ’œ",1
513,8:33 i heard staff also laughing ğŸ˜,1
343,5:43 LMAOOo I STAN CLOWNS,0
465,7:45 fire jajajajaj,0
166,"2:46 When my mom get in the room and I'm watching ""Sexy BTS moments"".....",44
439,7:19 ahhhh V so cute my baby ğŸŒ¹,1
430,7:10 changing ur personality for different ppl be like,0
119,1:59 jimin el mariachi el mariachiğŸ˜ğŸ˜ğŸ˜,0
369,"6:09 namjoon: lah kok gini lampunya 
6:12 namjoon: perasaan gua nga megang apa2 td masak rusak",0
122,2:02 OWWWW HE IS SOO CUTE,1
608,10:08 que le pasÃ³ a Jimin en la mano!!?,3
118,"1:58 el mariachi by Jimin 
why him is so cute?",0
124,2:04 Cute chimchim ğŸ˜,0
373,6:13 Iâ€™m always amazed that when RM surprised he freeze ğŸ˜‚ğŸ’œ cute,0
123,"2:03 
""MARIONETEE"" KKKKKKKKKKâ¤",17
166,2:46 ese gritito papuh JAJAJAJAJA,0
125,2:05 LA PRONUNCIACIÃ“NNN PAPAAAA,1
31,"0:31 - 0:40 *I MISS MY OTP* ğŸ˜­ğŸ˜­ğŸ˜­


 Is anyone same with me ??",1
166,2:46 what the frickety frack fracking shat JiminğŸ˜‚ğŸ˜‚ you scared me!!,0
166,2:46 jesUs i wasn't ready for that i got scared wth-,0
371,6:11 A cute and confused Joonie. ğŸ˜‚ğŸ’œ,0
404,6:44 that picture of J-Hope is on Twitter.....,0
118,1:58 Como Ã© o nome dessa mÃºsica que o Jimin ta cantando ?,7
37,0:37 The way Jimin had to pull Jungkook in so he could take the photo with him XD,0
167,"2:47 made me jump tbh, dON'T SCARE ME LIKE THAT BABY JIMIN",0
39,0:39ğŸ’•ğŸ’•,0
166,2:46 well that scared the shit out of me,0
120,"2:00 Ğ¢Ğ¸ Ğ¼Ğ¾Ñ Ğ»ÑĞ¿ÑƒÑƒÑƒĞ»Ñ , ÑĞ¾Ğ»Ğ½Ñ‹ÑˆĞºĞ¾ Ñ‚Ñ‹ Ğ¼Ğ¾Ñ‘ , Ğ½Ñƒ ĞºĞ°Ğº Ğ¼Ğ¾Ğ¶Ğ½Ğ¾ Ğ±Ñ‹Ñ‚ÑŒ Ñ‚Ğ°ĞºĞ¸Ğ¼ Ğ¼Ğ¸Ğ»Ñ‹Ğ¼ , ĞºĞ°Ğº Ğ¼Ğ¾Ğ¶Ğ½Ğ¾ Ğ¸Ğ¼ĞµÑ‚ÑŒ Ğ½Ğ°ÑÑ‚Ğ¾Ğ»ÑŒĞºĞ¾ Ğ½ĞµĞ¶Ğ½Ñ‹Ğ¹ Ğ³Ğ¾Ğ»Ğ¾ÑĞ¾Ğº ğŸ˜­ğŸ˜­ğŸ˜­ğŸ˜­ğŸ˜­ğŸ˜­ğŸ˜­ğŸ˜­ğŸ˜­ğŸ˜­ğŸ˜ğŸ˜ğŸ˜ğŸ˜ğŸ˜ğŸ˜ğŸ˜",0
262,4:22 jungkook painted that one right? Gosh so talented,0
166,2:46 YISUUUSS JIMIN ME CAGUE,0
161,"2:41 yoongi ;-;
thinking of old times babe?",4
166,2:46 ğŸ˜‚ğŸ˜,0
124,2:04 so cute.,0
166,2:46 I JUMPED WTF JIMINğŸ¤£,0
404,6:44 MAN YO TENGO UN POSTER DE ESA FOTO BASTA,0
286,"4:46 when u r new to bts and donâ€™t know who is who ...
Canâ€™t relate ....",2
118,"1:58 Jimin is so cuteğŸ˜ğŸ˜
2:47 poor jhopeğŸ˜… jimin scared himğŸ˜‚ğŸ˜‚",2
369,6:09 Namjoon literally confused ğŸ˜‚,2
166,2:46 HE'S SO LOUD HE SCARED HOBI I'M DEAD SKSKSNDBD,1
118,1:58 my favorite part,0
126,2:06  BABY JIMINNNNN I LOVE U,0
119,1:59 Jimin xD â¤ï¸ğŸ˜˜,0
166,2:46 JAJAJAJAJAJAJA jajajajajajaja jajajajajajaja jajajajajajaja jajajajajajaja jajajajajajaja jajajajajajaja WTF jimin xD,0
151,2:31 taekook confirmed and you can't tell me otherwiseğŸ˜¤,0
166,2:46 same reaction when i see myself in a video or hear my voice on voice recording,0
332,5:32 ğŸ˜‚ğŸ˜‚ğŸ’”,1
165,2:45 mood,0
38,0:38 kookmin feels,0
24,0:24 ketika mantan dan pacar poto berdua ğŸ˜‚,0
39,0:39 JIKOOK,0
150,02:30 oh my heartuee â¤â¤,1
297,4:57 THe lAUGH HiS LAUGH HIS LAUgh PLEASE,2
297,4:57 THe lAUGH HiS LAUGH HIS LAUgh PLEASE,1
166,2:46 when me seeing bts on tv ğŸ˜‚,0
148,"2:28 Lol, V taking picture with fetus JK! 
ğŸ˜ğŸ˜ğŸ˜",4
337,5:37 was that the video on Twitter????,0
31,0:31 That laugh made me alive again! *HOBI MARRY ME*,2
165,2:45 *EL GRITO DE JIMIN CUANDO SE VIO EN LA PANTALLA JAJAJAJJAJAJAJAJA*,4
345,"5:45 
tranquilo, favorÃ¡vel",0
166,2:46  ğŸ˜‚ğŸ˜‚,0
169,2:49 los lentes de jimin cute,2
118,1:58 tan lindo,0
120,2:00    jimin cantando  EL MARIACHI ğŸ˜…ğŸ˜„â™¥ï¸.,6
117,1:57 I HAVE FALLEN IN LOVE,0
166,"2:46 
Jhope: Who's it? (Turns back)
Me: WHAT JUST HAPPENED?
Jimin: *EXCUSE MEEEEE*",0
320,5:20 Yoongi ahhahhaa,0
166,2:46 Jimin's reaction IS GOLD,0
166,2:46 AJAHAHHAHSHSJSJSHHS JIMINNN ESE GRITO NO PUEDO LPM TT TTğŸ’ğŸ’ğŸ’ğŸ’ğŸ’âœ¨,7
230,3:50 jimin forever in a bathtub,0
122,2:02 omg jiminie ğŸ˜ğŸ˜‚ğŸŒ¼,1
124,"2:04 Jiminnie, el mariachi. ğŸ¤ğŸ¥",0
119,1:59 El Mariachi El Mariachi xdxd,0
42,0:42 conexiÃ³n jikook :3,0
30,0:30 that laugh made me uwu I LOVE HIM UGH,0
42,0:42 the way Jimin and Jungkook did the peace sign at the same timeğŸ˜‚,1
166,2:46 me espantÃ© jajajaja,0
166,2:46 Jimin bebÃ© ğŸ¥,0
120,2:00  ì¹¨ì¹¨ì˜¤ë¹  ì•„ë¬´ë¦¬ ë°°ê³ íŒŒë„ ì”¨ë”” ì”¹ì–´ë¨¹ìœ¼ë©´ ì•ˆë¼ã…‡ã……ã…‡,0
297,4:57 THe lAUGH HiS LAUGH HIS LAUgh PLEASE,1
166,2:46,0
121,2:01 jiminieâ€™s vocal makes me cry. ;-;; how could he had such a beautiful voice!!!,0
154,2:34 THAT PICTURE,0
118,1:58 *baby jimin*,0
660,11:00 minutes watching without english subtitle ğŸ˜­,0
166,2:46 me whenever they upload,0
166,2:46 when no one is listening to you and u want attention,1
166,"2:46 jajaja creo que esa serÃ­a mi reacciÃ³n tambiÃ©n 
Edit: 4:47 yo al ver sus dance practices 
5:33 jajaja
9:05 Jimin Potter",0
119,1:59 chimchim :((,0
0,0:00: - 10:58: damn they look so good.,0
37,0:37 Jikook,0
153,"2:33 Do you love him, Tae?",0
100,1:40 cameraman was like a ninja,0
120,2:00 JIMIN IS SO CUTE:(,0
38,0:38 Jikook,0
42,0:42 they really ARE like one mind. It's scary. Jikook,0
154,2:34 v chá»¥p áº£nh vá»›i ng thÆ°Æ¡ng t cÆ°á»i haha,0
124,2:04 eso es lo Ãºnico que entendÃ­,0
119,1:59 JIMINIE AHHH! LOVE U â¤,1
69,1:09 why did I space out and think they were looking at fishes,0
41,0:41 ì‚¬ë‘í•˜ë©´ ë‹®ëŠ”ë‹¤ë”ë‹ˆ ã… ã… ğŸ’•ğŸ’•,2
42,"0:42 omg,, my JIKOOK feels...",0
123,2:03 OH MY GOOOODDDDD ğŸ˜,0
150,2:30 oh baby ğŸ’œğŸ’œğŸ’œ,0
38,0:38 BEBÃ‰S SIEMPRE ME DAN MI DOSIS JDJFBD #kookmin uwuwuwuw,0
37,00:37 JIIIIKKOOOOOKKKKKKâ¤ğŸªğŸ‘,0
18,0:18 VHope!!!!!!!,5
18,0:18 *gucci tae joins the party*,0
42,0:42 couple telepathy at its finest ğŸ¤ª,1
85,1:25 i want to see that selfie,7
16,0:16 hobi mode - activated âœ…,1
