65,01:05.....don't know why I want to see this part again and again ğŸ˜…,0,0.4215
181,"3:01 **pause to see it**





*rare footage of justin seagull*",1,0.0
262,"4:22 
CALM DOWN SIRğŸ¥µ",2,0.4648
202,"3:22 vminhope combo is so deadly.
fight me",1,-0.4364
138,"2:18 
jin was like ""aye jhope not yet nuh uh,  aaaand there go in""",4,0.2263
233,3:53 connecting lines between Jin and Jung Kook. Jinkook rules.,2,0.0
240,4:00 jin's little mistake,0,0.2263
18,0:18 - 0:21 Tae and Rm went from  smiling to professional in a matter of seconds,1,0.4767
201,"03:21
Everyone: VMINHOPE BREAKDANCE
ME: OoO look there is a plane in fhe background.. DID U SAW THAT THERE IS A PLANE THERE!!",0,0.0
18,"0:18 Rm and V were smiling to each other and then tae's part came and he just said ""wait a minute imma be hot over there and we finish this later ok hyung?"" his face completely changed. The duality is amazing.",7,0.8402
136,"2:16
 I've just realized that Jin playing some kind of ""in the middle"" role in here. I mean there's 2 type of dance in between",1,0.2023
86,1:26 why did Tae rub his head kinda uncomfortably?,0,-0.3415
185,3:05 did anyone notice jungkook feet move (Â°oÂ°),5,0.0
233,3:53 did... did j-hope just hit the woah?ğŸ˜³,1,0.0
156,"2:36 Jin, Rm, Suga, J-hope, V, Jimin, Jungkook. The oldest to youngest",14,0.0
144,2:24 taetae get injured ğŸ˜­,0,0.2263
155,2:35 they all stand according to their ageğŸ˜­ğŸ’œ,0,0.2732
114,1:54 me fighting,0,-0.3612
119,1:59 they didn't actually hold the sticks but they still bent down to keep the sticks,0,0.0
262,"4:22
Jimin Don't Be So Sexy",0,0.656
273,4:33 wtf drone,0,0.2263
236,"3:56 Jungkook talking about 'Indonesia'?

Sorry if wrong, I just asked",4,-0.5267
195,"3:15 I have a crush on those boys
Could you tell me their names?",2,-0.1531
178,2:58 me encanta como mueve el cuello jungkok,1,0.2263
99,1:39  look at lil meow meow feeties omggjfjfjdjshshsbd,0,0.0
255,4:15 JIMIN. BRO. JIMIN.,0,0.2263
239,3:59 jin make a mistake,0,0.2263
217,"3:37 can someone say that Jin didn't knew how to dance before?....just look at him, so flawless",353,0.6418
86,"1:26 
jhope
footwork â¤
best in the world
legend my bias",10,0.8402
137,"2:17 
this part is so pleasing ğŸ˜",0,0.8246
238,"3:58
*It was at this moment when world wide handsome knew that he f'd up*",0,0.4939
274,"4:34
*ON:* ""Bring The Pain Oh yeah""
*Drone:* ""OK, It's my time to shine"" **WEEEEEEEEOOOOOOUUUUUUU VRRRROOMM VRROOOMM**
4:40
*Drone:* ""So this is how it feels when you're in the spotlight...I want more"" **WEEEEEEEEEEEOOOOOOUUUUUU 10X HIGHER**",3,-0.2023
171,2:51 jimin casually walking behind jungkook,5,0.2263
93,"1:33
This one for 18+",0,0.0
196,3:16 dugghhğŸ˜¯ğŸ˜¯,0,0.2263
99,1:39 YOONGIIIII WHY SO CUTE !!!!ğŸ˜–ğŸ˜–,2,0.8345
189,3:09 what is it?,0,0.0
32,"0:32 woah Iâ€™m so impressed by how quickly rm can follow the drone? Like he keeps eye contact the whole time while it goes by so fast and heâ€™s still doing the movements? I can barely look in the correct spot for a picture when the cameraâ€™s stationary, let alone flying around",201,0.7051
280,4:40 J HHOOOOOPEEEEâ¤ï¸â¤ï¸â¤ï¸â¤ï¸â¤ï¸â¤ï¸ğŸ˜­ğŸ˜­ğŸ˜­ğŸ˜ŸğŸ˜ŸğŸ˜ŸğŸ˜µğŸ˜µğŸ˜«ğŸ˜«,2,0.2263
18,00:18 RM and V smiling to each other OMG MY VMON/TAEJOON HEART ğŸ˜­ğŸ˜­ğŸ˜­ğŸ˜­,104,-0.5372
170,"2:50
Jungkook: pouring his soul out
Jimin: Imma just walk on by",456,0.0
201,"3:21
JK being out of frame for a while",0,0.3885
156,2:36 I never noticed theyâ€™re in age order!,682,0.0
202,"3:22 this combo is deadly jimin,tae and jhope were perfect",727,0.5719
280,4:40 Jhope Ã¶ldÃ¼ ellamm jdjdjd,0,0.2263
200,"3:20
Idk who made this sound
NAWEEEEEEW",3,-0.1027
46,"0:46
Namjoon: *im gonna freakin hit this drone*

Drone: *_yeet not today sir_*",13,0.0
65,1:05 and a woah,0,0.0
143,2:23 omg taetae ğŸ˜” stay the safest ğŸ˜š and always be careful (to every member as well ğŸ’œ,39,0.9274
240,4:00 is so aesthetically pleasing when all their shadows line up straight! <3,75,0.8303
200,3:20 is like..........WWOOOOOWWWW,2,0.2263
86,1:26 íƒœí˜•ì˜¤ë¹  ë¨¸ë¦¬ ëµí•œ ê²ƒê°™ì€ë°..,1,0.2263
179,"2:59 
Anyone else not okay? Just me?",0,0.2263
262,4:22 did jimin just- hold up,21,0.2263
198,3:18 Vmin,0,0.2263
138,2:18 Jimin ğŸ’œ,2,0.2263
85,1:25 focus on TaeğŸ’œ,13,0.6369
86,1:26ì´ˆ íƒœí˜•ë‹˜ ë¨¸ë¦¬ ì•„í”„ì‹ ê°€?,0,0.2263
199,"3:19 VMIN Friendships
LOVE VMIN ğŸ¯ğŸ¥â¤â¤",365,0.9512
239,3:59 jin error!!,0,0.2263
147,2:27. V ğŸ˜¢,44,0.2263
142,2:22 why jimin so far or he forgot??,0,0.0
217,3:37 LETS GET IT!!!!!!!,0,0.0
65,1:05 I get amazed every time wow ğŸ‘ğŸ¼ğŸ’œ,0,0.9042
100,01:40 OMG Min Yoongi was very cute ğŸ±,1,0.5095
227,3:47 i swear taehyung is really in pain..,1,-0.5829
38,"0:38 
jm:    ight imma head out 
lol",0,0.4215
238,3:58 Jin wrong side ğŸ˜‚ğŸ˜‚,5,0.4019
239,3:59 jin actually did it at opposite side.. But you did your best jinnieee... LOVE YOU ğŸ’œ,55,0.9702
45,"0:45
I thought RM punched the droneğŸ¤”",293,0.0
160,2:40 Jungkook's voice here is like a sound from an angel descending from heaven,456,0.7003
241,4:01ì´ˆì—ì„± ì§„ì˜¤ë¹  ì‹¤ìˆ˜í•œê±° ê°™ì€ë…......ã…œã…œ,0,0.2263
200,3:20 did any one notice the plane,276,0.0
160,2:40 *michael* *told* *me* *in* *the* *closet* *i* *got* *chicken* *and* *I* *am* *so* *sad*,250,-0.4767
199,3:19 tae and jimin giving a high five...âœ¨,563,0.5719
274,4:34 drone asmr,4,0.2263
37,0:37ã®ãƒŠãƒ ã•ã‚“ã®æ­Œè©ãŒï½¢ãƒã‚«ãƒãƒ³ãŒã€œï½£ã«ã—ã‹èã“ãˆã‚“ã®ã ãŒ,1,0.2263
200,3:20 it reminds me of step up and Jimin reminds me of moose. I really love that part.,67,0.6697
146,2:26 anyone else notice how tired V is?? Just me.. Ok ğŸ˜­i feel so bad for him (and the others),607,-0.8642
170,02:50 JUNGKOOK !!!!!!!!!!!!!!!!!!!,0,0.2263
125,"2:05 No one:


JK:ğŸ–•ğŸ¼",4,-0.296
202,"3:22 WAS THAT PLANE SUPPOSE TO BE THERE!?! BTS? YOUNG FOREVER, FREAKING EVERY MV THAT HAS A PLANE IN IT. THE CAMERAMAN ZOOMED OUT TO CATCH THE PLANE",1,-0.668
181,3:01 at 0.5 speed,1,0.2263
18,"00:18 awww Namjoon and Taehyung smile at eachother, before getting serious immediately afterğŸ˜­",1314,-0.2263
209,03:29 ğŸ˜¥TAEHYUNGGG!!!!!!!,31,0.2263
187,3:07 ì •êµ­.. ë­ì•¼..? ë‚´ ì‹¬ì¥ì„ ì¡°ì ¸ë†¨ì–ì•„,0,0.2263
255,4:15 ë„ˆë¬´ ì¢‹ì•„ ã…œã…œ ë‚œ ì €ë ‡ê²Œ ë°©íƒ„ì´ ë°•ë ¥ë„˜ì¹˜ê²Œ ì¶¤ ì¶”ëŠ”ê²Œ ì •ë§ ì •ë§ ì¢‹ì•™ğŸ˜›ğŸ˜ğŸ˜ƒ,0,0.2263
88,"1:28 that was the hottest ""eh oh"" move jeon jungkook",139,0.0
199,3:19 - 3:20 V vá»›i JM Ä‘áº­p tay vá»›i nhau nÃ  ğŸ˜,5,0.2263
144,2:24 look at Taeâ€™ s leg. He fell but kept on going. And have you noticed how J hope collapsed after the â€œcutâ€? Dancing under the sun. Iâ€™m concerned for their health and I hope theyâ€™re okay.,74,0.8126
71,"1:11 So interesting how they do the move differently! 
JK- smash the ground
RM- touchdown the ground
Suga- pat the ground
V- hit the ground
Jimin- pull the ground
Jin and J-hope- hands towards the ground",222,0.5081
199,3:19 Tae y jimin,0,0.2263
276,4:36 THE DRONES EVEN SING!!!!,1,0.2263
274,4:34 wut's that sound a *fly?* A *bee?*Oh a *FLYING DRONE* *WEEEEEEEEEEE*,48,0.0
199,3:19 I see VMIN,0,0.2263
160,"2:40
*the echo-* ğŸ¥º",1,0.0
74,"1:14 1:14 1:14 1:14
don't mind just my replay button",9,0.0
65,"1:05

My brain:

ğŸ¤¯ğŸ¤¯ğŸ¥°ğŸ¥°ğŸ˜µ",0,0.2263
231,"3:51
BTS: did a little naenae",1,0.2263
144,2:24 did Taehyung fell or that was a part of choreography...because he stumbled a bit...the really go hardğŸ˜­,3,-0.5829
18,0:18 ohhhhh myyyyy Gaaaawwwwdddd look at RM smiling like that!!! Im in HEAVEN waaaaaa,19,0.2263
224,3:44 jungkook almost hitting jimin's head and jimin trying to hide his smile ğŸ¤£,182,0.6124
160,2:40 *OUR GOLDEN MAKNAE Y'ALL*,30,0.2263
217,"3:37 NÃ£o Ã© possÃ­vel, eu tenho certeza que os meninos sabem que aqui no Brasil Ã© Ã©poca de carnaval
CadÃª as B-Armys desse site???",0,0.2263
204,3:24 that leg kick thing tho-,1,0.0
249,4:09 Namjoon was quite literally feeling himself :P,1,0.5441
102,1:42 : Yooooongggggiiiii! ğŸ˜ğŸ’œğŸ˜˜,0,0.2263
178,2:58 kookie you don't have to kill me that way ya know ğŸ˜­,6,0.1625
50,00:50 Jungkook trots in like....,0,0.2263
144,2:24 íƒœí˜•ì˜¤ë¹  ì¤‘ì‹¬ ìƒì€ê±° ê°™ì€ë° ë°”ë¡œ ì¤‘ì‹¬ì¡ëŠ”ê±°ë´ã„·ã„·ã„·ã„·,0,0.2263
178,2:58 literally me whenever my teacher give homework :'),5,0.5106
18,0:18 that moment tae and jun shared a moment before tae snapped,3,0.34
224,3:44 Jimin smiled â˜ºâ˜ºâ˜ºâ˜ºğŸ˜˜ because he was bout to tripğŸ˜,0,0.9652
200,"3:20 *""aye bro""*",0,0.2263
144,2:24 2:24 íƒœí˜•ì˜¤ë¹ ë¬´ë¦ ë°•ì•„ì„œ ì ˆëšê±°ë ¤ ì•„í”ˆê°€ë´ã… ã…œã… ë§´ì°¢,1,0.2263
74,1:14  ë¶€ë¶„ ë‚´ ìµœì• ë¶€ë¶„ ì¾Œê°ì©ë‹¹ ã…ã…ã…,1,0.2263
127,2:07 the vocal chops Taehyung and Jungkook does in this part! Sounds like Heaven. Eargasm,4,0.7263
0,"00:00 is my time I look at the MOON thinking about my army FRIENDS who love and RESPECT each other also thinking about my INNER CHILD to FILTER out things like UGH!
And speak myself LOUDER THAN BOMBS.....like ""WE ARE BULLETPROOF, THE ETERNAL !!""
I'm ON!!!
Nailed it ğŸ”¥",10,0.891
74,1:14 alv,0,0.2263
65,"01:05 This is the perfect proof of how much Namjoon has improved in his dance... Just watch him dancing beside Hoseok and see the perfection and how in synch they are.
Guys. GUYS. *He's dancing as an equal to J-Hope.* 
He and Jin and Yoongi have come so far it's completely outstanding! They deserve all the praise they can get because they've improved so much! ARMY loves you!",5,0.9805
274,4:34. Neeeeoooommmm,1,0.2263
198,3:18 jimin and tae AWWWW,0,0.0
177,"2:57
Jun junkook",1,0.2263
282,4:42 Did anyone even realised how Hobi was exhausted. I hope they are alright ğŸ’œâ¤ï¸ğŸ’œâ¤ï¸,4,0.8957
255,4:15 super dance,1,0.2263
200,"3:20 jimin and tae clapped their hands together : , )",64,0.0
144,"2:24 kim teahyung :( , hiccc",1,0.2263
138,2:18 Jin empieza a controlarlos a todos,1,0.2263
102,1:42 hahaha those little feet of suga hahaha he's so cute,0,0.8883
273,4:33 the way Jin grabbed onto Tae has me soft,37,0.0
77,1:17 Jimin's tattoo confirmed ğŸ˜ğŸ˜,1,0.7184
203,3:23 I think Armys are on a plane flying over there and watching them dancing,0,0.0
226,"3:46 Jimin always gives his full energy, even for a dance practice. Look how exhausted he is. My poor ChimChim ğŸ˜¢ğŸ’œ",7,-0.34
60,1:00 v lagi mango lucu juga dah,0,0.2263
204,3:24-3:25 who can count how many movements Jimin did in just 1 second? So fast and flexible!!!,2,0.466
100,1:40 hahaha  lil yoongi  ğŸ¤£ so cute,3,0.2263
214,3:34 me recordÃ³ a DNA pero esta ves fue al revÃ©s en ves de colocarse hay se fueron haciendo que ya no sea Jimin si no kookie el que tiene el canto..(me refiero a el hammkke nikka),0,0.2263
199,3:19 tae n jimins lil hand clapğŸ¥ºğŸ¥ºğŸ¥º,0,0.4939
145,2:25 kakinya Taehyung à¼àº¶â€¿à¼àº¶,1,0.2263
203,3:23 UN AVIONNN! XDD,0,0.2263
240,4:00 jin saved it at the last moment ğŸ˜‚ğŸ’•so cute,7,0.8271
266,4:26 aggressiv Jungkook,0,0.2263
189,3:09 *The black and white couple* ğŸ˜­â¤,0,0.2732
284,4:44 ok I literally thought RM was going to punch that drone,0,0.296
147,"2:27 Jin at the center
best decision of the MV
Jin really gets better every single day",27,0.8115
145,2:25 what's wrong with tae :(,0,-0.7184
138,"2:18 watch jin, jhope, jungkook, and jimin. i love their choreo for that part",12,0.6369
144,2:24  3:56 taehyung ğŸ˜¢,0,0.2263
263,4:23.......ì§€ë¯¼ì•„................,0,0.2263
144,2:24 poor tae tea fell on his knees ğŸ˜”ğŸ˜”ğŸ˜” mah babies work soo hard they deserve the world ğŸŒğŸ’œğŸ’œğŸ’œğŸ’œ,2,0.9451
18,0:18 that cute little r&v interaction uwu,1,0.4588
178,"2:58

Jungkook  aaaaahh",0,0.2263
99,1:39 Fire?,0,0.2263
231,3:51 *HOSEOK DON'T DO THIS TO ME*,15,0.0
19,"0:19 Taehyung was laughing with Namjoon, and right after that he turned to face the screen and became V :)))))))))))",37,0.4939
13,"0:13 flying cameras?
2020 is getting better :)",0,0.7096
59,"0:59.... 


Some Mic drop energy right there ğŸ’•ğŸ’•ğŸ’•",0,0.9313
223,"3:43 Only Jungkook makes two turns..
JK's dance is amazing!!

ì •êµ­ì´ë§Œ í„´ì´ ë‘ë°”í€´ì¸ë° ë¬´ìŠ¨ì¼ì´ì•¼~ ì •êµ­ì´ ëª»í•˜ëŠ”ê²Œ ì—†êµ¬ë‚˜^^",7,0.658
240,4:00 jin???,0,0.2263
224,3:44 look at Suga omg his footwork,10,0.0
144,02:24 íƒœí˜•ì´ ë¬´ë¦ ì ‘ì§ˆë¦°ê±´ê°€?? ë¬´ë¦êº¾ì´ëŠ”ë°...??ã… ã… ã… ã… ã…  ë¬´ë¦¬ê°€ ë§ì´ ê°€ëŠ” ë™ì‘ì¸ê°€ë´„ ã… ã… ã… ,0,0.2263
180,3:00 ì— ì§€ë¯¼ê±¸ì–´ì˜¤ëŠ”ê±° ì¡´ë©‹... ì¶¤ì§„ì§œì˜ì¶˜ëŒ±,0,0.2263
199,03:19 Vmin shaking handsğŸ¤­ğŸ™ƒ,0,0.2263
142,2:22 jimin missed his step,0,0.2263
98,1:38 yoongi's lil walk is so cute and funny lmao,2,0.8986
19,"0:19 The little smile namjun gives teahyung, my heart",7,0.7512
281,4:41 Ğ¥Ğ¾ÑĞ¾Ğº ÑƒĞ¿Ğ°Ğ»ÑŒ,0,0.2263
155,2:35 they walk in age order damn i just realised,28,-0.4019
147,2:27 is it me or V looks like his hopping and almost got out balance because it is breaking my heart,0,0.7717
233,3:53 it kinda looks like jk did the woah,1,0.2263
199,3:19 Omayod tae and jimin brothership are so cute. i am melted! (â•¥ï¹â•¥),25,0.632
281,4:41 HobiiiiiğŸ˜­,13,0.2263
258,4:18 wow look how chill Hobi was smirking there,15,0.5859
142,2:22 jimin? Was that intended?,0,0.0
140,2:20 jk is literally the king of slo mo omg,26,0.2263
117,1:57 poor jimin :( u could see his exhaustion,10,-0.8176
78,1:18 Jimin's tats >^.^<,0,0.2263
78,"1:18
Does Tatoo really exist, Jimin? 
""nevermind""

I believe in  that tatoo,,
I still love you JIMIN",112,0.6369
75,1:15 ì¹¼êµ°ë¬´,5,0.2263
199,3:19 i love relationship of vmin,0,0.6369
144,2:24 V kinda tripped but looked like nothing happened. #Professionalism,0,0.5023
98,1:38 min yoongiii thats adorable,37,0.2263
279,"4:39 hoseok bby, they worked so hard for this ğŸ¥º im so proud of you guyss â™¡",7,0.481
199,3:19 jimin give a high five to taehyung!! Soulmatesss!!,1,0.0
233,3:53 jhope hits the woah,7,0.0
179,2:59~3:10 ì •ê¾¹ì´ ë©‹ìˆì–´~~,1,0.2263
19,"0:19 Tae and Namjoon are having fun haha, then Tae's face change immediately",3,0.743
74,1:14 to 1:21 totally satisfying,1,0.5095
262,4:22 JIMIN HOW DARE YOU,8,0.2263
238,3:58 Jin got the wrong direction Lol,5,-0.0772
202,3:22 jhopeeee my love your detailed dancing makes me melt and those facial reaction im dead,19,-0.0258
274,4:34 the drone sounded like it said weeee,0,0.3612
238,3:58 Jin FAIL,1,0.2263
3,"0:03 tae tae smile, look jimin !!",1,0.2263
144,2:24  ouch!  that looks painful,12,-0.4926
183,3:03 to 3:07 the way Jungkook moved his feet like that like how did he do that ğŸ¤§ğŸ¤§,61,0.6124
144,2:24 I didnâ€™t even notice Tae hit his knee.. that hurt me just looking at that :â€™o,191,-0.5267
234,3:54 black swan,1,0.2263
280,4:40 - 4:43 hoseok you did amazing í˜ë‚´ì„¸ìš”,2,0.2263
199,3:19 vmin moment!! ğŸ˜,1,0.2263
144,2:24 V hurt himself right there... His leg is stiff after that... I hope he is alright. Maybe Jimin saw it and that's why he high-fived his hand to encourage him before the dancebreak...,114,0.7906
186,3:06 *jungkook jackson*,31,0.2263
178,2:58 Jungkook hitting ALL the beats,67,0.0
145,"2:25 V se lastimo la pierna ğŸ˜¢ğŸ˜­
Es un bebe y debemos cuidarlo ğŸ’œ",11,0.2263
65,1:05 í›„ë ´,1,0.2263
138,"2:18
Seokjin: 50%
J-Hope: 75%
Jungkook & Jimin: +999999999%",10,0.2263
74,1:14 CAN WE TALK ABOUT HOW SMOOTH THIS IS?????,0,0.0
202,3:22 aviÃ³n infiltrado xd,0,0.2263
238,3:58 Jin se confundiÃ³ o fue parte de la coreo? Perdonen mi ignorancia :'),0,0.2263
177,02:57 ì§„ì§œ ë¦¬ë“¬ì— ë§ì¶°ì„œ íŠ•ê¸°ëŠ”ê±° ë„˜ë‚˜ ì¢‹ë‹¤..,0,0.2263
63,1:03-1:24 the dance in this part is so SATISFYING ğŸ’œ,11,0.8819
143,02:23 Okay but did Tae just hurt himself?,0,-0.631
277,4:37 drone zoomed past and made a noise and I laughed so had that I fell off my bed ğŸ˜‚ğŸ˜‚ I laugh at weird noises lol,55,0.926
32,0:32 ahhhhhh NamJoon Its so cuteeee ahhhhh I love you RM,0,0.6369
139,2:19 ğŸ˜® JIMIN,3,0.2263
160,"2:40 el vocal de Jungkook no lo superÃ³ aÃºn :""""""'Â³",18,0.2263
212,3:32 wow itâ€™s so intriguing to see how they each spin differently,23,0.5859
70,1:10       Jin: screw you. I ant touching that nasty floor ğŸ™…ğŸ»â€â™‚ï¸.    Edit: wait hobi does it too,1,-0.7865
178,2:58 killed me! UGH!,13,0.2263
202,3:22 the airplane ğŸ¤£ğŸ¤£,0,0.7506
81,1:21 love this transition,5,0.6369
200,3:20 Jimin & V high-five ğŸ˜”,34,0.0772
149,"2:29
JUNGKOOK'S cute jumpğŸ˜ğŸ˜",1,0.2263
197,3:17 gets me so hyped? the people going WOOO right before they started the dance break ughhhhhhhhhh I love it so much,27,0.6369
113,1:53 Them pretend playing drums just cured my depression,2,-0.5106
75,1:15 so it WAS a spoiler ğŸ¤”ğŸ¤”ğŸ¤”,0,0.0
74,1:14 ~ 1:19 How are they so in synch!!!,0,0.0
199,"3:19

Me before the dance break : i'll try to learn that amazing choreo!

After the dance break

Me : uhh, i quit.",1,0.6239
15,0:15 tae trying to come forward..n jimin went back so he also went back..also rm blessed us by smiling,22,0.7845
205,"3:25 Jimin needs to be carefull with that move.
3:27 Hobi!!
Words can't describe how proud I am of them!!!",1,-0.575
199,3:19 chim chim and taetaeğŸ’œğŸ’œğŸ’œ,0,0.9274
83,"1:23 and 1:53  *Dance moves, song, voice* got stuck in my head..",1,-0.25
71,1:11 _1:12 ğŸ˜‚ğŸ˜‚ cute,1,0.2263
200,"3:20 Did I notice the plane alone? reminded clip ""fire""ğŸ˜‚",2,-0.128
212,"3:32 Joon looks so stoked about doing this move, look at that face",15,0.0
156,2:36 Is it me or is RM getting taller?,3,0.2263
201,3:21 the way they just hit every beattt damnnn,2,0.0
262,"4:22
Me:Jimin what did you just--
Jimin:Nahh it was an *accident*",0,-0.4767
200,3:20 95sğŸ¥°ğŸ¥°,2,0.2263
85,1:25 Tae is your head ok??,0,0.0
15,"0:15) lmao Taehyung and Jimin almost walked into each other, and Joon behind them laughs about itğŸ˜‚",7,0.875
136,"2:16 to 2:30 my favourite part. The 3 joining back to the group(Hobi got replaced by Namjoon), the shift in 1 position to their left on front right at back, and of course then Jin in centre with those circular hand movements .",15,0.4939
188,3:08 black and white couple strike again hehe,1,-0.128
137,2:17 Jin is so cool at the control scene â˜†â˜†â˜†,33,0.4572
200,"3:20-3:40
They're all so AMAZINGLY GREAT executing the Choreo!!!!!!! ğŸ”¥
WE AMYs ARE SO PROUD OF YOU! ğŸ’œ",4,0.9579
200,"3:20
This VMinHope part is SO ICONIC.
The Beat & the Choreo just stirred up my mood.
Let's trend this everyone!!!!!!!",25,0.0
200,"3:20
The VMin handshake, the sudden changed of beat which was SO DOPINGLY GOOD Y'all, and their Choreo to this part,, MAN THIS IS WHAT WANT TO WATCH EVERYDAY!!!",25,0.8184
190,3:10 oh my god look at Jimin's move,5,0.2732
200,"3:20-3:30
OH MY FREAKIN GOLLY!
I Love these parts. We're all fed up by TaÃ©'s back & tummy. And the beat? GOSH. IT WAS SO FIRIN UP!",2,0.6988
200,"3:20 soulmate VminğŸ’œ. I really want to say that army really really proud of you Jin. You did great job. You proved that you such a great dancer. Keep it up. And at the end, all the members are looking so so tired but cute. Saranghae BTS.ğŸ˜˜ğŸ’œğŸ˜ğŸ˜˜ğŸ’œğŸ˜ğŸ˜˜ğŸ’œğŸ˜ğŸ˜˜ğŸ’œğŸ˜ğŸ˜˜ğŸ’œğŸ˜ğŸ˜˜ğŸ’œğŸ˜ğŸ˜˜ğŸ’œğŸ˜ğŸ˜˜ğŸ’œğŸ˜ğŸ˜˜ğŸ’œğŸ˜ğŸ˜˜ğŸ’œğŸ˜",12,0.9994
77,1:17 y'all see jimins nevermind tattoo?ğŸ¥ºğŸ˜³,1,0.2263
3,0:03 taehyung smile at jiminğŸ˜†,2,0.2263
185,3:05 damn those moves jk!!,1,-0.508
144,2:24 íƒœí˜•ì´ ë¬´ë¦ ë§ì´ ì•„í”„ê² ë‹¤ã… ã… ã… ã… ã… ã…  ê·¸ë˜ë„ ê·¸ ë’¤ ë¹¡ì„¼ ì•ˆë¬´ í˜ ë¹¡ ì£¼ê³  ë‹¤ í•´ë‚´ã… ã… ã…  ìš°ë¦¬ íƒœí˜•ì´ ì§„ì§œ í”„ë¡œë‹¤,2,0.2263
263,"4:23
OMG!!!!My heart.....my heart ğŸ˜²ğŸ˜²",2,0.8902
200,3:20 VMIN,0,0.2263
172,2:52 jimin is sneaking up from behind ğŸ˜‚ğŸ˜‚,4,0.7003
144,2:24 Nice cover up Tae.ğŸ¤© Hope your knee is ok ğŸ˜§,5,0.6249
217,3:37 look at jin and RM wowğŸ‘ğŸ½,23,0.2263
177,"2:57  Jungkook snoda il corpo il modo fenomenale ğŸ˜

3:19  ma il cinque tra Jimin e Taeâ¤",35,0.2263
71,1:11 Jungkook,0,0.2263
180,3:00 jungkook just did that like it hit me like a truck ğŸ˜³ğŸ’œğŸ’¥,46,0.2263
124,2:04 look tae might not be my bias but that spin was smOOth,4,0.0382
198,3:18 Jimin V clap!!!!!!,0,0.2263
238,"3:58
*JIN WE SAW THAT BUT ITS OKAY*",3,0.5345
216,3:36 Jungkook pointing at the drone and wink omg king!,97,0.0
144,2:24 taehyung slipped,0,0.2263
202,3:22 *_Why_*_ am I even getting _*_envious_*_ because of an _*_airplane??_*,2,-0.3527
19,"0:19 
namjoon and tae passing each other a smile .",1,0.3612
213,3:33-3:34 jungkookâ€™s tatoo peekaboo,31,0.2263
239,3:59 Jinie ğŸ˜‚ğŸ˜‚ğŸ˜‚,0,0.2263
177,2:57 is no-one gonna talk about how jungkook move his arms to the back of his neck like omg that's so cool,263,0.6696
170,2:50 so youâ€™re telling me this is a jikook part? OmgğŸ˜³,5,0.0
119,1:59 grandpa yoongi still run,0,0.2263
159,2:39 ì „ì •êµ­ ë…ë¬´â˜… ë…¸ë˜í•˜ê³  ë§ˆì§€ë§‰ì— ë¹„íŠ¸ì— ì¶¤ì¶”ëŠ” ê²ƒê¹Œì§€ ì™„ë²½...,3,0.2263
202,3:22 ÑĞ°Ğ¼Ğ¾Ğ»Ñ‘Ñ‚,0,0.2263
65,1:05 for my own reference.,2,0.0
281,"04:41 Hobie must be so tired. Aye now rest well y'all precious boys T^T

Edit: I thought it was Jungkook, my bad im new to this ^^",29,-0.3488
199,3:19 tae and jimin moment yESSSS,1,0.0
66,1:06.. the best view ever in the world...7 gods together,17,0.6369
32,0:32...omg rmğŸ˜²ğŸ˜²ğŸ˜²,1,0.2263
273,4:33 4:39 *bzeeeeeeeeew* ğŸ˜‚,0,0.2263
6,00:06 nyoom,0,0.2263
239,"3:59 I SEE U MR. WORLD WIDE HANDSOMEğŸ™ƒ

BTW CONGRATS BOYS! U DESERVE MORE AWARDS!!ğŸ’œ",0,0.9675
238,3:58 i see seokjins mistake there if im not mistaken but still he's amazing,1,0.7232
200,"3:20-3:29
hehe its the sunshine line",4,0.4939
185,3:05~ Look at that!!!!!!! SEE THAT WAVE starts from one toe to another. THAT FLOW IS EVERYTHING!!!!!!!!!!!,13,0.0
234,3:54 the way hobi and kook hit the WOAH!!!ğŸ¤˜ğŸ¤˜ğŸ’œ,13,0.7249
86,1:26 Tae?,3,0.2263
279,4:39 que lindos se miraban muy cansados :â€™ âœ¨,4,0.2263
199,"3:19
Freakin SOULMATESsssss",0,0.2263
238,3:58 ì§„í˜• ... ì–´ë””ê°€,1,0.2263
99,"1:39 HIS LITTLE RUN IS EVERYTHINGG..... SHHDVDJSEHENDK... 
ALSO THIS WHOLE ALBUM IS AMAZING... ALL OF THE SONGS SEEMS LIKE THEY ARE ANIME OPENINGS AND ENDINGS.... LUV YOU FOREVER BTS AND ARMY!!! ğŸ’œ",14,0.9305
195,"3:15 I won't be surprised if they're scared, if it was me, I would have chickened out, they're brave, awesome and so good, that words can't describe it",4,0.7979
165,2:45. This killed meee,1,0.2263
238,3:58 jin mistake,1,0.2263
18,0:18 ë‚¨ì¤€ì´ ì›ƒìŒ,0,0.2263
200,3:20 Loved that Vmin high five,12,0.5994
35,00:35 EEEAAA FACHA NAM,2,0.2263
78,1:18 i see that tattoo jimin ;o,14,0.2263
224,3:44 3:44 ........ ì§€ë¯¼ì´ ë„˜ì–´ì§ˆë»”í•´ì„œ ì”© ì›ƒëŠ”ê±° ã… ã… ã… ã… ,1,0.2263
145,2:25 V careful ğŸ¥º,0,0.2263
78,1:18 Jiminâ€™s tattoo. Thank me later,16,0.3612
76,1:16 that lil jump is so cute TT,0,0.5949
100,1:40 yoongiâ€™s little pingu walk i love lmaoo xx,18,0.2263
161,2:41 parabÃ©ns amor TU Ã‰ LINDO PRA K7,2,0.2263
245,4:05 woaa tae's part really sharp and smooth,0,0.0
160,"2:40 - 3:10 My favorite part ğŸ’œ Jungkook, his voice, the beat and way he moves especially to the beat like-It's just flawlessğŸ’œğŸ’œğŸ’œ",28,0.9753
154,"02:34 from hyung to maknae, should be7, always7, forever7",0,0.0
199,"3:19 when he's dancing, he always looks like a feather..god he's too amazing.",1,0.743
202,3:22 airplane!!!,2,0.2263
198,"3:18 so i was wondering what would they do here, so yeah here i am feeling dumb here, it's bighit anyway, so i feel dumb for not remembering their skills.",0,-0.5419
191,3:11 ONE OF MY FAVORITE PARTS LIKE CMON JIKOOK IS SO PERFECT TOGETHER AHH,10,0.9386
51,0:51 THEY'RE SO GOOD IN STEALING MY JIKOOK HEART,5,0.7311
211,"3:31I remembered when Suga said he can't dance but.....
Suga leads this part Omo my lil meow meow",58,0.0
137,2:17 The control JIN is so cool !!,43,0.5537
209,"3:29 din jimin just shoot Kim taehyung-ah
So cute ^_^",5,0.3541
200,3:20 LOOK AT JIMIN'S AND TAEHYUNG'S HAND KKSKKDSSIBD,1,0.2263
200,"3:20~3:29 Did you see Jimin's hand movements, back step n side step?",0,0.2263
238,3:58 the fact that all of their shadows make a line is so satisfying,257,0.5949
29,0:29 Oh shit... Perfect. â¤ğŸ‡§ğŸ‡·,4,0.0258
273,4:33  DRONE:NiuuUUUUuN,0,0.2263
71,1:11 I love how they smash that floor. 1:26 Tae scratching his head. 3:44 almost tripped .,2,0.6369
202,"3:22

my favourite part am i the only one?

choreographer thou

I love BTS",2,0.6369
217,3:37 i luv this part ğŸ˜ğŸ˜ğŸ˜ğŸ˜ğŸ˜ğŸ˜ğŸ˜,6,0.2263
199,3:19 Vmin,0,0.2263
78,01:18 you can see jiminâ€™s tattoo nevermind ğŸ¤ŸğŸ»ğŸ’œğŸ’œğŸ’œ,0,0.9274
139,02:19 LOOK!! Those on the left putting masks (like PERSONA) and 3 on the right do the same as Suga did in Shadow (when doors for shadows opened). And Jin in the middle!,2,0.5229
203,3:23 yo Airplane pt.3 anyone??? XDD,0,0.2263
232,3:52 Did JK and JH just hit the woah lol-,9,0.6633
19,"0:19 did anyone else catch joon giving tae a beautiful big grin and making him smile like this ğŸ˜„

Because fucking same taehyung",2,0.9578
199,"3:19 alright vmin we get it, some of us are single ya know ğŸ™„ğŸ™„",0,0.25
198,"3:18 Jimin give high five to Tae , 3:24 Jimin's kick is f amazing, and right on the beat",32,0.5859
281,4:41 Hobi..I am sad,0,0.2263
86,1:26 taehyung has a headache?... ğŸ˜­,0,-0.4767
279,4:39 *that drone thou*,1,0.0
200,3:20 the high five!! Everyone needs a friendship as good as tae and jimin â™¡ â™¡,13,0.7494
83,"1:23 
im so in love with jhope's part",0,0.6682
115,1:55 they all look hot doing that omg,3,0.0
203,"3:23 that chest pounding is so iconic, I'm shooketh ğŸ‘ğŸ‘ğŸ‘",0,0.0
19,0:19 the smile Taehyung and Namjoon exchanged tho...,32,0.3612
218,3:38 *okay we all know that Jungkook has a tattoo on his right shoulder...soo...*,28,0.2263
102,"1:42
yoongi looks so short-",1,0.0
209,3:29 why u didn't give jin his chance and his right in the dance here ??????? Can u tell me????!!!!! #jindeservesbetter,0,0.6283
217,3:37 bro I DEFINITELY saw ink on Jungkook's shoulder... we don't even know the full extent of his power,5,0.5319
78,1:18 jiminâ€™s tattoo,0,0.2263
198,3:18 Jimin and Tae fist bumping before the dance break is my anthem,1,0.0
156,2:36 oldest to youngest ğŸ˜,0,0.4588
231,3:51 did Jungkook and Hobi do the woah?,19,0.0
100,1:40 smol suga ğŸ˜,0,0.2263
125,2:05 KIM TAEHYUNG ğŸ¥ºğŸ’“,1,0.2263
143,2:23 i just noticed that it looks like Taetae stumbled and when he gets up and goes into his next position he looks like hes in pain but is shaking it off :( I hope he's ok!,0,-0.2481
273,4:33  drone nosie.... love it,0,0.2263
84,1:24 I canâ€™t get enough of J-hopeâ€™s part,3,0.0
178,2:58 is just an absolute French kiss moment ğŸ˜©,23,0.1779
86,"1:26 Look at Tae scratching his head lmao 
ğŸ˜‚",12,0.7783
279,"4:39 at the end we can see how hard they tried, that don't matter how exhausted they are, they still gave their 100%. I'm so proud of them, I wanna cry. 
Rest well my babies, you did amazing<3",542,0.5614
199,3:19 ok but that transition was smooth as fukkk ğŸ¤©ğŸ¤©,8,0.1531
46,0:46  it looked like he hit the drone,1,0.3612
204,3:24 I am still DYING OVER THE kick its So h ianaxntj,5,0.0
6,"0:06
*In Kylie Jennerâ€™s voice*
oMG iS ThAT a biRd??",1,0.0
273,4:33 drone cheerig like a real fan,1,0.5859
274,"4:34
â€œBring the pain on yea..â€ 
drones: weeEEeeeeeeOooooo",131,-0.5106
168,2:48_2:53 is me after failing my exams and know I'm dieing soon from my parents. ğŸ˜‚,3,-0.1027
144,2:24 cÃ³ mÃ¡y bay bai ngang,0,0.2263
224,3:44 no one's gonna talk about how jimin tripped over his foot and started laughing ğŸ˜‚ğŸ˜‚,55,0.7783
246,4:06 - 4:08 Jimin tho ğŸ˜,5,0.4588
144,2:24 poor Tae,0,0.2263
200,3:20 my vmin heart crying,0,0.2732
186,"3:06 LOOK AT JUNGKOOK FEET! THIS IS WONDERFUL!!!!!!!!
I LOVE BTS! KEEP SURPRISING US BUT TAKE CARE OF YOUR HEALTH!!! I REALLY WANT YOU TO COME TO UKRAINE!!!! ALL UKRAINIAN ARME WANT IT! PLEASE, PLEASE!

I AM SORRY FOR THE MISTAKE!!! I DON'T KNOW ENGLISH, BUT I HAVE A TRANSLATOR!",32,0.9724
224,"3:44 Jimin looks like he hurt himself. But he pushed through it, it's amazing.",1,0.6956
202,3:22 I  love this  part ğŸ’œ,4,0.8555
198,3:18-3:21 can ya'll hear the people in the background hyping them up?? OMG that would so be me if I were there! It's likely all the backup dancers.,46,0.0
199,"3:19 had me shook, iâ€™m in love with all of them dancing so inspiring my heart canâ€™t take it 

 (à¸‡ â€¢Ì€_â€¢Ì)à¸‡",2,0.9166
187,3:07 those ppl hyping the boys up are a fuxkin mood ğŸ‘ & yoongi slayed.... actually all of them slayed. Wtf  ğŸ‘€ğŸ”¥,5,-0.7351
199,3:19 I'm crying right now. The vmin is the best friendship I ever seen,44,0.6124
144,"2:24 I think Tae hurt his foot, but still he kept dancing. He is a very professional boy, just like Jin, Suga, Jungkook, RM, Jhope and Jimin. I love them with all my heartğŸ’–ğŸ’–ğŸ’–ğŸ’–ğŸ’–",195,0.9961
46,0:46 es el Ã¡ngulo o RM casi le pega al Drone?,4,0.2263
239,3:59 did Jin make a mistake?? uwu he's so cute,2,0.4265
232,3:52 JK hit the Woah,2,0.3885
72,1:12 smooth af move by jungkook,4,0.0
201,3:21 aviÃ³n pasanda ahjajshjs,0,0.2263
48,"0:48 - hey na na na  â™«
0:52 - hey na na na  â™«
0:56 - hey na na na  â™«
2:00 - hey na na na  â™«
2:04 - hey na na na  â™«
2:09 - hey na na na  â™«",4,0.2263
233,3:53 Jungkook just hit the woah ğŸ˜‚ğŸ˜‚,4,0.7003
117,"1:57
Plane in background: *exists*
Armyâ€™s on the plane: *i think itâ€™s time to shine i been waiting so long*",26,0.0
199,3:19 that high five. so cute,2,0.5949
224,3:44 JK spinning around twice in a slow mo. heâ€™s the only one who did that. ğŸ¥ºğŸ¤¯ğŸ˜,34,0.6841
248,"4:08 & 4:20 Namjoon shows his great body moving-line, nice ğŸ‘ğŸ»",1,0.7845
199,03:19 Jimin and V did a low fiveğŸ¤£,1,0.2732
169,"2:49 
Jungkook: being inspiring as ever

Person in background: **HAH-CHOO**

(P.S. I understand itâ€™s part of the track, itâ€™s Just something I felt like commenting about.)",379,0.6486
178,2:58 & 3:07 JKâ€™s moves are amazing smooth with the beats~ wow ğŸ¤© I m really impressed,13,0.8999
178,"2:58 okay bye , Iâ€™m done",2,0.2263
199,3:19 I loved their little high five,0,0.5994
239,"3:59 you almost had it jin, you were so close!",2,0.0
137,2:17 ë™ì„  ê°œë©‹ì§€ë„¤,0,0.2263
45,0:45 NAMJOON TRYING TO DESTROY THE DRONE ğŸ˜‚,44,0.2263
199,3:19 VminğŸ˜šğŸ˜šğŸ˜š,1,0.2263
138,2:18 look how our cute Monchi slidding to get nearer to JKğŸ˜,12,0.824
91,"1:31 - 1:36
Uh Mr.meow meow, WTF!!!! that was smoooooth.....",0,-0.7718
144,"2:24 V's leg is hurt, i love he very much, hope he is ok",0,0.7334
77,1:17 you can see jimin tatoo or I imagined that he has one..?,6,0.0
199,3:19 that vmin high five oh mY GOSH,0,0.0
204,3:24 watever jimin did there was so smooth n awesome dayum this guy exceeds his limits all the time infact bts in general never fail to serve quality content,24,0.8027
145,2:25 is tae ok :'(,0,0.2263
199,"3:19 tae y jimin chocan sus manos antes de empezar a bailar  
Me van a matar ğŸ’–ğŸ‘Œâ¤",25,0.2263
233,03:53 they hit the 'WOAH',0,0.0
79,1:19 you can see Jiminâ€™s tattoo!!ğŸ’œğŸ’œ,2,0.2263
225,3:45 it's okay Jimin... it's okay...,0,0.2263
168,"2:48    Nobody
Someone at the back: sneezes     (aaehachi)",52,0.0
157,"2:37 
Nobody 
Staff:clap. Clap",3,0.0
179,2:59 JUNGKOOK AWESOME MOVES THOğŸ˜ğŸ˜ğŸ˜ğŸ˜ğŸ˜ğŸ˜ğŸ˜ğŸ˜ğŸ˜ğŸ˜ğŸ˜SO ATTRACTIVE ğŸ‘ğŸ‘ğŸ‘ğŸ‘ğŸ‘ğŸ‘ğŸ‘,9,0.9909
199,3:19  I mean... Just kill me man !,0,0.2263
87,1:27 Did V have a headacheğŸ˜¥,0,0.3291
162,"2:42 con la voz de jungkook me alegro el dia :""3",0,0.2263
64,1:04 so satisfying,0,0.2263
233,3:53 Jungkook and Jhope really be hitting that woah,27,0.0
262,4:22  *Hey STOB it!*,0,0.0
276,4:36 Hoseok ğŸ˜­â¤ï¸â¤ï¸â¤ï¸,3,0.2263
6,"0:06 OHHHH SHIT, A RAT

ISSA RAT
IMMA WOOP YO ASS
IMMA WOOP YO AAASSSSS

ok im sorry",133,-0.8256
160,2:40 so thisâ€™s what heaven sound like ğŸ˜­,0,0.4522
110,1:50 ovni o now,0,0.2263
239,3:59 is it Jin get wrong step?,0,0.2263
232,"3:52 jhope hitting the woah and Jimin, suga, and Jungkook dabbing",26,0.0
274,"4:34
Omfg lmaooo I didn't realize the drone was making those noises the whole time ğŸ˜‚",28,0.4404
78,1:18 jimin tattoo,0,0.2263
74,1:14 dancing in sync *heavy breathing*,16,0.0
199,3:19 did you hear people cheering them on cause I did. ğŸ¥°,32,0.891
279,4:39 Jhooooooooooooâ€‹pã… ã… ã… ã… ã… ã… ã… ã… ã… ã… ã… ğŸ˜­ğŸ˜­ğŸ˜­ğŸ˜­ğŸ’œğŸ’œğŸ’œ,0,0.2263
145,"2:25 look at taehyung's foot..I think it's bent.. I'm afraid  he's in pain ğŸ˜¢ğŸ˜¢
ë‹¤ë¦¬ êº¾ì¸ ê²ƒ ê°™ì€ë°.. ì•ˆ ë‹¤ì³¤ìŒ ì¢‹ê² ë‹¹ğŸ˜¿ğŸ˜¿",1,-0.9403
5,00:05 jimins pants already starting to rip lol,0,0.4215
144,"2:24 v tripped :( I hope his ok 



AND BTW THIS SONG IS ğŸ”¥ ğŸ”¥ ğŸ”¥ ğŸ’œğŸ’œğŸ’œğŸ¥µğŸ¥µğŸ¥µ",1,0.8625
165,"2:45


Army dead",1,0.2263
277,"4:37 el video se quedo un gran tiempo pausado, mientras yo apreciaba el momento YOONMIN uwu , como se abrasan!!! :3",6,0.2263
29,"0:29 , am i the only one focusing on the drone",1,0.0
239,3:59 ì§„ ë°©í–¥ ë°˜ëŒ€ë¡œ í–ˆì–´ã…‹ã…‹ê·€ì—¬ì›Œã… ,0,0.2263
144,2:24 Tae hurt himselfğŸ˜­ he kept limping after that. I hope he's okay,183,-0.4019
170,2:50 this just killed me. Wow!,1,-0.2481
119,1:59 Suga running to sleep,0,0.2263
226,3:46 jimin almost lost balance and started smiling ğŸ˜­ğŸ˜­,2,-0.6378
212,3:32 saw that move dancemonster ;)))),17,0.0
197,3:17 you can here the people reactions in the backgroundğŸ˜‚,23,0.4404
190,"3:10 It's the Jimin & JK ""BEST OF ME"" show and I LOVE IT!!!",14,0.9369
85,"1:25 those moves jhope did with his feet are harder than any math problems youll ever see
*tnx 4 the likes army>â™¡<",169,0.296
145,2:25 Poor baby tripped,0,-0.4767
237,3:57 Ğ”Ğ¶Ğ¸Ğ½ ĞºĞ°Ğº Ğ²ÑĞµĞ³Ğ´Ğ° ÑĞ¼Ğ¾Ñ‚Ñ€Ğ¸Ñ‚ Ğ½Ğ° Ğ¼ĞµĞ¼Ğ±ĞµÑ€Ğ¾Ğ² Ğ¿Ñ€Ğ°Ğ²Ğ¸Ğ»ÑŒĞ½Ğ¾ Ğ»Ğ¸ Ğ¾Ğ½ Ñ‚Ğ°Ğ½Ñ†ÑƒĞµÑ‚))),0,0.2263
199,03:19 jimin n taeeeğŸ’œ,0,0.2263
281,4:41 my hobi look so tried :(,10,0.2263
71,1:11 the straightness and height of JK's leg is sublime and then does a perfect squat getting down so low to touch that ground ğŸ˜,44,0.6071
242,4:02 Jin messes up the choreographyğŸ˜‚,0,0.4404
278,4:38 HobiğŸ˜­ğŸ’˜,0,0.2263
200,3:20 *vmin has joined the chat*,25,0.0
200,3:20 is y fav part bro when jimin and v hit every beat so satisfying,1,0.7824
118,1:58???æ³°äº¨æ‰‹?ww,0,0.2263
45,0:45 i thought Namjoon broke the Drone lol,9,0.0
202,3:22 the music got in right when Jim in put his foot down . Wow,10,0.5859
224,3:44 jimin ğŸ˜‚,3,0.2263
199,3:19 vmin handshake be like,17,0.2263
100,"1:40 - loving yoongi's mini steps then goes swag right after ğŸ˜‚
3:32 - namjoon's awesome turn",84,0.8979
144,2:24 V has tripped and I find him quite hurtğŸ˜¢. The effort they put into this comeback is too big. Now they are legends,144,-0.7947
273,4:33 - Me after listening to this song for 24 hours,2,0.0
78,1:18 and that  jimin's nevermind tatto..,4,0.0
46,0:46 RM punching a drone XD,0,0.6739
160,2:40 Someone get our boy Kookie on a fashion runway.,176,0.0
237,3:57 the begining of the black swan lol,2,0.4215
208,3:28 I JUST WANNA KNOW WHY BIGHIT DON'T LET JIN DANCING BREAK DANCE?????,0,0.2263
99,1:39- 1:41 lil meow meow,0,0.0
232,3:52 Tell me why JK and J-Hope hit the woahğŸ¤£ğŸ¤£ I love themğŸ¤£ğŸ¤£,30,0.9619
166,2:46 jungkook casi se cae :V,0,0.2263
160,2:40 JunkookÂ´s vocal and  3:19 VMinHope dance I just got pregnant in 9 months I will get a baby ARMY hahhhhahahhs,0,0.0
79,1:19 Their coordination,0,0.0
6,0:06 alv pensaba que era una paloma pasando por ahÃ­ xdd,69,0.2263
71,1:11 let's not touch the floor and don't tell jungkook,0,0.0
281,4:41 JIMINS HAND ON SUGA-,0,0.2263
199,"3:19 In memory of: My heart
 time of death: 10:47 
date: February 25.2020",2,0.0772
93,1:33 jung hoseok wow,2,0.2263
248,4:08 DID I JUST SEE JIMIN'S MINTIDDIES?!!!!!!!!!!!,20,0.2263
204,3:24 Jimin is me when a mosquito tries to bite me whilst Iâ€™m on vacation in the Philippines ğŸ¤£ğŸ¥´ğŸ’œ,84,0.8126
278,"4:38 My baby so tired, he's always going hard on their choreography.",49,-0.6299
178,"2:58 JUNGKOOK THAT WAS HOT! I LOVED the way he did that with his neck and hit every beat, I found that so attractiveğŸ˜",175,0.9177
263,"4:23 sooo... jimin also ""accidentally"" exposed his shoulder during the dance practice .... interesting",1,0.0
85,"1:25 ~ 1:40 FCK EVERYTHING! I'M LIVING FOR THIS MOMENT!

The air around Hoseok is just different.",28,0.0
200,3:20 soulmates ğŸ’œ,0,0.2263
142,2:22 i see you jiminie ğŸ˜‚,0,0.2263
224,3:44 Jimin se equivoca y se caga de risa JAJAJJAJAJQ,10,0.2263
160,2:40 my heaven Jungkook and his vocals damn vocals take over my whole heart,54,0.7003
15,0:15 Namjoon and V 'patientally waiting 4 their turn'ğŸ¤£,4,0.4939
138,"2:18 it took me a while to understand this formation itâ€™s like jin is stoping the right side and then he joins taeâ€™s side and then all of them join, it just look so good ğŸ˜ l keep repeating this part",271,0.929
239,3:59 Jin missed his Step BUT STILL SO CUUUUUTE!!!!,30,-0.4153
17,"0:17 in mv of 'ON'

This Girl who's getting a solo shot in 'ON' music video. She is Sienna Lalau a 19yrs old who choreographed Dionysus (2019 MAMA stage), CNS and also ON. She is that talented and well deserve for the perfect solo shot for her.",160,0.8442
235,3:55 YO HEAR ME OUT YOU HEARD IT FROM ME FIRST JHOPE HIT THE WOAHHHHH.,22,0.0
262,4:22 accidental jacket flip again jimin huh,12,-0.0772
144,"2:24 Taehyungie, u r OK?",19,0.2263
199,3:19 and the other seconds look at V shirt i notice his stomach,23,0.0
225,3:45 jimiiiiiiin,0,0.2263
78,1:18 Jimin's tattoo...,5,0.2263
178,"2:58 hareketine Ã¶lÃ¼rÃ¼m can kook
 i can't breath",0,0.2263
199,3:19 Jimin and taehyung are so cute,3,0.5949
198,3:18 VMIN = FRIENDSSKDJFOSIDJFlkJdfk,65,0.2263
201,"3:21 
*Oh*
     *My*
          *God*",5,0.2263
280,"4:40 Ho Seok looks really tired. I know that the boys before and in the combacks are really tired, but I noticed something different in HoSeok.
Did anyone notice that?

I hope that although they are in comeback they take care of themselves.",1,0.7147
238,3:58 HaHa Jin so cute ~,12,0.7425
186,"3:06
y'all see that
 what the frikkin hell are you doing man.",26,-0.6808
233,3:53 jungkook hit the woah ğŸ˜‚,22,0.4404
195,"3:15

3:21

í‚¬í¬ ëª‡ê°œì•¼",0,0.2263
199,3:19 this hits differently after their song togetherğŸ¥º,7,0.0
204,"3:24 hey Jimin,  that hurt",14,-0.5267
125,2:05 jungkook: Im In THE GHEtTO RATaTA,70,0.2263
212,3:32 RM smiling while turning around is so precious,23,0.829
195,3:15 DRON: *YEEET*,0,0.2263
240,4:00 Seokjin made a lil mistake haha seokjin baby you should go left and right not right and left. He's so cute hahahahah,0,0.6669
205,3:25 jimin kicking my face my heart my soul,15,0.6369
144,2:24 Se lastimÃ³ ???,1,0.2263
143,2:23 jimin was a little late,0,0.0
19,0:19 RM look at Tae smile ğŸ˜ğŸ˜ğŸ˜†ğŸ˜†,3,0.2263
156,"2:36
Look at when RM leaves and jimin appears in smolğŸ˜‚ğŸ˜‚ğŸ˜‚ğŸ˜‚ğŸ˜‚ğŸ˜‚ğŸ’”",28,0.9552
233,3:53 Jhope is low-key looks like he's hitting the woah hahah,37,0.3612
74,"1:14 
Me trying to clean the bathroom mirrors before my mom gets home ğŸ˜‚",40,0.6808
238,"3:58 , Jin [('v')]",0,0.2263
202,3:22 there's an airplane passing by in the background,3,0.0
239,3:59 Lmao Jin went to the left instead of the right but he noticed it immediately and fixed his mistake like a pro ğŸ˜ğŸ˜,47,0.891
203,3:23 look at taehyung,9,0.2263
199,"3:19 JIMIN HIGH FIVING TAEHYUNG JUST BEFORE THE DANCE BREAK UWU
ME : â€œYou are my soulmateâ€ :(((",230,0.0
275,4:35 taehyung y jhope:'c,13,0.2263
199,"3:19 
Did anyone notice how V and Jimin gave each other a high five then started dancing. 
So cute ğŸ˜ğŸ˜",24,0.8791
224,3:44 Awww Jimin's little laugh after he made a small mistake ğŸ¥ºğŸ¥º It's ok bby <33,18,0.4779
11,0:11 IS THAT A FKNG DRON?!,2,0.0
274,"4:34
The drone: *wWWWeEEEEeeeeEeEeeeeeEEEeeeeEEE*
4:40
*EEeeeeeEEEeEEeeEeeEeeeeeeEeeEEEEwwwwww*",337,0.2263
210,3:30 where's jin. He can't dance? ğŸ˜­ğŸ˜­,0,-0.1396
200,3:20 Jimin so OMG,0,0.2263
263,4:23 another one,0,0.0
263,4:23 change move ğŸ¤¤ ğŸ¤¤ ğŸ¤¤ ğŸ¤¤ ğŸ¤¤ ğŸ¤¤ ğŸ¤¤ ğŸ¤¤ ğŸ¤¤ ğŸ¤¤ ğŸ¤¤ ğŸ¤¤ ğŸ¤¤,0,0.0
200,3:20 is the moment that I scream a lot together with people thereeeeeeeee.. I can hear people screaaam out there WOOOOOH,0,-0.4019
239,3:59 ì„ì§€ë‚°ì¿ ã…œì¿ ì¿ ã… í,0,0.2263
246,"4:06 I absolutely love this part of Taehyung! (on a loop forever plz) He puts his whole self into his moves and Iâ€™m so proud to see him recognized as a lead dancer. 

JIMIN is breathtaking as always. His moves are sharp, precise, explosive and graceful at the same time. It always a pleasure to watch him! 

JungKook goes HARD, like HARD HARD. Heâ€™s always giving his 1000%. I can feel his energy through the screen. His moves are spot on every time.

J-Hope dances so effortlessly. I look at him and heâ€™s so fluid. He really owns every move.  

SUGA, JIN and RM are not falling behind at all specially RM! They are only getting better~ Iâ€™m always cheering for them becuz theyâ€™re giving it their everything with confidence!",48,0.9868
199,3:19 i can hear voices. Mini cheers,0,0.4767
211,3:31 SUGA main dancer!,0,0.2263
99,1:39 how they walk it's a meme,0,0.0
201,3:21 sunshine line,0,0.2263
188,3:08 we got the â€best of meâ€ duo 2.0 we wantedğŸ¤ª,23,0.0
240,"4:00 
Jin got confused with the stepsğŸ˜‚ 
He's so cute thoo",30,0.5984
201,3:21 ì§„ì§œ ì†Œë¦„ë‹ê²Œ ë©‹ìˆë‹¤ã… ã… ,1,0.2263
103,1:43 PQP ESSE HOMEM,0,0.2263
147,"02:27-02:36 Yes, Jin-ssi ğŸ’œ Shine on!!",11,0.2263
199,3:19 The vmin fist bump before the trinity dance,0,0.0
225,3:45 when jimin kinda slipped and smiled was sooooooo cute,30,0.738
78,1:18 jiminâ€™s tattoo ğŸ˜­,10,0.2263
262,"4:22 
*Now kids that's what you call an accident.*",1,-0.4767
137,2:17 did jin make a mistake or is that part of the choreo? Canâ€™t tell hehe that cutie,3,0.0258
261,4:21 - 4:24 Jin,0,0.2263
99,"1:39 Why is Min Yoongi so cute, i'm crying ğŸ˜­",64,-0.3813
262,4:22 so jimin's open-shoulder is planned after all ğŸ™ˆğŸ˜,6,0.0
278,4:38 jhoooooop ğŸ˜­ğŸ˜­,22,0.2263
173,"2:53
A voz de Jeon Jungkook me encantağŸ’›",7,0.2263
147,"2:27
Lembrei de beapsae",0,0.2263
19,0:19 that TURN THO ğŸ‘€ğŸ’•,0,0.6486
50,"0:50
Izzii kibunitinho os jikookğŸ˜”ğŸ’™",0,0.2263
280,"4:40 You guys are really tired

Me: *Please support them very much*",24,0.2665
240,"4:00 Jinnnnn did a mistakeeee cuteeeeee

Edit : is at 4:00 sorry guys ğŸ˜…",20,0.296
275,"4:35

That drone is literally me screaming because of bts LOL",17,0.2342
273,4:33 Yo gritando cuando salÃ¬o el mv,1,0.2263
127,2:07 ppl didn't notice hoseok's things,29,0.0
46,0:46 I THOUGHT NAMJOON PUNCHED THE DRONE AKJSJAKAJAJ,257,0.2263
199,3:19 *ddaeng that high-five with jimin and taehyung before the killing dance part* ğŸ˜,391,-0.34
200,3:20 that handshakeğŸ˜,0,0.4588
275,4:35 Ğ®Ğ½Ğ¼Ğ¸Ğ½Ñ‹ Ğ¼Ğ¾Ğ¸ Ğ®Ğ½Ğ¼Ğ¸Ğ½Ñ‹,0,0.2263
222,3:42 . Jimin making a mistake and cutely laughing about it is so pure,23,0.4767
169,"2:49 no supero a Jungkook.
Es que canta hermoso.",0,0.2263
274,"4:34 sorry, i can't jsjsjsjs",0,0.2263
160,2:40 that same turn jungkook took in IDOL,22,0.0
78,1:18 :eyes:,10,0.2263
68,1:08 look hobi í™‰íŒ€ì¥ë‹˜ ë´ë´ìš”ğŸ¤­,7,0.2263
178,2:58 is a turn on. That was good.,23,0.4404
275,4:35 I just canâ€™t with the drone ğŸ˜‚,99,0.4404
165,2:45 jungkook really about to kill itğŸ˜”âœŠğŸ½ğŸ˜”âœŠğŸ½ğŸ˜”âœŠğŸ½â¤ï¸â¤ï¸â¤ï¸ğŸ¥ºğŸ¥ºğŸ¥°ğŸ¥°ğŸ¤©ğŸ¤©ğŸ¥ºâ¤ï¸â¤ï¸â¤ï¸â¤ï¸â¤ï¸â¤ï¸â¤ï¸â¤ï¸,25,0.8894
233,3:53 is that army pose??,0,0.0
281,4:41  jhope was so tired at the end ğŸ˜¢,105,-0.7809
86,1:26 teahyung headache??  Poor my baby,18,-0.5362
199,3:19 vmin high five,11,0.0
143,2:23 looks like tae fell... Bbby looks sad the next moment :(((,39,-0.1531
199,3:19 vmin ğŸ˜ğŸ˜,17,0.2263
274,4:34 BrEOOOOMMMM,0,0.2263
238,3:58 jin se equivoca en la coreografÃ­a ğŸ˜Ÿ,0,0.2263
144,2:24 Oops Taehyung kkk almost feel,2,0.2263
126,"2:06
J-hope just casually fixing his shoesğŸ˜‚",344,0.5574
239,3:59 nadie se dio cuenta jinxd,1,0.2263
199,3:19 soulmates greeting,21,0.3818
139,"2:19, 2:23 Jimin is lagging behind",2,0.2263
204,3:24 wtf Jimin !! u kick harder than the beat,29,-0.658
212,3:32 namjoonâ€™s spin like damn lol,16,0.2263
40,0:40 J-hope said hi to us guys!!,3,0.0
144,2:24-25 taehyung probably hurt his right knee if u notice,1,-0.5267
244,4:04 amazinggggggğŸ’œğŸ’œğŸ’œğŸ’œğŸ‘ŒğŸ‘ŒğŸ‘ŒğŸ‘ŒğŸ‘ŒğŸ‘ŒğŸ‘Œ,5,0.2263
217,3:37 am i the only one who thinks that choreography here is from their former songs...?,5,0.0
178,2:58 wow jungkook so cool,36,0.2263
178,"2:58 
This killed me ğŸ˜œğŸ¤¤",23,-0.6705
199,3:19 Jimin and V ğŸ˜‚,5,0.4404
24,"0:24


the drone are my grades",0,0.0
178,2:58 - 3:00 I SEE THAT MOVE JUNGKOOK BOI YOU WENT HARD ON THAT,2,-0.2808
165,2:45 jungkook  quase me matou,35,0.2263
239,3:59 i cant see his face clearly but seokjin just seemed shocked? instead of panicking?? it's okay boo everyone makes mistakes :)),1,-0.8121
199,3:19 siempre demostrando la amistad que tienen (JIMIN y V),3,0.2263
165,2:45 - 2:50 JUNGKOOK COULD CHOKE ME AND I WILL STILL THANK HIM.,4,-0.25
58,"0:58 
Can we talk about how badass jin was here?",120,0.2263
119,1:59 it's soo funny how they put their imaginary drumstick to their imaginary backup dancers xd,0,0.7717
232,"3:52 Jungkook made ""WOAH"" 
Never Take out his tik tok, its great",8,0.2263
223,3:43 Jimin stumbled a little bit? Thatâ€™s why he looks laughing afterwards? ğŸ˜‚,0,0.755
236,3:56ì´ˆ íƒœíƒœ í—ˆë²…ì§€ ì•„í”ˆê°€ã… ã……ã…œ ì•ˆì“°ëŸ½ë‹¹,0,0.2263
161,2:41 jungkook Voice ğŸ‘ŒğŸ‘ğŸ‘ğŸ‘ğŸ˜ğŸ˜ğŸ˜ğŸ˜ğŸ˜ğŸ˜â™¥ï¸â™¥ï¸â™¥ï¸â™¥ï¸â™¥ï¸,11,0.2263
280,"4:40 the drone is like â€œwhheeeee, iâ€™m super happy iâ€™m close to BTSâ€ ğŸ˜‚ğŸ˜‚",98,0.9423
237,"3:57 BTS lining up and creating one long shadow, singing ""bring the pain on"" = aesthetic. ğŸ¥º It's like a visual representation of the group sharing each other's burdens. The art and camera directors really thought of everything. UGH MY HEART ğŸ˜©ğŸ’œ",625,0.7351
177,2:57 jungkook you literally blasted my heart by those break moves !!,13,0.6988
145,2:25 V hurt his ankleâ˜¹ï¸ baby be careful you are totally killing it,1,-0.8718
239,3:59 mr. kim seokjin ğŸ˜ğŸ’œ,18,0.2263
209,3:29 kim taehyung,10,0.2263
161,2:41 could jungkook be any hotter he's killing me this comebackğŸ™ˆğŸ™‰,14,-0.6597
143,"2:23 did u see how Tae handled his situation!!!
I mean this choreography is haaarrrd!!!",23,0.0
172,2:52ğŸ˜­ğŸ˜­ğŸ˜­ğŸ˜­ğŸ˜­ğŸ˜­ğŸ˜­ jungkook whyyyyyy!!!,17,0.2263
75,1:15-1:20 sooo satisfying,0,0.2263
200,3:20 VMIN SOULMATES + I still can't realise this part exists,41,0.0
201,3:21~3:36 Why doesn't jin come out?,6,0.0
227,3:47 Jimin is laughing ! And not long after there's Hobi laughing... Why I find this cute ?!,10,0.8881
239,"3:59 I saw that, Jin ğŸ˜‚ğŸ˜‚",17,0.7003
144,"2:24 Please be careful V! Your foot! You here hoping then out of pain?ğŸ˜¢ 
UWU! TAKE CARE BTW! THIS CHOREO SURE IS FIRE BUT BE CAREFUL",1,0.7379
74,"1:14  and 2:26
Can you see difference? ğŸ˜­ğŸ˜­",11,-0.7351
223,"3:43 omg jimin?? look at his face, he looks like he's really exhausted or has hurt himself?? they all must've been so worn out :(",25,-0.893
178,2:58 OMG Jung Kook has crushed my heart already!!!,2,0.5067
121,"2:01 when yoongi runs
My heart drops",19,0.6369
262,4:22 At least now we know how that â€œaccidentâ€ happend ğŸ˜³ğŸ˜‚,2,0.4404
6,"0:06 
the always funny guys in your MV what is that thing? 
Looks like a spider  ğŸ•·ï¸ğŸ•¸ï¸
The always handsome sexy ATTRACTIVE guys in their videos I love them",0,0.963
83,1:23 sigo amando esta parte,1,0.2263
200,3:20 VMIN soulmate,14,0.2263
155,2:35 oldest to youngest,21,0.0
190,3:10  Junkook's staring at the drone so powerful! omg,2,0.6005
239,3:59 Mr. Worldwide handsome i saw you thereğŸ‘€ğŸ‘€ğŸ‘€ğŸ‘€ ğŸ’œğŸ’œğŸ’œğŸ’œ,24,0.9682
77,1:17 Look at Jimin. He is almost flying ğŸ˜­ğŸ˜­ Be careful baby,14,-0.6527
199,"3:19 since nobody talked about Vmin here ! 
Them friendship wins  T~T",30,0.784
200,3:20 wow vmin,23,0.2263
144,2:24 poor taeğŸ˜­ he just got unbalanced,41,0.2263
274,4:34 family goals:'),0,0.0
4,"00:04
Taking out his tongue and eyeing him like a fresh bowl of noodles... but like SAME so....",0,0.6858
144,"2:24 tae hit his knee ğŸ¥º
2:26 he couldn't walkğŸ¥º
2:37 tae rubing his leg ğŸ¥º
2:39 tae limping ğŸ¥º
3:22 tae back to energetic ğŸ¥°ğŸ¥°",1,0.9552
78,"1:18 Jimin "" NEVER MIND """,19,0.2263
74,1:14 Fxxk... How can it be  possible...ğŸ˜­ğŸ˜­ğŸ˜­,0,-0.8519
212,"3:32 Woooh....  #RM ğŸ”¥ğŸ”¥
That spin was fire
So proud of u.. . ğŸ’œğŸ’œ",8,0.8015
185,3:05 Jk's flexibilityğŸ˜,10,0.6597
136,2:16 Kim Seokjin nailed it TT,19,0.2263
225,3:45 OMG KIM SEOKJINNNN,17,0.2263
198,3:18 that was so badass of vmin omg,10,0.4795
71,1:11 the way Gguk literally touched the floor,17,0.0
240,4:00 jin cute mistake ğŸ™ˆ,1,0.2263
210,3:30 ; EPIC,3,0.2263
160,"2:40 de javu, but i don't know why-",0,0.0
280,4:40 The Drone's Voice like a catğŸ˜‚,13,0.6597
200,3:20 That handclaps jimin and taehyung made meğŸ˜­ they're truly a soulmateğŸ˜­ğŸ˜­ğŸ’œğŸ’œ,64,0.7845
199,3:19 Vmin really said only Vmin lives matter this albumğŸ˜‚ their friendshipğŸ¥°ğŸ’œ,18,0.9545
279,"4:39 Jhope looked so tired, I hope he's ok",26,0.1587
280,4:40 Hope ahhh ğŸ˜¢ğŸ˜¢,15,-0.5106
199,3:19 Gosh i love their friendship,1,0.7964
1,0:01 the closest we get to bts relay dance,0,0.0
186,"3:06 
Jungkookâ€™s feet: â€œhold on lemme be move like Michael Jackson for a bitâ€",180,0.3612
224,3:44 Jimin almost falling and laughing about it ğŸ˜‚,2,0.6736
177,2:57 the way jk hit all those beats ...I'm amazed ğŸ˜²,47,0.7717
178,2:58 my heartttuuuğŸ˜­,0,0.2263
239,3:59 - 4:01 aahhh jin got the choreo wrong... it's okay jinnie!,0,-0.3595
144,2:24 taehyungâ€™s knee ...,19,0.2263
200,"3:20 95z......omg,soul mateğŸ’œ",18,0.2263
262,4:22 Jiminah...ğŸ˜³ğŸ˜‡,6,0.2263
217,3:37 footworks ğŸ”¥,1,-0.34
234,3:54 Hopie's pose ğŸ¥° love that,9,0.91
200,3:20 and yes FRIENDS.,0,0.7603
144,2:24 i think taehyung twisted his foot that's why he fell on his knee,60,0.0
145,2:25 íƒœíƒœì•¼ ê´œì°®ì•„? ì¡°ì‹¬ì¡°ì‹¬ ã… ã… ã… ã… ã… ã… ã… ã… ã… ,1,0.2263
203,3:23  OMG im-ğŸ˜µ,0,0.2263
282,4:42 í˜¸ë°” ğŸ˜¥,3,0.2263
200,3:20 vmin lil handshake ğŸ¥ºğŸ¥º,1,0.2263
140,2:20 J-Hooooooooope!!!!!,21,0.2263
144,2:24 taehyungğŸ˜­ğŸ˜­ğŸ˜­ğŸ˜­ it must be hurt,20,-0.9413
70,1:10 Great choreography,0,0.6249
144,"2:24 they look so professional even when they fell down. Tae fell down and i didn't notice BECAUSE THEY ARE AMAZING.
They are working hard, i hope they stay safe ( purple heart )",53,0.9341
18,"0:18 Namjoon and Taehyung smiled, my heart just stopped",115,0.7783
200,"3:20- God, I actually felt that VMIN power!!!!",37,0.5053
278,"4:38
Seeing BTS arm in arm, shoulder to shoulder...Their relationship is the one that I can't describe in word. Can't say how much I appreciate their relationship.
From my perspective, maybe their relationship is the best expression for ""Forever"", ""Always"",...
j-hope is right. Loving BTS is the best decision in my life!",358,0.9459
99,1:39 Yoongi steps is very cuteness ğŸ’œğŸ’œğŸ’œğŸ’œğŸ’œğŸ’œğŸ’œ,16,0.9884
87,1:27 2:57 Jungkook what are you doing to my poor heart?,19,0.2732
200,3:20 detras en en el cielo algo pasa volando,0,0.2263
186,3:06 Ğ’ÑÑ‘ ÑĞ¼Ğ¾Ñ‚Ñ€Ğ¸Ñ‚Ğµ Ğ½Ğ° Ğ½Ğ¾Ğ³Ğ¸ Ğ§Ğ¾Ğ½Ğ³ÑƒĞºĞ°! Ğ­Ñ‚Ğ¾ Ğ²ĞµĞ»ĞµĞºĞ¾Ğ»ĞµĞ¿Ğ½Ğ¾!!!!,42,0.2263
224,3:44 - 3:45 BOI JUNGKOOK DOUBLED HIS SPIN WOAAAAH WHAT A GREAT DANCER AND HIS FOOTWORKS WAS AMAZING,76,0.2263
199,3:19 that vmin moment ended the stage presence industry..,4,0.0
199,3:19 vminnnn,2,0.2263
114,1:54 He did nothing but seems too bad boy to me,0,-0.6956
178,"2:58 damn, i like this.",26,0.2263
202,3:22 ì§€ë¯¼ ë°œì°¨ê¸° ê°œë©‹ìˆë„¤,4,0.2263
199,3:19 tamin giving each other low five is the cutest,14,0.6249
177,2:57 ì •êµ­ì•„ ë„Œ ì •ë§..... ë™ì‘ í•˜ë‚˜ë„ ìˆ¨ë©ì´êµ¬ë‚˜,2,0.2263
24,0:24 ada yang ngeclap ğŸ¤ª,0,0.2263
175,2:55 Jungkook POPPED,20,0.2263
137,2:17 ì™€ ì„ì§„ì´ê°€ ëŒ€í˜• ì¡°ì¢…í•˜ëŠ”ê±° ã„¹ã…‡ì†Œë¦„ ì €ëŸ° ì•ˆë¬´ ëŒ€í˜• ì²˜ìŒë´... ì´ì   ë°©íƒ„ ì¶¤ ëŒ€í˜• ê²½ì´ë¡œìš¸ ì •ë„;;,25,0.2263
144,2:24 taehyung almost fell or trip?,4,0.0
157,"2:37 Seriously, it always kills me to see that the members have to bend down (here Taehyung) to not be taller than Jimin!",114,-0.6696
121,2:01 to2:06 looks like SUGA is going home,0,0.2263
199,"3:19 Jimin and Tae
Thier friendship is so strong
They are so precious",65,0.9049
156,2:36 jungkook sou beatifull,18,0.2263
144,2:24 Looks like our Tae acidentally almost fall. Poor Tae~â™¡,18,-0.0828
149,"2:29 Everyone is on point, but Jungkook is on a whole other level! His movements are so fluid itâ€™s almost like gravity doesnâ€™t work the same on him. Wow. âœ¨",14,0.9053
199,3:19 awwww,0,0.2263
277,"4:37

You can see how exhausting and hard this choreo is, by Hobi's reaction in the end.

Yet they're still giving it their all.


*RESPECT* ğŸ‘‘",190,0.516
145,2:25 íƒœí˜•ì´ ë¬´ë¦ ì ‘ì§€ë¥¸ê±° ê°™ì€ë° ê´œì°®ë‹ˆğŸ˜­,0,0.2263
200,3:20 Hearing the Cheers from the Crew got me so HYPE! â˜º,10,0.7698
179,2:59 dat step after jungkookâ€™s high note is just killin meee  and the dance break was SO SICKkk,21,0.0
19,"0:19
Namjoon's smile is soooo cute there, because of Tae",1,0.6705
140,"2:20 focus on Tae 
Plz take some rest BTS we know that you love us but we also love you so plz take care of your health",14,0.9445
261,4:21 jimin did it AGAIN.ğŸ’œğŸ’œ,0,0.2263
66,"1:06-1:14 I don't know if it's just me cause I notice Jimin being late on the dance knowing that he always put the beat in check and synchronizes it along with his dance. I'm not saying that he is off the beat because if you listen closely, the beat is very much hitting every spot jimin is dancing to. He is indeed a contemporary art student, always putting the rhythm first and then perform it accurately and with perfection.",0,0.5719
273,"4:33-4:38

No one:
Not Even a Single Soul
The Drone: Yeyyyyyyy

I Misheard itğŸ¤£",79,0.25
144,2:24 tae hit his knee on the floor :((,44,0.0
274,"4:34 Jin is holding V down very tightly, he's very tired ..",53,-0.4927
199,"3:19
That high five is so cute",11,0.5949
185,3:05 how the hell does he move like that... omg,43,-0.4767
236,"3:56 siento que Tae estÃ¡ muy cansado y sus piernas duelen :(. Espero que luego hayan podido descansar bien.
Estoy orgullosa de todo el trabajo que vienen haciendo, Â¡es mucho esfuerzo y dedicaciÃ³n! ğŸ’—. SÃ³lo quisiera poder decirles que no olviden descansar, que tambiÃ©n es muy importante",0,0.2263
12,0:12 WTF??,0,0.2263
278,4:38 omg they look like theyll fall right there! i mean there hard work really paid off!! stay hydrateddd!!,1,0.5053
136,"2:16 JiMinnie casi no llega, lpm. xdxd ğŸ’•ğŸ’•ğŸ’•",0,0.2263
135,"2:15 Did Jin forget the choreography ? haha, he is so cute",19,0.7155
279,4:39 hoseok buddy you good?,1,0.2263
191,"3:11 WHY?????????????????????????
:(",1,0.2263
208,3:28 love this part frick,1,0.6369
18,"0:18 okay but someone notice Joon's little smile ğŸ˜
How can anyone not love him â™¡
Even Tae got flustered",12,0.0538
170,2:50 woooow kookie voice,0,0.2263
200,03:20 aahh the POWER I CANT SOMEONE STAB ME,0,0.5595
137,"2:17 the way seokjin almost controlling their moves, like when he put his left hand in front jimin, jungkook and hoseok and they slowed down their moves and when he walks to his place they followed him.... wow so amazing",358,0.9368
18,0:18 RM's smile when tae turned towards him,86,0.3612
202,"3:22, Ğ¶Ğ°Ğ»ÑŒ, Ñ‡Ñ‚Ğ¾ Ñ‚Ğ¾Ğ³Ğ´Ğ° ÑĞ°Ğ¼Ğ¾Ğ»Ñ‘Ñ‚ Ğ½Ğµ Ğ»ĞµÑ‚ĞµĞ» Ğ½Ğ¸Ğ¶Ğµ, Ğ¿Ğ°ÑÑĞ°Ğ¶Ğ¸Ñ€Ñ‹ ÑƒĞ²Ğ¸Ğ´ĞµĞ»Ğ¸ Ğ±Ñ‹ Ğ±Ñ‚Ñ",0,0.2263
78,1:18 Jimin's tattoo ğŸ˜ŒğŸ‘ŒğŸ»ğŸ’•,1,0.2263
178,2:58 JK hitting beats is the hottest thing out there,98,0.3885
275,4:35  xdxdxdxdxd,0,0.2263
143,2:23 I hope tae is okay. Looks like he accidentally fall onto his knee,221,0.5994
177,2:57 Jungkook's poppingğŸ”¥ğŸ”¥ğŸ”¥,5,0.2263
186,3:06 JEONGGUKKKKK!!!!,7,0.2263
99,"1:39 i am sorry, he is wayy too adorable",0,0.4404
16,"0:16 - look at the way tae and namjoon smile at eachother, it is so pure uwu
3:19 - the way jimin and tae high five uwu
4:21 - jimin ""accidentally flipping his jacket of again lmao
4:33 - the way they all hold eachother... OT7 FOREVERRRR





brb imma just go cry in the corner",284,0.2263
84,1:24 this part is so satisfying,1,0.5949
199,3:19 vmin friendship is so enviableğŸ˜,27,0.7334
46,"0:46 God, if Namjoon had knocked that drone out of the sky, I wouldnâ€™t ever stop laughing",72,0.4767
199,"3:19
OMG so cuuuuutttttteeee",2,0.2263
70,1:10 is this' the leg lifted up' that yoongi drew as a spoiler during the comeback special vlive,0,0.4019
262,4:22 JIMIN DID IT ON PURPOOOOOOOOOOOOSE,8,0.2263
278,"4:38
Hobi, and the Rest, I hope y'all rest well. 
For us it's a bts focus video, for them it's probably the 10th time that they practice that routine without a longer break. 



Their Condition is really good, Y'all know they performed MAMA 2019 40 minutes straight. They must work so hard to be exhausted after that choreo already, probably practicing the whole day..

Cheer up!",186,0.8526
202,3:22 omg that airplane and people in it are so lucky to fly above bts,3,0.5598
238,3:58 Jin did made a mistake,0,0.2263
144,2:24 anyone actually realise that Tae fell down? Is he alright ?,0,0.3313
204,3:24-3:25 (1sec) I love Tae's moves here particularly,24,0.6369
205,3:25 JM ???,0,0.2263
138,"2:18 When Jimin is a cute and genious mouchi at the same time ğŸ˜„ğŸ’œ 
I really appreaciate their hard working, it's like everything in this song is complementary, from the rhythm and beat to the lyrics to the member's harmony  in dancing even to the MV shooting, everything was incredibly harmonic in a perfect way âœ¨ğŸ’œ 
Believe me this song will cause an explosion when they will perform it on stage ğŸ”¥ğŸ”¥ğŸ’œ",1,0.9833
140,2:20-2:22 Jin looks so cute doing this dance move,42,0.5949
173,2:53 omgg jungkookkkkkkkkkkkkkkkkkkkkkkkkkkkkkkkkkkkkkkkkkkkkkkkkkkkkkkkkkkkkkkkk â¤ï¸,25,0.2263
240,"4:00  Ñƒ Ğ½Ğ°Ñ Ñ Ğ”Ğ¶Ğ¸Ğ½Ğ¾Ğ¼ ÑĞµĞ¼ĞµĞ¹Ğ½Ğ¾Ğµ - Ğ¿ÑƒÑ‚Ğ°Ñ‚ÑŒ ÑÑ‚Ğ¾Ñ€Ğ¾Ğ½Ñ‹ğŸ˜‚
4:00 Gene and I have a family - confuse the partiesğŸ˜‚
4:00  ìœ ì „ìì™€ ë‚˜ëŠ” ê°€ì¡±ì´ìˆë‹¤-íŒŒí‹°ë¥¼ í˜¼ë™ ì‹œí‚¤ì‹­ì‹œì˜¤ğŸ˜‚",0,0.2263
178,"2:58: Jungkook is insane in his bridge part ğŸ”¥ğŸ”¥ğŸ”¥ I just keep thinking he's like a wild animal, a leopard - his movements are smooth yet so powerful. His leather jacket ans his hair also adds to his hotness. Srl how can this be the same person with our adorable bunny off stage ğŸ˜¢",52,-0.3987
12,0:12 drone ta tak kiro plastik kresek cuk,0,0.2263
46,0:46 Namjoon ATTACKED that drone lmaoooooo,1,-0.5766
202,3:22 salfok ke pesawat terbang :'v +62,1,0.2263
203,3:23 just jungkook passing by..,13,0.2263
200,"3:20 the best part ğŸ˜ 
I like it ğŸ’œ",1,0.9313
278,"4:38  How tired they are ... And, as I understand it, it was just a rehearsal, for the whole day they had to repeat everything more than once. Thank you for your work. ( Ğ³ÑƒĞ³Ğ» Ğ¿ĞµÑ€ĞµĞ²Ğ¾Ğ´Ñ‡Ğ¸Ğº Ğ² Ğ´ĞµĞ¹ÑÑ‚Ğ²Ğ¸Ğ¸, Ğ¿Ñ€Ğ¾ÑˆÑƒ Ğ¼ĞµĞ½Ñ Ğ¸Ğ·Ğ²Ğ¸Ğ½Ğ¸Ñ‚ÑŒ Ğ·Ğ° ĞºĞ¾Ñ€ÑĞ²Ğ¾ÑÑ‚ÑŒ)",228,-0.0352
217,3:37 at this moment there no need a dance line all 7 are the best dancers,18,0.4588
197,03:17 Those people cheering got me so so hype for the dance! ILY BTS!,7,0.8755
168,"2:48 
Itu suara bersin bukan sih?",0,0.2263
281,"4:41 I literally thought that drones were cheering by that ""weeeee"" sound",33,0.5106
202,"3:22
Imagine sitting in that airplane and suddenly seeing random boys dance like that.",36,0.3612
279,4:39 even the drone is fangirling,212,0.0
200,3:20 VMIN,14,0.2263
198,3:18 this is VMIN that you want,31,0.0772
178,2:58 ì •êµ­ì•„..ğŸ™ŠğŸ™ŠğŸ™Š,0,0.2263
213,"3:33 I remember when Yoongi had to do a similar move for their Airplane pt. 2 special stage at MAMA 2018. He's improved a lot :"")",33,0.7003
200,3:20 the vmin moment is everything..,41,0.0
209,3:29 vmin sharing a moment of being soulmate..ğŸ’œ,46,0.8979
145,2:25 I think tae got hurt thereğŸ˜¢ğŸ˜¢,0,-0.8625
149,2:29 Jungkook is literally flying what in the worl-,53,0.0
126,2:06 Hoseok smoothly adjusted his shoes was hot.,48,0.0
199,"3:19 that vmin high-five after jimin jumped and before the dance break, they know they're killing it ;)",43,-0.5423
86,"1:26 something hit Tae when hobi walked towards him, what is this vope karma shit happening in this era with yoongi always being around",1,-0.5574
178,"2:58 i didnâ€™t even realize i screamed until my husband said, â€œcome on, itâ€™s 6am! Stop screaming.â€",31,-0.5848
278,4:38 aww j-hope,9,0.2263
178,2:58 that body move,3,0.0
86,"01:26 Taehyung - I do that when I have a bad headache. I hope he's okay, I'm worried but I know they take care of themselves.",202,0.5927
92,"1:32 Ğ¥Ğ¾ÑĞ¾Ğº,Ñ‚Ñ‹ Ğ¸Ğ·Ğ´ĞµĞ²Ğ°ĞµÑˆÑŒÑÑ?",0,0.2263
201,3:21 who else notice the aeroplane,0,0.0
199,3:19 THAT WAS SO CUTE,6,0.7717
200,3:20 - 3:27 only six members get to dance this breakdance? Part but Jin I wonder why :(,0,-0.5927
232,3:52 did Jungkook just... dab?,14,0.2263
145,2:25 V ë¬´ë¦ ã… ã… ã… ã… ã… ã… ã… ã… ,0,0.2263
209,03:29 I need a wider view of Suga & RM hitting that clean ass move frfr,0,-0.2023
198,3:18 *Thank Vmin high five*,4,0.3612
199,3:19 our vimin guyssss,0,0.2263
205,"3:25 Jimin ğŸ”¥ I'm OK ğŸ˜­ğŸ‘ğŸ‘
I can't take my eyes off JiminğŸ’–",1,0.5904
78,1:18 jimins nevermind tattoo,0,0.2263
142,2:22 - 2:27 THERES such a satisfying moving of places.. itâ€™s so smoothğŸ˜,0,0.7414
196,3:16 damn boi,1,0.2263
201,3:21~3:28 look JIMIN Hah....he really breaks the stage,21,0.0
212,3:32 Sugaaaa ğŸ¤—ğŸ¤—ğŸ¤—ğŸ¤—,0,0.2263
178,2:58 The way Jungkook is dancing  to the beat! I can't ;-;ğŸ’œğŸ–¤,48,0.2787
224,"3:44 ì´ˆì¯¤ì— ì§€ë¯¼ì´ ì”¨ìµì›ƒë˜ë…ã…ã…ã…ã…… ë„˜ì–´ì§ˆë»”í–ˆë˜ê±´ê°€? ì™œì›ƒì€ê±´ì§€ ë„˜ê·€ì—¬ìš´ë° ì§„ì§œë©‹ì§€ë‹¤ã…œã…œ
1:14 íŠ¹íˆ ì´ë¶€ë¶„ ë“œë¡ ì´¬ì˜ë³¸ì´ì–´ì„œ ê·¸ë¬ëŠ”ì§€ ì¶¤ì„ ì´ë¼ë“ ê°€ ë™ì‘ì´ ì•ˆë³´ì˜€ëŠ”ë° ë„˜ë©‹ì ¸ã…œã…œã…œã…œ
4:22 ëŠ” ë®¤ë¹„ë‘ ë‹¤ë¥¸ ëŠë‚Œì´ì–´ì„œ ë” êµ¿!
ë¨¸ë“  ì§„ì§œ ì´ë²ˆë°©íƒ„ ë…¸ë˜ ì§„ì§œ ìµœê³ ë‹¤ã…œã…œ ë‹¤ë©‹ì§€ê³ ã…œã…œã…œ",1,0.2263
280,4:40 omg the drone sounds like its celebrating ğŸ˜‚ğŸ˜‚ğŸ˜‚,25,0.9313
202,"3:22 Taehyung's ""WOOHHH!"" Before they started the breakdance lol",40,0.4753
174,"2:54 this part ğŸ˜ I'm in love with this part ğŸ˜ğŸ’œğŸ’œ


AM I THE ONLY ONE ?? ARMIES",13,0.9636
273,4:33 ~ 4:42 they really try so hard.. It hurts me to see them tired like that :(,21,-0.8342
202,"3:22
*Imagine sitting in that airplane and suddenly seeing random boys dance like that*",301,0.3612
224,3:44 ì§€ë¯¼ì´ã…‹ã…‹ã…‹í™‰ì´ë‘ë‘˜ì´ì›ƒëŠ”ê±°ë´,0,0.2263
195,"3:15 gave me a jolt...Jimin looked quite close to JK...ğŸ˜–
But Jimin being him...did itğŸ¤©",48,0.0
225,"3:45 i see you jimin ğŸ˜‚
When you messed up, just smile pls <3 
Our boys are sooo gooodd 
This comeback is daeeebaakkk, fighting â¤ï¸",30,0.5719
155,2:35 walking in age order wow,60,0.2263
144,2:24 Taehyung's professionalismğŸ‘,34,0.0
77,1:17 IS THAT A RIB TATTOO ON JIMIN?,0,0.0
262,4:22 JK's face and body roll...I'm not ok.,0,0.0
200,3:20 hi soulmate,22,0.2263
210,3:30 Dammmnn min sugaaaaaaaa,11,0.2263
205,3:25 Taehyung is adorable and professional at the same time!,2,0.5411
200,3:20 soulmate vmin,17,0.2263
144,2:24-2:26 I'm so Worried about Tae ğŸ˜£,1,-0.4341
278,4:38 canâ€™t imagine how tired they are......Army we should make sure their hard work doesnâ€™t go to waste,177,-0.5859
200,3:20 the vmin hand slap ğŸ¥ºğŸ¥ºğŸ’–ğŸ’–ğŸ’–ğŸ’–,0,0.9825
168,2:48 someone is sneezing ğŸ¤§ ğŸ˜‚,45,0.2263
223,3:43 Jimin's smile after he nearly fell i cant-,3,0.3612
77,"1:17 
Jimin's NEVERMIND tattoo 
Me : ğŸ˜³ğŸ˜³ğŸ˜³ğŸ˜³ğŸ˜³",13,0.2263
125,2:05 look at JHOPEğŸ˜‚ğŸ˜‚ğŸ˜‚,14,0.2263
240,4:00 seok jinğŸ¤«ğŸ¤«ğŸ¤«,0,0.2263
198,3:18 vmin soulmates ğŸ¥ºğŸ’œ,11,0.2263
18,0:18 Joonie and Tae shared a smile before Tae doing his part is just so cute!,91,0.8425
77,1:17 jimin's nevermind tattoo is realğŸ™„,46,0.0
178,2:58 my heart boom boom!,4,0.6696
142,2:22 v falls but still continues the dance. He looks in pain. But he hid it. That's why I love my boys,39,0.1901
17,0:17 lmao that was a close call taeğŸ˜‚ n joon just laugh @ it cuteğŸ˜†,0,0.9423
68,01:08 is it jk full sleeves tattoos showed?,0,0.2263
66,1:06 jiminâ€™s headâ€™s bit slow,0,0.0
19,0:19 Namjoon & Taehyung smiling at each other,21,0.4588
161,2:41 Jungkook so Perfect,34,0.6948
203,"3:23 

Dear plane,
                     Do you even know what's happening below you?",0,0.3818
67,"1:07 
Me : ACCIDENT  RIGHT!! 
Jk : grooving like nothing happened
Me: I wish u guys were in our situation for once 
Also  ME : WELL JIMIN HAS SOME EXPLANATION TO DO ....",32,0.6892
74,"1:14 
The way Jimins moves is so smooth
DAMN BROTHA ğŸ™",39,-0.5735
200,3:20 someone says letâ€™s get it before the dance break. Yes. A whole mood.,26,0.4019
239,3:59 god even the shadows are in one straight line!! we stan a perfect kings,50,0.8065
175,2:55 IM CRYING OH OH WOOOOOOW,7,-0.5904
239,"3:59 Jin got a mistake..but he is improving so much and all of them are..they do deserve all the loves because of there passion to work..to bashers/haters
please do not hate,hate is a strong word
lets not hate lets love  support BTS!ğŸ’œğŸ’œğŸ’",49,0.984
77,1:17 Look at Jimin Did he do tattoo on his body???,1,0.0
142,2:22 poor jiminie it was an accident ğŸ¥ºğŸ’”,1,0.2263
199,3:19 vmin handshakeğŸ‘‹,1,0.2263
184,3:04 LOOK AT THIS LEGS DAAAAAAAAAAAAAMN,65,0.2263
221,3:41 they're starting to love doing that high kicks and shoulder shift ğŸ§,2,0.6369
84,1:24 J hope voice and danceğŸ’˜,18,0.2263
155,2:35 THEY WALKED AWAY IN AGE ORDER!!!!!!,261,0.2263
278,"4:38
Seeing Jhope and Taehyung like this breaks my heart especially knowing that they are working their ass off for us.",87,0.4939
200,3:20ã®ã‚¯ã‚ªã‚ºã«ã‚ãã¾ã—ãŸ,0,0.2263
243,4:03 Jimin's feet movement,4,0.2263
260,4:20 Park Jimin at it again with the accidents,46,-0.3182
50,"0:50 OMG JimiiiniiieğŸ˜.Youuu soooo seeexyyy!!!
3:00
His body lives his lifeğŸ˜",6,0.2263
198,3:18 Vmin,0,0.2263
176,"2:56 Ù‡Ø°Ø§ Ø²ÙˆØ¬ÙŠ Ø§ÙØªØ®Ø± Ø¨ÙŠÙ‡
Ø§Ùˆ Ø§Ù„ÙŠ ÙˆØ±Ø§ ÙˆØ­ÙŠ Ø§Ù„Ø§Ø­Ø·ÙŠØªØ·ÙŠ",1,0.2263
279,4:39 the fact that jhope goes down showing he's tired tells us how much work has gone into this and it makes me sad but also very proud!!!!!!!,103,0.58
224,3:44 jimin nearly to fall  his smile so cute haha,6,0.864
5,"0:05 V's smile is so pure watching Jimin's footwork...
3:19 vmin is everything!!! When you heard and knew the lyrics of ""Friend"".",55,0.7633
273,4:33  Jimin standing like mochi uwu i can't--,1,0.2263
201,3:21 Something tells me and I can sense it that BTS  will bring Band's to their performances  ğŸ˜±,3,-0.7003
202,3:22 ë‘ 4:15 ì—¬ê¸° ì§€ë¯¼ì´ ì¶¤ ë¯¸ì³¤ë‹¤ ã…œ ã„·ã„·ã„·,0,0.2263
201,3:21 SAY THANK YOU BIGHIT,0,0.4995
144,2:24  I really love this part,0,0.6697
224,3:44 jimin so cute,1,0.2263
211,3:31 AH SUGAAA,11,0.2263
67,1:07  3:38 Somebody please make a close-up of JK's shoulder!!!,0,0.4898
199,"3:19

Jimin: game?
Tae: game on!",0,0.0
202,3:22 jimin practically dances to all the beat,110,0.0
254,4:14 YES PLEASE,0,0.2263
200,3:20 TAEHYUNG AND JIMIN,5,0.0
161,"2:41 to 3:10....
Jungkook-aaaahhhhh....ğŸ˜™
I'm in Love this Part...ğŸ’œ",25,0.9442
199,"3:19 look at vmin ""yeah friend lets do it"" kkk
4:22 Mmm.. Jiminie..",32,0.2263
217,3:37 Jin just keeps getting better ğŸ˜¥,79,0.2263
199,3:19 mereka saling memberi support:((,0,0.2263
86,1:26 tae are you okay?,0,0.2263
161,2:41 it kills me,12,0.2263
280,4:40 Hoseok!!! TaeHyung!!! ğŸ˜¶ğŸ˜¶ğŸ˜¶,0,0.2263
200,3:20 and the killing part..,0,-0.6597
199,"3:19 Vmin did handshake 
Vmin did handshake 
Vmin did handshake 
Vmin did handshake 
Vmin did handshake 
why tf are they ALWAYS being loud",2,0.2263
83,1:23 ØµÙˆØª Ø¬ÙŠÙ‡ÙˆÙˆÙˆÙˆÙˆÙˆÙˆØ¨ â¤ï¸â¤ï¸ğŸ˜©ğŸ˜©,1,0.2263
202,"3:22, Ğ¿Ñ€ĞµĞ´ÑÑ‚Ğ°Ğ²Ñ‚Ğµ, ĞºÑ‚Ğ¾ Ğ»ĞµÑ‚Ğ¸Ñ‚ Ğ² Ñ‚Ğ¾Ğ¼ ÑĞ°Ğ¼Ğ¾Ğ»Ñ‘Ñ‚Ğµ Ğ¸ Ğ¼ĞµĞ»ÑŒĞºĞ¾Ğ¼ Ğ²Ğ¸Ğ´Ğ¸Ñ‚ ÑÑ‚Ğ¾ Ğ¿Ğ»Ğ¾Ñ‰Ğ°Ğ´ĞºÑƒ....",1,0.2263
201,3:21 NICE TO FINALLY SEE THE DANCE BREAK IN FULL VIEW ğŸ‘ğŸ»ğŸ‘ğŸ»ğŸ‘ğŸ»,1,0.5473
278,4:38 Jin is hold Tae  jacket so lovely part,16,0.7065
200,"3:20 Jimin and V ""let's get it"" fist bumpğŸ˜­",21,-0.4767
71,1:11 how are they all so damn flexible?????,0,-0.5061
177,2:57 I'm deceased,0,0.2263
144,2:24 taehyung injured his leg :(,37,-0.6808
185,3:05 jikook are really really good dancers,0,0.5379
201,3:21 that's make hurt me,1,0.2263
204,3:24 I saw that smile taehyung ğŸ¥°,5,0.2263
199,3:19 soulmates,7,0.2263
100,1:40 MARRY ME,0,0.2263
198,3:18 hits different when you just got done listening/reading friends by vmin ğŸ˜­ğŸ˜­ğŸ˜­ğŸ’œğŸ’œğŸ’œğŸ’œ,48,0.9118
202,"3:22 an airplane passed 
*at the back*",4,0.0
155,2:35 I just realized that they are all line up from oldest to youngest.,7,0.0
148,2:28 is my favorite part forever,0,0.2263
249,"4:09
Ù…Ø®Ù„ÙŠÙ†Ù‡Ù… ÙŠØ£Ø¯ÙˆÙ‡Ø§ ÙˆØ­Ø¯Ù‡Ù… Ø¹Ø±ÙØªÙ‡Ù… Ù…Ù† Ø­Ø±ÙƒØª ØªØ§ÙŠ Ø§Ù„Ù…Ø­Ø±ÙØ© Ø¨Ø§Ù„Ø£ØºÙ†ÙŠØ© Ø§Ù„Ø±Ø¦ÙŠØ³ÙŠØ© Ø³ÙˆÙ‡Ø§ Ø¨Ø³ Ù‡Ù†Ø§ Ù…Ø§ Ø³ÙˆÙ‡Ø§ ÙŠØ¹Ù†ÙŠ ÙƒØ±Ø±Ùˆ Ø§Ù„Ø±Ù‚ØµØ© Ø¨Ø³ Ø¨Ø¯ÙˆÙ† Ø§Ù„Ø¹Ø±ÙŠØ§Ù†Ø§ØªğŸŒšğŸ’”",17,0.2263
122,"2:02 Hobi and kookie 
has a small conversation did anyone notice??",1,0.0
199,"3:19 jimin and Tae highfive
They rlly r best friends :"")

Unless that was part of the choreography lol



Eh they still best friends <O/

It's rlly like the ""Friends"" song they made its rlly cute and u all should listen to it READ THE LYRICS IT MAKES IT 1000 TIMES MORE CUTER",116,0.9849
212,3:32 LOOK AT HOW JOONIE FLIES! My boy's confidence in dancing has surely increased so much!,168,0.8353
233,3:53 Looks likeâ€œ Black Swanâ€,0,0.2263
199,"3:19 ""YOUR MY SOULMATE""",16,0.2263
28,0:28 i love namjoon voiceğŸ’–ğŸ’–ğŸ’–,0,0.2263
239,3:59 jin's mistake is cute ã… ã… ,2,0.2263
255,"4:15 im sorry i gotta say this, this part reminds me that final part of boom by nct dream when jeno comes to the center lol",0,0.5423
147,2:27 worrwide hensom,0,0.2263
204,3:24 I'll never get enough of this jimin's move,145,0.0
198,3:18 Vmin Goals ğŸ’¯,0,0.2263
178,2:58 i felt that,9,0.0
160,2:40 ilove jungkook's voice,0,0.2263
238,3:58 Jin's cute lil mistake<3<3,13,0.2263
274,4:34 that drone sound at the end got me cackling ğŸ˜‚ and 4:40 another drone fly through skskks,29,0.4404
0,"00:00(Zero O' clock) Lyrics MV
https://youtu.be/FSpwc3Vy6Z0",0,0.0
234,3:54 Jungkook hit the woah,0,0.0
197,"3:17
Jimin: let's do this Buddyâœ‹ğŸ»
V: let's slay it bro âœ‹ğŸ»
ğŸ˜€ğŸ˜ŠğŸ˜",110,0.9509
160,2:40 jungkook la ROMPEâ¤ï¸,1,0.2263
83,1:23 THAT WAS SO FREAKING CLEANğŸ˜»,30,0.4371
200,3:20 vmin tell us we are soulmates ğŸ’œğŸ’œğŸ’œ,0,0.9274
78,"1:18 
if you look at taekook, at this moment, you know that you're about to die.",1,-0.5994
200,3:20 VMIN DOING THEIR THANG,0,0.2263
199,3:19 OMG VminğŸ’œ,1,0.2263
199,3:19 love this soulmates so much,0,0.6369
86,1:26 did Chimchim make a mistake in the choreography?,0,-0.34
54,0:54 jungkook looks like fighting to an insect to that flying object ğŸ˜‚,1,0.4404
199,"3:19 why i very love then friendship Vmin.........ğŸ’•



Love you BTSğŸ’œ",23,0.9696
160,2:40  *let's appreciate jungkook angelic voice*,78,0.2263
200,3:20 soulmate :  3 nation,0,0.2263
155,2:35 omfg its from Jin the eldest to the youngest/maknae JK,51,0.3885
200,3:20 vmin!!!!!,0,0.2263
200,"3:20 VMIN ğŸ˜ğŸ˜ğŸ˜ğŸ˜­ğŸ˜­ğŸ˜­
ë©‹ì§€ê³ ..ì•„ë¦„ë‹µê³ ..ìë‘ìŠ¤ëŸ½ê³ ..
ì•ˆíƒ€ê¹ê³ ..ğŸ˜­ğŸ˜­ğŸ˜­ğŸ˜­ğŸ˜­ğŸ’œ",0,0.2263
199,"3:19
Jhtaji 
Jh..ta..ji..ğŸ˜‚ğŸ˜‚ğŸ˜‚ğŸ˜‚ğŸ˜‚ğŸ˜‚
J-hope... TAE... jimin",0,0.2263
200,3:20 I'm dying â˜ ï¸â˜ ï¸â˜ ï¸â˜ ï¸,9,0.2263
199,3:19 Vmin intensifies,0,0.2263
196,3:16 jimin do it so good..,0,0.2263
145,2:25 tae bby are you alrightğŸ˜¥,0,0.431
240,"04:00 omg Jin, for a moment maybe he forgot his dance lol =)) so cute =))",5,0.7264
191,3:11 I'm waiting for Jimin jumpingggg,0,0.2263
102,1:42 how can someone be so cute and smol and manly at the same time,48,0.5949
160,2:40 Jungkook voice is perfect and you are so beautiful. I admire your Jungkook voice.,57,0.9194
198,"3:18 is this a part of choreography or just vmin thing....I love their friendship.
*VMIN SOULMATES*",106,0.7964
85,"1:25 .. yoongi mode on.
.
.
. 
J - hooooooooopppeeeeeeee!!!!!!!!!!",0,0.2263
199,3:19 95 liner's UwU,0,0.0
155,2:35 the line is forom oldest to the youngest.,2,0.0
78,1:18 just look. I hope I don't get demonized.,0,0.2263
145,2:25ì— í˜¹ì‹œ...íƒœí˜•ì”¨ ë„˜ì–´ì§„ê±´ê°€ìš”? ì¤‘ì‹¬ì„ ì ê¹ ëª»ì¡ëŠ”ë°...ë‹¤ì¹œê±´ê°€ìš”?,0,0.2263
160,2:40 I Love jungkook's voice,73,0.2263
238,"3:58 Jin did a little mistake, but itâ€™s so uwu",0,-0.1415
238,"3:58
Look at jin OMG SO CUTE",38,0.2263
178,2:58 Jungkoooooooook,54,0.2263
239,3:59 JIN'S CUTE MISTAKEğŸ˜™ğŸ˜™,65,0.9325
166,2:46 man's choked hjmself...but like in a submissive way.....Oof ğŸ˜©ğŸ˜—ğŸ˜ğŸ‘…,0,-0.0772
138,2:18 looked like Jin got powers and put the 3 members in slow motion? Lol,22,0.6486
240,4:00 is it jin got wrong?ğŸ˜­,0,0.2263
199,3:19 â€œVMIN BROTHERS!â€,21,0.2263
199,3:19 soulmates <3,0,0.2263
220,"3:40

Boy With Luv, anyone?",0,0.0
163,"2:43
THIS IS ILLEGAL! 
JUNGKOOK IS KILLING IT!
DAMN YOU BOI",38,0.2263
247,4:07 quer jogar fi do peido kkk socorro,0,0.2263
256,4:16 - the SYNCHRONISATION- you heard me yes the efforts they made,24,0.4019
140,2:20 Taehyung be careful!,0,0.2244
159,"2:39
JungkoooooookğŸ¥ºğŸ¥ºğŸ¥ºğŸ¥ºğŸ¥ºğŸ¥ºâ¤",6,0.2263
200,03:20 this was EVERYTHING.,0,0.0
74,"1:14 - 1:19, ugh puh-lease, this synchronization can kill me",0,-0.8176
239,"3:59
_Jinnie's cute lil mistake UwU_",18,0.2263
144,2:24 is Taehyung alright??,1,0.3313
72,1:12 LIITTTLEE MIN YOONGI,1,0.2263
115,"1:55
The plane in the backğŸ˜‚",1,0.4404
75,1:15 HOW DO THEY MOVE THAT FAST. I can't even blink that fast..,87,0.0
125,2:05 hobi ğŸ¤£ğŸ˜,1,0.2263
71,1:11 my god jungkook,0,0.2263
67,1:07 guess jungkook learnt from jimin's accidents!,45,-0.3802
199,3:19 MAAAAAAN,2,0.2263
78,"1:18
THE NEVERMIND TATTOO",93,0.2263
100,1:40 cute moment â˜ºï¸â˜ºï¸â˜ºï¸ğŸ’œğŸ’œğŸ’œ,1,0.2263
199,3:19 vauv jimin and taehyung hand shaking and thats so hot,99,0.3612
78,1:18 Jiminâ€™s tattoo peaking,91,0.2263
122,2:02 yoongi walk walk walk is so adorable,7,0.2263
75,1:15-1:20 this part are so satisfying to watch!!,0,0.6652
6,"0:06 
Wait..what?",0,0.0
